epoch,train_loss,step,val_loss
0,75534.21875,1,
0,57093.75390625,3,
0,46989.03125,5,
0,41117.69140625,7,
0,32027.1875,9,
0,25573.62890625,11,
0,25760.1171875,13,
0,22581.578125,15,
0,19853.2421875,17,
0,19376.390625,19,
0,18646.408203125,21,
0,21008.49609375,23,
0,17622.04296875,25,
0,17698.751953125,27,
0,16888.373046875,29,
0,15735.140625,31,
0,14219.306640625,33,
0,15149.072265625,35,
0,16972.8671875,37,
0,15819.0126953125,39,
0,15191.19921875,41,
0,15776.697265625,43,
0,14410.8544921875,45,
0,14670.119140625,47,
0,14743.5712890625,49,
0,13936.7421875,51,
0,12940.49609375,53,
0,13724.12890625,55,
0,15838.4716796875,57,
0,16180.43359375,59,
0,13452.779296875,61,
0,12442.8974609375,63,
0,14511.0966796875,65,
0,12038.255859375,67,
0,12862.5380859375,69,
0,13028.32421875,71,
0,15945.7099609375,73,
0,15570.66015625,75,
0,14206.794921875,77,
0,13174.3203125,79,
0,13984.24609375,81,
0,13721.458984375,83,
0,12855.716796875,85,
0,12360.1328125,87,
0,11597.900390625,89,
0,11853.9130859375,91,
0,11327.6435546875,93,
0,11956.779296875,95,
0,10669.640625,97,
0,14479.02734375,99,
0,10416.275390625,101,
0,10918.8984375,103,
0,12239.880859375,105,
0,9946.96484375,107,
0,11655.896484375,109,
0,10687.830078125,111,
0,10027.6669921875,113,
0,10789.4091796875,115,
0,11535.970703125,117,
0,11975.5927734375,119,
0,11096.84375,121,
0,10080.912109375,123,
0,10407.0712890625,125,
0,8946.87890625,127,
0,11749.494140625,129,
0,12970.568359375,131,
0,12195.9287109375,133,
0,10414.197265625,135,
0,10343.8466796875,137,
0,10834.3623046875,139,
0,9795.0859375,141,
0,12330.8330078125,143,
0,10567.615234375,145,
0,9771.93359375,147,
0,9168.701171875,149,
0,8987.2109375,151,
0,9120.345703125,153,
0,8221.953125,155,
0,12049.9697265625,157,
0,8799.0078125,159,
0,9799.4482421875,161,
0,9682.451171875,163,
0,10158.4462890625,165,
0,8741.220703125,167,
0,8983.8818359375,169,
0,10882.447265625,171,
0,10779.0224609375,173,
0,9286.5546875,175,
0,8886.638671875,177,
0,11966.12109375,179,
0,9617.435546875,181,
0,8322.3359375,183,
0,9539.8125,185,
0,9592.3212890625,187,
0,10935.068359375,189,
0,10454.67578125,191,
0,,192,9789.2919921875
1,9795.125,193,
1,10366.666015625,195,
1,10951.2041015625,197,
1,9861.7734375,199,
1,9225.4423828125,201,
1,8889.728515625,203,
1,11141.7119140625,205,
1,11145.3349609375,207,
1,9451.96484375,209,
1,10652.6513671875,211,
1,10386.8544921875,213,
1,9791.009765625,215,
1,9648.56640625,217,
1,9033.6357421875,219,
1,8060.87548828125,221,
1,7600.5791015625,223,
1,11178.947265625,225,
1,8203.318359375,227,
1,8799.296875,229,
1,9387.796875,231,
1,9645.634765625,233,
1,9180.6162109375,235,
1,7979.5234375,237,
1,8475.34765625,239,
1,8751.1904296875,241,
1,8374.0615234375,243,
1,9116.966796875,245,
1,8623.7333984375,247,
1,8892.484375,249,
1,10230.3330078125,251,
1,9007.23046875,253,
1,9441.4052734375,255,
1,8633.541015625,257,
1,8802.2587890625,259,
1,8791.1865234375,261,
1,9182.08984375,263,
1,7800.79345703125,265,
1,8635.1865234375,267,
1,8287.52734375,269,
1,7678.47021484375,271,
1,8847.95703125,273,
1,8696.25390625,275,
1,7280.7607421875,277,
1,8971.986328125,279,
1,7226.015625,281,
1,9259.85546875,283,
1,8108.5517578125,285,
1,9186.6826171875,287,
1,10495.38671875,289,
1,8472.6201171875,291,
1,8588.1474609375,293,
1,8133.21484375,295,
1,8129.865234375,297,
1,8919.7734375,299,
1,7369.1728515625,301,
1,8441.4345703125,303,
1,8646.509765625,305,
1,8918.201171875,307,
1,8107.67578125,309,
1,8112.8759765625,311,
1,8695.703125,313,
1,8920.615234375,315,
1,8020.1064453125,317,
1,9225.11328125,319,
1,8473.53515625,321,
1,8075.103515625,323,
1,8147.7001953125,325,
1,8222.013671875,327,
1,6340.2255859375,329,
1,8814.6474609375,331,
1,7161.6396484375,333,
1,10341.1591796875,335,
1,8657.91796875,337,
1,7996.17333984375,339,
1,7310.0234375,341,
1,7478.3984375,343,
1,7252.607421875,345,
1,9189.4248046875,347,
1,8098.93896484375,349,
1,7740.1142578125,351,
1,8111.513671875,353,
1,7827.64404296875,355,
1,7240.82568359375,357,
1,7029.56103515625,359,
1,6320.333984375,361,
1,9185.70703125,363,
1,6430.9990234375,365,
1,7467.18115234375,367,
1,9086.30078125,369,
1,7841.5390625,371,
1,7323.27294921875,373,
1,6888.5673828125,375,
1,7610.2900390625,377,
1,7153.20556640625,379,
1,6901.64404296875,381,
1,6653.80078125,383,
1,8284.1787109375,385,
1,,385,7542.26416015625
2,6547.3076171875,387,
2,7714.9599609375,389,
2,6830.953125,391,
2,7051.51171875,393,
2,6946.8017578125,395,
2,7879.29248046875,397,
2,7503.2294921875,399,
2,7452.412109375,401,
2,7158.494140625,403,
2,7590.978515625,405,
2,7456.705078125,407,
2,8218.9208984375,409,
2,7182.54296875,411,
2,8262.171875,413,
2,6825.9326171875,415,
2,6961.814453125,417,
2,7340.59765625,419,
2,7065.5439453125,421,
2,8565.0498046875,423,
2,6873.2060546875,425,
2,7292.7314453125,427,
2,7163.12353515625,429,
2,7079.30908203125,431,
2,6226.23046875,433,
2,6777.08984375,435,
2,7941.9716796875,437,
2,7292.3671875,439,
2,6462.02587890625,441,
2,8034.5576171875,443,
2,7491.431640625,445,
2,6265.12451171875,447,
2,6852.04248046875,449,
2,7242.974609375,451,
2,7719.3154296875,453,
2,6984.9892578125,455,
2,6638.5107421875,457,
2,6132.130859375,459,
2,8011.0009765625,461,
2,6781.99267578125,463,
2,7118.77001953125,465,
2,9425.248046875,467,
2,6757.080078125,469,
2,6999.5771484375,471,
2,6723.927734375,473,
2,6598.09765625,475,
2,5503.11181640625,477,
2,7707.51318359375,479,
2,6836.7900390625,481,
2,6126.29541015625,483,
2,8185.96826171875,485,
2,7110.55029296875,487,
2,6775.40087890625,489,
2,6122.62255859375,491,
2,7059.18359375,493,
2,5885.15185546875,495,
2,6207.66015625,497,
2,6833.71923828125,499,
2,7550.5458984375,501,
2,6151.48828125,503,
2,6849.28662109375,505,
2,7115.9599609375,507,
2,6527.2314453125,509,
2,6151.7841796875,511,
2,6788.0537109375,513,
2,7586.79736328125,515,
2,7882.021484375,517,
2,7119.63818359375,519,
2,6572.8701171875,521,
2,5798.59228515625,523,
2,6227.42724609375,525,
2,6074.65771484375,527,
2,7180.61962890625,529,
2,7146.8193359375,531,
2,7515.6103515625,533,
2,5978.41796875,535,
2,5907.44482421875,537,
2,8571.2490234375,539,
2,6055.16552734375,541,
2,7175.2568359375,543,
2,8227.849609375,545,
2,7301.9296875,547,
2,7226.8798828125,549,
2,5966.22607421875,551,
2,7343.7587890625,553,
2,6475.24951171875,555,
2,7998.0634765625,557,
2,6109.7392578125,559,
2,5786.10986328125,561,
2,7701.6669921875,563,
2,7266.46826171875,565,
2,5627.45849609375,567,
2,5421.578125,569,
2,7791.6650390625,571,
2,6529.8505859375,573,
2,6948.3798828125,575,
2,7396.50146484375,577,
2,,578,6400.98974609375
3,7957.42431640625,579,
3,6178.79833984375,581,
3,6177.1923828125,583,
3,6432.67041015625,585,
3,6753.5947265625,587,
3,6794.6904296875,589,
3,5422.00146484375,591,
3,6325.162109375,593,
3,5128.810546875,595,
3,6231.5234375,597,
3,5773.36865234375,599,
3,6252.47509765625,601,
3,7808.404296875,603,
3,6968.2509765625,605,
3,6487.38720703125,607,
3,6068.0654296875,609,
3,6241.1884765625,611,
3,5945.9375,613,
3,6438.337890625,615,
3,6101.98193359375,617,
3,6365.5966796875,619,
3,5831.05224609375,621,
3,6833.79296875,623,
3,6368.39306640625,625,
3,5913.84375,627,
3,7774.3232421875,629,
3,5043.52783203125,631,
3,6911.7060546875,633,
3,6041.5322265625,635,
3,5600.669921875,637,
3,5410.38232421875,639,
3,5827.39208984375,641,
3,7889.7373046875,643,
3,6323.9208984375,645,
3,6795.0234375,647,
3,6489.18896484375,649,
3,6852.490234375,651,
3,6192.9951171875,653,
3,7150.18896484375,655,
3,6418.6044921875,657,
3,6559.04736328125,659,
3,5965.451171875,661,
3,5284.42138671875,663,
3,5591.3359375,665,
3,6420.392578125,667,
3,7350.86767578125,669,
3,6037.3359375,671,
3,5987.19287109375,673,
3,6995.4560546875,675,
3,6678.427734375,677,
3,5786.3505859375,679,
3,5854.58447265625,681,
3,6313.11962890625,683,
3,6858.7734375,685,
3,6107.7890625,687,
3,5802.78564453125,689,
3,5582.41943359375,691,
3,6123.14990234375,693,
3,6006.07177734375,695,
3,7414.013671875,697,
3,7243.30029296875,699,
3,6006.5712890625,701,
3,6982.60693359375,703,
3,5445.26953125,705,
3,5806.302734375,707,
3,5795.36474609375,709,
3,6686.1826171875,711,
3,5230.4013671875,713,
3,5411.451171875,715,
3,5661.5458984375,717,
3,6614.5458984375,719,
3,6339.8935546875,721,
3,7423.29541015625,723,
3,8275.0380859375,725,
3,5454.041015625,727,
3,5997.880859375,729,
3,5698.8828125,731,
3,5966.1708984375,733,
3,5241.962890625,735,
3,5794.58984375,737,
3,5443.1923828125,739,
3,8426.74609375,741,
3,6819.484375,743,
3,6175.662109375,745,
3,6168.31982421875,747,
3,6666.80419921875,749,
3,6383.50927734375,751,
3,4950.01025390625,753,
3,5921.34765625,755,
3,5868.0078125,757,
3,6868.9111328125,759,
3,5620.77490234375,761,
3,7169.84228515625,763,
3,6577.5517578125,765,
3,7425.2607421875,767,
3,5739.4296875,769,
3,7413.86279296875,771,
3,,771,6055.21435546875
4,7048.140625,773,
4,6941.12841796875,775,
4,6102.7998046875,777,
4,5518.94287109375,779,
4,6850.14892578125,781,
4,5935.0634765625,783,
4,5851.5068359375,785,
4,5668.056640625,787,
4,5316.7001953125,789,
4,6387.5009765625,791,
4,5884.23828125,793,
4,5985.1650390625,795,
4,6498.6748046875,797,
4,7496.37548828125,799,
4,6439.8369140625,801,
4,6027.9765625,803,
4,5635.27734375,805,
4,5429.9951171875,807,
4,6120.0791015625,809,
4,6774.47607421875,811,
4,6342.31982421875,813,
4,5623.642578125,815,
4,6029.4189453125,817,
4,5384.666015625,819,
4,4553.98974609375,821,
4,6556.783203125,823,
4,5950.67822265625,825,
4,6330.5703125,827,
4,5845.59521484375,829,
4,5532.685546875,831,
4,6353.97265625,833,
4,6896.68505859375,835,
4,5971.4111328125,837,
4,5417.546875,839,
4,7368.51171875,841,
4,5698.0517578125,843,
4,5626.9443359375,845,
4,5809.12109375,847,
4,5884.37158203125,849,
4,6234.94140625,851,
4,6383.31640625,853,
4,5656.7060546875,855,
4,6621.86328125,857,
4,6282.9306640625,859,
4,5306.876953125,861,
4,5966.494140625,863,
4,6962.52734375,865,
4,5468.9765625,867,
4,6435.7861328125,869,
4,5060.7197265625,871,
4,5730.12353515625,873,
4,5921.583984375,875,
4,5903.93408203125,877,
4,5349.9365234375,879,
4,6401.32421875,881,
4,6279.2685546875,883,
4,5283.140625,885,
4,5236.8212890625,887,
4,5148.2548828125,889,
4,5562.6240234375,891,
4,5590.61083984375,893,
4,7227.04833984375,895,
4,5561.9873046875,897,
4,5489.650390625,899,
4,5522.03857421875,901,
4,6633.86279296875,903,
4,4957.1103515625,905,
4,5510.9970703125,907,
4,5840.3359375,909,
4,4995.712890625,911,
4,6236.67236328125,913,
4,5816.27490234375,915,
4,4932.11572265625,917,
4,5250.482421875,919,
4,5580.591796875,921,
4,5696.623046875,923,
4,5451.9267578125,925,
4,5071.705078125,927,
4,5412.01904296875,929,
4,5314.81640625,931,
4,7389.92578125,933,
4,5115.0556640625,935,
4,5917.49609375,937,
4,5373.71240234375,939,
4,6505.0380859375,941,
4,4974.5732421875,943,
4,5948.29052734375,945,
4,4971.1123046875,947,
4,6066.0810546875,949,
4,5521.33984375,951,
4,6349.734375,953,
4,5930.86669921875,955,
4,5845.6875,957,
4,5430.67724609375,959,
4,5292.01513671875,961,
4,5706.7587890625,963,
4,,964,5607.70556640625
5,5247.6650390625,965,
5,6160.7041015625,967,
5,5447.66552734375,969,
5,4964.75048828125,971,
5,5973.30419921875,973,
5,6119.208984375,975,
5,5115.8681640625,977,
5,5829.74072265625,979,
5,5412.13037109375,981,
5,6722.42822265625,983,
5,5188.81201171875,985,
5,5630.38671875,987,
5,6238.205078125,989,
5,5281.6669921875,991,
5,5503.03955078125,993,
5,4878.95751953125,995,
5,6259.4169921875,997,
5,5093.80517578125,999,
5,4897.3330078125,1001,
5,5096.986328125,1003,
5,5126.22998046875,1005,
5,5649.923828125,1007,
5,5804.33984375,1009,
5,4975.7861328125,1011,
5,5209.92236328125,1013,
5,4896.82763671875,1015,
5,6532.27685546875,1017,
5,6441.4033203125,1019,
5,5713.7216796875,1021,
5,5772.443359375,1023,
5,5830.994140625,1025,
5,5832.6572265625,1027,
5,5579.3115234375,1029,
5,5912.212890625,1031,
5,5635.490234375,1033,
5,5951.0029296875,1035,
5,6236.8349609375,1037,
5,5304.001953125,1039,
5,5858.2529296875,1041,
5,5273.7275390625,1043,
5,5358.1708984375,1045,
5,5340.916015625,1047,
5,6326.23046875,1049,
5,5961.400390625,1051,
5,5725.509765625,1053,
5,7180.82861328125,1055,
5,5701.8984375,1057,
5,5286.748046875,1059,
5,5409.4482421875,1061,
5,5391.2685546875,1063,
5,4702.93212890625,1065,
5,5331.67724609375,1067,
5,5384.5498046875,1069,
5,5230.86083984375,1071,
5,5189.228515625,1073,
5,5295.4697265625,1075,
5,6266.6630859375,1077,
5,5261.201171875,1079,
5,4830.6103515625,1081,
5,4851.4130859375,1083,
5,5526.826171875,1085,
5,5744.37841796875,1087,
5,5141.990234375,1089,
5,5506.56884765625,1091,
5,4891.64990234375,1093,
5,5837.529296875,1095,
5,4266.47265625,1097,
5,5761.5859375,1099,
5,5239.12255859375,1101,
5,5625.32421875,1103,
5,6107.8935546875,1105,
5,5687.34130859375,1107,
5,5705.8203125,1109,
5,6044.5830078125,1111,
5,5207.21923828125,1113,
5,5205.572265625,1115,
5,5838.72900390625,1117,
5,5502.01220703125,1119,
5,6041.1123046875,1121,
5,5322.0576171875,1123,
5,4636.87890625,1125,
5,5725.6318359375,1127,
5,5773.63818359375,1129,
5,5434.8466796875,1131,
5,6403.88916015625,1133,
5,5622.43896484375,1135,
5,5363.76806640625,1137,
5,5190.04541015625,1139,
5,6867.76171875,1141,
5,5625.83984375,1143,
5,5169.0283203125,1145,
5,4861.1279296875,1147,
5,5304.7705078125,1149,
5,4615.52490234375,1151,
5,6372.53173828125,1153,
5,5978.2041015625,1155,
5,7270.68994140625,1157,
5,,1157,5370.27880859375
6,6007.3818359375,1159,
6,6374.4716796875,1161,
6,6048.4208984375,1163,
6,4313.603515625,1165,
6,4973.658203125,1167,
6,6050.20263671875,1169,
6,5636.30322265625,1171,
6,5350.90869140625,1173,
6,6845.24609375,1175,
6,5486.97119140625,1177,
6,5037.673828125,1179,
6,4934.365234375,1181,
6,5728.501953125,1183,
6,5774.4658203125,1185,
6,4726.89501953125,1187,
6,5770.25390625,1189,
6,5576.4375,1191,
6,4028.74755859375,1193,
6,6072.7265625,1195,
6,5619.41015625,1197,
6,5207.59375,1199,
6,5235.3935546875,1201,
6,5260.8154296875,1203,
6,5431.154296875,1205,
6,5171.3193359375,1207,
6,5299.830078125,1209,
6,7356.154296875,1211,
6,6629.3828125,1213,
6,5365.3837890625,1215,
6,5568.0869140625,1217,
6,5615.83837890625,1219,
6,4946.228515625,1221,
6,5012.1826171875,1223,
6,5107.57666015625,1225,
6,5470.37841796875,1227,
6,5612.8876953125,1229,
6,5305.1044921875,1231,
6,7044.498046875,1233,
6,5837.3017578125,1235,
6,5755.0068359375,1237,
6,5283.5712890625,1239,
6,5534.498046875,1241,
6,5570.287109375,1243,
6,5101.048828125,1245,
6,5087.755859375,1247,
6,4505.1669921875,1249,
6,5532.47021484375,1251,
6,4653.32421875,1253,
6,5111.4091796875,1255,
6,5300.2568359375,1257,
6,5541.11572265625,1259,
6,5393.70654296875,1261,
6,6380.8759765625,1263,
6,5630.091796875,1265,
6,6342.9521484375,1267,
6,5348.00341796875,1269,
6,4822.095703125,1271,
6,4636.51318359375,1273,
6,5088.5732421875,1275,
6,4888.703125,1277,
6,5499.716796875,1279,
6,5801.666015625,1281,
6,6053.75439453125,1283,
6,4212.83349609375,1285,
6,5685.3203125,1287,
6,5192.12890625,1289,
6,6104.4169921875,1291,
6,4826.3681640625,1293,
6,4567.74755859375,1295,
6,4810.00048828125,1297,
6,6009.5517578125,1299,
6,4420.0029296875,1301,
6,5708.19091796875,1303,
6,4449.2119140625,1305,
6,5391.60546875,1307,
6,5939.25439453125,1309,
6,5519.13671875,1311,
6,6788.8369140625,1313,
6,5030.8662109375,1315,
6,5557.09521484375,1317,
6,5435.29248046875,1319,
6,5085.23681640625,1321,
6,5144.52099609375,1323,
6,5204.75,1325,
6,4742.5732421875,1327,
6,5434.4541015625,1329,
6,5539.10498046875,1331,
6,5198.45361328125,1333,
6,4816.9677734375,1335,
6,5015.515625,1337,
6,4935.02099609375,1339,
6,6928.8056640625,1341,
6,4859.5576171875,1343,
6,5595.1611328125,1345,
6,5724.8583984375,1347,
6,4590.9033203125,1349,
6,,1350,5237.68115234375
7,5105.0595703125,1351,
7,5380.6484375,1353,
7,5080.564453125,1355,
7,5779.005859375,1357,
7,5165.189453125,1359,
7,5847.85498046875,1361,
7,4731.5400390625,1363,
7,6155.625,1365,
7,5038.7490234375,1367,
7,4858.43798828125,1369,
7,5275.3544921875,1371,
7,5914.484375,1373,
7,5139.703125,1375,
7,4272.01953125,1377,
7,4446.126953125,1379,
7,4763.7216796875,1381,
7,5679.3671875,1383,
7,4616.326171875,1385,
7,5441.392578125,1387,
7,4546.244140625,1389,
7,4923.56787109375,1391,
7,4931.517578125,1393,
7,5565.4326171875,1395,
7,5418.8037109375,1397,
7,4821.00146484375,1399,
7,5156.6640625,1401,
7,5209.94921875,1403,
7,4654.30078125,1405,
7,5426.9111328125,1407,
7,5379.759765625,1409,
7,5649.51513671875,1411,
7,5159.9560546875,1413,
7,5426.859375,1415,
7,4882.85791015625,1417,
7,6946.3017578125,1419,
7,4477.08251953125,1421,
7,4953.12109375,1423,
7,4831.4677734375,1425,
7,6063.9306640625,1427,
7,4478.033203125,1429,
7,5146.7138671875,1431,
7,4749.24462890625,1433,
7,4898.169921875,1435,
7,4285.712890625,1437,
7,4973.0361328125,1439,
7,5153.943359375,1441,
7,5990.7548828125,1443,
7,5452.3212890625,1445,
7,5237.25439453125,1447,
7,4708.5654296875,1449,
7,4645.3466796875,1451,
7,5170.4912109375,1453,
7,5343.333984375,1455,
7,5640.119140625,1457,
7,4885.43359375,1459,
7,5226.3125,1461,
7,5691.16650390625,1463,
7,4618.5,1465,
7,5475.6240234375,1467,
7,6039.31201171875,1469,
7,5025.4462890625,1471,
7,5616.6435546875,1473,
7,4654.41259765625,1475,
7,5645.48095703125,1477,
7,4496.2783203125,1479,
7,5038.20849609375,1481,
7,6185.6513671875,1483,
7,5867.1064453125,1485,
7,5571.013671875,1487,
7,4165.57080078125,1489,
7,5058.345703125,1491,
7,4582.9150390625,1493,
7,5876.3251953125,1495,
7,4763.57421875,1497,
7,5680.1328125,1499,
7,4608.6259765625,1501,
7,6012.1875,1503,
7,4158.64697265625,1505,
7,4554.443359375,1507,
7,5463.6240234375,1509,
7,5423.02734375,1511,
7,5800.28466796875,1513,
7,4907.375,1515,
7,4061.673583984375,1517,
7,4789.28271484375,1519,
7,5183.9013671875,1521,
7,6022.8642578125,1523,
7,5059.65478515625,1525,
7,4929.255859375,1527,
7,5405.42578125,1529,
7,5376.9560546875,1531,
7,4982.626953125,1533,
7,4450.7158203125,1535,
7,4758.8408203125,1537,
7,5532.876953125,1539,
7,5524.62841796875,1541,
7,4230.42236328125,1543,
7,,1543,5152.458984375
8,5390.173828125,1545,
8,5552.654296875,1547,
8,5260.33203125,1549,
8,6007.27734375,1551,
8,6292.5400390625,1553,
8,5200.58544921875,1555,
8,6213.57177734375,1557,
8,5517.31591796875,1559,
8,5419.923828125,1561,
8,4545.0087890625,1563,
8,5122.638671875,1565,
8,6134.115234375,1567,
8,5796.7783203125,1569,
8,4057.28271484375,1571,
8,5608.3271484375,1573,
8,4498.6337890625,1575,
8,4762.7587890625,1577,
8,4985.7119140625,1579,
8,4639.2431640625,1581,
8,4765.001953125,1583,
8,4939.205078125,1585,
8,5798.736328125,1587,
8,5088.98291015625,1589,
8,5241.623046875,1591,
8,7074.279296875,1593,
8,5672.1845703125,1595,
8,4673.0751953125,1597,
8,5173.27197265625,1599,
8,5469.24169921875,1601,
8,4412.77734375,1603,
8,5524.9990234375,1605,
8,4919.3212890625,1607,
8,4697.67578125,1609,
8,5132.34765625,1611,
8,5137.7197265625,1613,
8,5276.81982421875,1615,
8,5267.29931640625,1617,
8,4473.5888671875,1619,
8,5446.0625,1621,
8,4589.166015625,1623,
8,4336.8564453125,1625,
8,4724.966796875,1627,
8,6142.4775390625,1629,
8,4615.310546875,1631,
8,4126.57373046875,1633,
8,4475.38671875,1635,
8,4741.38623046875,1637,
8,5006.8984375,1639,
8,4779.234375,1641,
8,4867.6025390625,1643,
8,4640.7890625,1645,
8,4790.4404296875,1647,
8,6560.8896484375,1649,
8,5350.01611328125,1651,
8,5188.06689453125,1653,
8,3961.75146484375,1655,
8,5712.9033203125,1657,
8,4754.83447265625,1659,
8,5198.365234375,1661,
8,4766.9140625,1663,
8,5564.099609375,1665,
8,4785.2138671875,1667,
8,4558.99951171875,1669,
8,6163.048828125,1671,
8,5581.40625,1673,
8,5491.7392578125,1675,
8,5325.533203125,1677,
8,4022.85302734375,1679,
8,6632.380859375,1681,
8,5216.291015625,1683,
8,5427.126953125,1685,
8,5188.5263671875,1687,
8,4838.01171875,1689,
8,4974.98095703125,1691,
8,5273.345703125,1693,
8,4501.6123046875,1695,
8,5106.0361328125,1697,
8,5207.662109375,1699,
8,5077.826171875,1701,
8,4829.02294921875,1703,
8,5110.10791015625,1705,
8,5273.5283203125,1707,
8,4482.81787109375,1709,
8,5701.634765625,1711,
8,4700.03515625,1713,
8,4769.4267578125,1715,
8,4275.267578125,1717,
8,5333.2373046875,1719,
8,4422.29443359375,1721,
8,4568.49365234375,1723,
8,4428.0419921875,1725,
8,4026.63330078125,1727,
8,5107.61279296875,1729,
8,5208.31640625,1731,
8,4946.07958984375,1733,
8,4593.3828125,1735,
8,,1736,5102.90771484375
9,5336.306640625,1737,
9,4910.3984375,1739,
9,5128.52734375,1741,
9,5296.13671875,1743,
9,5759.49658203125,1745,
9,4585.8427734375,1747,
9,4755.6953125,1749,
9,4932.087890625,1751,
9,5202.5361328125,1753,
9,5096.4541015625,1755,
9,4814.6904296875,1757,
9,4158.1240234375,1759,
9,5196.10693359375,1761,
9,3840.53857421875,1763,
9,5492.044921875,1765,
9,4639.37890625,1767,
9,4991.4072265625,1769,
9,4735.39013671875,1771,
9,4706.37451171875,1773,
9,4857.45849609375,1775,
9,4723.36328125,1777,
9,5379.001953125,1779,
9,4648.70703125,1781,
9,5605.029296875,1783,
9,5348.83203125,1785,
9,4564.173828125,1787,
9,4906.78466796875,1789,
9,6232.392578125,1791,
9,4092.8720703125,1793,
9,4407.1181640625,1795,
9,4859.79443359375,1797,
9,5304.58837890625,1799,
9,6119.072265625,1801,
9,4507.1064453125,1803,
9,5116.201171875,1805,
9,4416.67236328125,1807,
9,5180.080078125,1809,
9,4773.17626953125,1811,
9,4300.6640625,1813,
9,4153.576171875,1815,
9,4603.451171875,1817,
9,4254.3505859375,1819,
9,4612.86376953125,1821,
9,4806.0224609375,1823,
9,5265.5283203125,1825,
9,4805.037109375,1827,
9,5506.6337890625,1829,
9,5274.2861328125,1831,
9,5127.86083984375,1833,
9,5709.4287109375,1835,
9,4803.501953125,1837,
9,5090.84716796875,1839,
9,5478.26025390625,1841,
9,7121.748046875,1843,
9,4589.98291015625,1845,
9,5065.1494140625,1847,
9,5047.55224609375,1849,
9,5169.51708984375,1851,
9,4255.0771484375,1853,
9,4466.12890625,1855,
9,4190.708984375,1857,
9,4627.58056640625,1859,
9,4569.67333984375,1861,
9,4656.115234375,1863,
9,3627.968994140625,1865,
9,5064.2119140625,1867,
9,4891.193359375,1869,
9,4127.9638671875,1871,
9,6081.1611328125,1873,
9,6443.8720703125,1875,
9,4723.685546875,1877,
9,6313.84619140625,1879,
9,6686.2294921875,1881,
9,4084.489013671875,1883,
9,4913.482421875,1885,
9,5595.3212890625,1887,
9,5081.83984375,1889,
9,5429.71484375,1891,
9,4765.4404296875,1893,
9,5136.78271484375,1895,
9,5766.98681640625,1897,
9,4840.65625,1899,
9,5093.2119140625,1901,
9,5123.7333984375,1903,
9,5519.34814453125,1905,
9,4508.84130859375,1907,
9,5319.455078125,1909,
9,4506.4716796875,1911,
9,5073.88525390625,1913,
9,5393.8349609375,1915,
9,4960.20703125,1917,
9,5352.4052734375,1919,
9,5569.99609375,1921,
9,4333.6103515625,1923,
9,4429.802734375,1925,
9,5216.6669921875,1927,
9,5746.46484375,1929,
9,,1929,4938.11376953125
10,4097.330078125,1931,
10,4694.919921875,1933,
10,4891.39404296875,1935,
10,4917.3916015625,1937,
10,5403.943359375,1939,
10,4771.6435546875,1941,
10,5147.49951171875,1943,
10,4946.86767578125,1945,
10,4659.2958984375,1947,
10,3571.157958984375,1949,
10,4540.70654296875,1951,
10,4926.5732421875,1953,
10,5353.86767578125,1955,
10,4906.419921875,1957,
10,5531.4521484375,1959,
10,4682.77734375,1961,
10,5133.93310546875,1963,
10,4239.54541015625,1965,
10,5535.4501953125,1967,
10,5563.21240234375,1969,
10,4931.62158203125,1971,
10,4634.68212890625,1973,
10,4630.7744140625,1975,
10,5998.5595703125,1977,
10,5139.693359375,1979,
10,4699.046875,1981,
10,5502.39111328125,1983,
10,5431.310546875,1985,
10,4805.533203125,1987,
10,5103.384765625,1989,
10,5192.60009765625,1991,
10,4544.75244140625,1993,
10,5448.60400390625,1995,
10,5218.79345703125,1997,
10,5493.880859375,1999,
10,5104.44921875,2001,
10,4721.486328125,2003,
10,4318.220703125,2005,
10,6422.318359375,2007,
10,5001.5517578125,2009,
10,5597.7509765625,2011,
10,5042.17626953125,2013,
10,4950.22265625,2015,
10,5630.4111328125,2017,
10,4811.69921875,2019,
10,4330.46240234375,2021,
10,4061.104248046875,2023,
10,5174.4619140625,2025,
10,5009.583984375,2027,
10,5115.12255859375,2029,
10,4789.361328125,2031,
10,4164.48583984375,2033,
10,4637.390625,2035,
10,5154.28125,2037,
10,4597.072265625,2039,
10,4376.046875,2041,
10,4477.9853515625,2043,
10,5587.1328125,2045,
10,5256.0830078125,2047,
10,5115.333984375,2049,
10,5000.45166015625,2051,
10,4152.00634765625,2053,
10,4187.86572265625,2055,
10,5018.78515625,2057,
10,4660.48193359375,2059,
10,5366.92333984375,2061,
10,4882.1748046875,2063,
10,5214.7353515625,2065,
10,4804.27099609375,2067,
10,4880.697265625,2069,
10,4851.27685546875,2071,
10,5598.130859375,2073,
10,5298.5751953125,2075,
10,4743.0634765625,2077,
10,4533.6259765625,2079,
10,5604.982421875,2081,
10,4854.2080078125,2083,
10,4868.1025390625,2085,
10,4519.1591796875,2087,
10,4366.689453125,2089,
10,4764.39599609375,2091,
10,4424.498046875,2093,
10,5256.78564453125,2095,
10,5089.56640625,2097,
10,4784.8046875,2099,
10,4255.0341796875,2101,
10,4607.75390625,2103,
10,5578.806640625,2105,
10,4727.55029296875,2107,
10,5378.43359375,2109,
10,4319.4814453125,2111,
10,4052.27197265625,2113,
10,5320.939453125,2115,
10,4489.4091796875,2117,
10,4641.85595703125,2119,
10,5874.759765625,2121,
10,,2122,4872.81103515625
11,4620.8310546875,2123,
11,4964.82666015625,2125,
11,5035.5703125,2127,
11,5427.69970703125,2129,
11,4950.744140625,2131,
11,5584.1083984375,2133,
11,4144.1015625,2135,
11,5149.6650390625,2137,
11,4348.2001953125,2139,
11,4695.9052734375,2141,
11,5005.4228515625,2143,
11,5009.35595703125,2145,
11,4570.7919921875,2147,
11,4326.68359375,2149,
11,5006.7724609375,2151,
11,5636.0166015625,2153,
11,5336.43603515625,2155,
11,4649.7548828125,2157,
11,5404.2109375,2159,
11,5569.54296875,2161,
11,6224.9892578125,2163,
11,4496.875,2165,
11,5337.197265625,2167,
11,5337.18603515625,2169,
11,4440.5244140625,2171,
11,5150.92626953125,2173,
11,5656.5400390625,2175,
11,4862.61328125,2177,
11,4561.48876953125,2179,
11,4298.60986328125,2181,
11,5208.3642578125,2183,
11,4406.21826171875,2185,
11,4647.580078125,2187,
11,4708.646484375,2189,
11,4476.71337890625,2191,
11,3834.22509765625,2193,
11,4243.0517578125,2195,
11,4547.55615234375,2197,
11,4415.78369140625,2199,
11,4865.7880859375,2201,
11,6099.359375,2203,
11,4206.9794921875,2205,
11,4728.5419921875,2207,
11,5035.46533203125,2209,
11,4654.017578125,2211,
11,5390.474609375,2213,
11,4640.43017578125,2215,
11,4365.4072265625,2217,
11,4867.7890625,2219,
11,4367.033203125,2221,
11,4566.095703125,2223,
11,4621.1943359375,2225,
11,5191.1171875,2227,
11,4779.548828125,2229,
11,5097.314453125,2231,
11,5257.3583984375,2233,
11,4968.1689453125,2235,
11,5134.49169921875,2237,
11,4978.6884765625,2239,
11,5255.9189453125,2241,
11,4562.21337890625,2243,
11,4348.5625,2245,
11,4958.4912109375,2247,
11,5026.68359375,2249,
11,5734.0244140625,2251,
11,5185.97216796875,2253,
11,5966.36962890625,2255,
11,4496.423828125,2257,
11,4633.0205078125,2259,
11,5259.578125,2261,
11,4341.96142578125,2263,
11,4136.5908203125,2265,
11,4732.8291015625,2267,
11,4563.3818359375,2269,
11,5251.5302734375,2271,
11,4221.69580078125,2273,
11,5060.0927734375,2275,
11,4714.3798828125,2277,
11,4866.71630859375,2279,
11,4580.54931640625,2281,
11,5382.220703125,2283,
11,5684.671875,2285,
11,5646.2001953125,2287,
11,3625.87646484375,2289,
11,5413.3251953125,2291,
11,5035.58251953125,2293,
11,4360.1689453125,2295,
11,4597.79150390625,2297,
11,4182.8896484375,2299,
11,4578.259765625,2301,
11,4485.5947265625,2303,
11,4672.21826171875,2305,
11,5267.25390625,2307,
11,5890.9990234375,2309,
11,4903.24609375,2311,
11,4347.2451171875,2313,
11,2755.33837890625,2315,
11,,2315,4995.67578125
12,4050.45849609375,2317,
12,4435.63818359375,2319,
12,5561.87548828125,2321,
12,4481.474609375,2323,
12,4873.466796875,2325,
12,4754.0888671875,2327,
12,4178.4658203125,2329,
12,5101.388671875,2331,
12,5078.287109375,2333,
12,4169.40625,2335,
12,4860.7490234375,2337,
12,4579.78759765625,2339,
12,4305.357421875,2341,
12,4595.5859375,2343,
12,4743.82421875,2345,
12,5477.13232421875,2347,
12,4985.8076171875,2349,
12,4099.0693359375,2351,
12,4228.0166015625,2353,
12,5606.5712890625,2355,
12,4639.5234375,2357,
12,4811.3330078125,2359,
12,4409.85888671875,2361,
12,4161.8046875,2363,
12,5291.2705078125,2365,
12,4185.9150390625,2367,
12,4731.6494140625,2369,
12,5134.2578125,2371,
12,4469.2412109375,2373,
12,4659.4580078125,2375,
12,4582.31591796875,2377,
12,4445.865234375,2379,
12,4225.4599609375,2381,
12,4934.44384765625,2383,
12,4435.6044921875,2385,
12,4237.85546875,2387,
12,4584.18115234375,2389,
12,4617.662109375,2391,
12,5523.13720703125,2393,
12,5057.7060546875,2395,
12,4771.4716796875,2397,
12,5823.91552734375,2399,
12,4930.52099609375,2401,
12,4927.4931640625,2403,
12,5691.2763671875,2405,
12,5486.4873046875,2407,
12,4782.439453125,2409,
12,4255.236328125,2411,
12,4753.8212890625,2413,
12,5788.140625,2415,
12,4243.1357421875,2417,
12,4755.529296875,2419,
12,4970.48779296875,2421,
12,5322.34228515625,2423,
12,4496.130859375,2425,
12,4167.658203125,2427,
12,4847.873046875,2429,
12,5208.4912109375,2431,
12,5353.8515625,2433,
12,5637.4638671875,2435,
12,5276.96240234375,2437,
12,5595.6181640625,2439,
12,4894.328125,2441,
12,3821.828125,2443,
12,5007.86328125,2445,
12,4686.2685546875,2447,
12,4710.98583984375,2449,
12,4517.197265625,2451,
12,5048.4658203125,2453,
12,4870.1435546875,2455,
12,4517.47021484375,2457,
12,4895.822265625,2459,
12,6778.2373046875,2461,
12,5021.6904296875,2463,
12,4820.5390625,2465,
12,4859.49951171875,2467,
12,4038.61083984375,2469,
12,4671.21337890625,2471,
12,5393.3291015625,2473,
12,4429.18701171875,2475,
12,4505.6162109375,2477,
12,4011.6474609375,2479,
12,4434.7841796875,2481,
12,4569.4677734375,2483,
12,4402.0634765625,2485,
12,5083.3388671875,2487,
12,4614.48681640625,2489,
12,4696.58056640625,2491,
12,5634.546875,2493,
12,4739.45556640625,2495,
12,5514.23291015625,2497,
12,4755.80859375,2499,
12,4640.7890625,2501,
12,3756.85107421875,2503,
12,4268.1337890625,2505,
12,5101.9912109375,2507,
12,,2508,4813.71826171875
13,4650.6884765625,2509,
13,4900.705078125,2511,
13,5113.6552734375,2513,
13,5072.15625,2515,
13,4733.580078125,2517,
13,4906.87841796875,2519,
13,4382.109375,2521,
13,4160.50830078125,2523,
13,4232.71044921875,2525,
13,5327.53955078125,2527,
13,4396.33935546875,2529,
13,4437.6669921875,2531,
13,4922.81787109375,2533,
13,4934.45068359375,2535,
13,4468.47509765625,2537,
13,4301.84423828125,2539,
13,4626.728515625,2541,
13,4597.490234375,2543,
13,6229.693359375,2545,
13,4734.44580078125,2547,
13,4148.67041015625,2549,
13,4343.23876953125,2551,
13,5521.7763671875,2553,
13,4450.5966796875,2555,
13,5030.6611328125,2557,
13,4070.77880859375,2559,
13,4973.33837890625,2561,
13,4848.7509765625,2563,
13,5141.28076171875,2565,
13,5067.1015625,2567,
13,4501.1474609375,2569,
13,5045.41015625,2571,
13,5029.86767578125,2573,
13,4982.7587890625,2575,
13,4308.83544921875,2577,
13,4770.201171875,2579,
13,4706.060546875,2581,
13,4959.091796875,2583,
13,4081.0693359375,2585,
13,4533.00048828125,2587,
13,4490.0947265625,2589,
13,4173.98193359375,2591,
13,4588.8662109375,2593,
13,5689.00537109375,2595,
13,5672.93212890625,2597,
13,4733.6796875,2599,
13,4147.498046875,2601,
13,5099.0810546875,2603,
13,5611.826171875,2605,
13,4919.505859375,2607,
13,6122.185546875,2609,
13,5233.705078125,2611,
13,4596.05859375,2613,
13,5052.56103515625,2615,
13,4393.615234375,2617,
13,4688.6416015625,2619,
13,5152.85986328125,2621,
13,4790.89892578125,2623,
13,4198.5830078125,2625,
13,4726.69921875,2627,
13,5353.576171875,2629,
13,4769.6328125,2631,
13,3905.00244140625,2633,
13,4302.162109375,2635,
13,4693.81689453125,2637,
13,5404.09130859375,2639,
13,5141.3828125,2641,
13,5363.560546875,2643,
13,4821.818359375,2645,
13,4666.6611328125,2647,
13,5039.552734375,2649,
13,4775.12890625,2651,
13,5061.3427734375,2653,
13,4472.06787109375,2655,
13,4702.20654296875,2657,
13,5294.126953125,2659,
13,5057.1845703125,2661,
13,5062.9150390625,2663,
13,4815.9248046875,2665,
13,4368.4296875,2667,
13,3785.69287109375,2669,
13,5351.158203125,2671,
13,4692.01171875,2673,
13,4453.4814453125,2675,
13,3856.05859375,2677,
13,4023.857177734375,2679,
13,6106.9033203125,2681,
13,4507.98876953125,2683,
13,4522.091796875,2685,
13,4339.1259765625,2687,
13,5204.63916015625,2689,
13,4666.3720703125,2691,
13,5299.91015625,2693,
13,4790.884765625,2695,
13,4176.49072265625,2697,
13,4283.734375,2699,
13,7146.4169921875,2701,
13,,2701,4857.27978515625
14,4784.14306640625,2703,
14,4579.125,2705,
14,4381.65771484375,2707,
14,5213.1044921875,2709,
14,4238.7392578125,2711,
14,4625.4853515625,2713,
14,4781.4169921875,2715,
14,5557.94091796875,2717,
14,4458.91796875,2719,
14,5906.9287109375,2721,
14,4785.861328125,2723,
14,5420.615234375,2725,
14,5066.69140625,2727,
14,4101.9267578125,2729,
14,4454.02783203125,2731,
14,4128.62451171875,2733,
14,5574.0078125,2735,
14,4188.7587890625,2737,
14,4384.36328125,2739,
14,5888.712890625,2741,
14,3859.2646484375,2743,
14,4886.65625,2745,
14,4890.34716796875,2747,
14,3761.662109375,2749,
14,4915.5732421875,2751,
14,4261.1455078125,2753,
14,4471.6005859375,2755,
14,5783.54833984375,2757,
14,4794.392578125,2759,
14,4773.9423828125,2761,
14,5493.54296875,2763,
14,5857.71630859375,2765,
14,4958.7275390625,2767,
14,4482.482421875,2769,
14,4113.4755859375,2771,
14,4379.568359375,2773,
14,4069.64697265625,2775,
14,4395.779296875,2777,
14,3813.20068359375,2779,
14,4375.42578125,2781,
14,4516.33447265625,2783,
14,4890.1767578125,2785,
14,4199.0615234375,2787,
14,4459.662109375,2789,
14,4858.2685546875,2791,
14,3490.76513671875,2793,
14,4852.044921875,2795,
14,4590.5068359375,2797,
14,5089.23095703125,2799,
14,4448.8134765625,2801,
14,5172.880859375,2803,
14,5074.2265625,2805,
14,4800.9716796875,2807,
14,4234.68359375,2809,
14,4699.67919921875,2811,
14,4705.7939453125,2813,
14,4632.5166015625,2815,
14,4211.3037109375,2817,
14,4935.81640625,2819,
14,5108.54248046875,2821,
14,4077.5966796875,2823,
14,5490.43994140625,2825,
14,4616.09814453125,2827,
14,5339.310546875,2829,
14,4754.6884765625,2831,
14,4969.5068359375,2833,
14,4124.8330078125,2835,
14,3644.30126953125,2837,
14,5220.953125,2839,
14,4251.048828125,2841,
14,4407.7607421875,2843,
14,4991.8037109375,2845,
14,4501.70849609375,2847,
14,4794.466796875,2849,
14,4885.1162109375,2851,
14,5198.92041015625,2853,
14,4373.7529296875,2855,
14,3903.507080078125,2857,
14,5437.7509765625,2859,
14,4182.0751953125,2861,
14,3946.02099609375,2863,
14,5171.53759765625,2865,
14,4432.9248046875,2867,
14,4637.6943359375,2869,
14,5846.4931640625,2871,
14,4984.8388671875,2873,
14,4350.81103515625,2875,
14,5750.875,2877,
14,5000.00048828125,2879,
14,4763.18359375,2881,
14,4472.41357421875,2883,
14,4360.60693359375,2885,
14,4424.4794921875,2887,
14,4813.0322265625,2889,
14,5021.609375,2891,
14,5675.4365234375,2893,
14,,2894,4969.818359375
15,5191.54150390625,2895,
15,6369.798828125,2897,
15,5021.4140625,2899,
15,5762.19970703125,2901,
15,4759.185546875,2903,
15,5246.1357421875,2905,
15,4487.9150390625,2907,
15,4783.9775390625,2909,
15,4202.69921875,2911,
15,5097.12109375,2913,
15,4478.24951171875,2915,
15,4977.6982421875,2917,
15,5154.6240234375,2919,
15,4698.830078125,2921,
15,4682.974609375,2923,
15,4913.05029296875,2925,
15,4244.140625,2927,
15,4248.994140625,2929,
15,4847.61767578125,2931,
15,4145.48974609375,2933,
15,3985.68701171875,2935,
15,4413.69140625,2937,
15,4449.8544921875,2939,
15,5732.10546875,2941,
15,4155.2607421875,2943,
15,4250.71875,2945,
15,5516.8583984375,2947,
15,5205.529296875,2949,
15,4827.75927734375,2951,
15,4527.4775390625,2953,
15,4087.941162109375,2955,
15,3844.953125,2957,
15,5509.2607421875,2959,
15,4658.060546875,2961,
15,4353.552734375,2963,
15,4645.50244140625,2965,
15,4863.05712890625,2967,
15,4231.14111328125,2969,
15,4615.27880859375,2971,
15,4838.42822265625,2973,
15,4481.51171875,2975,
15,5499.7392578125,2977,
15,5235.39404296875,2979,
15,5050.47265625,2981,
15,5775.6279296875,2983,
15,4640.24267578125,2985,
15,4887.9189453125,2987,
15,4075.68310546875,2989,
15,5133.259765625,2991,
15,4098.513671875,2993,
15,4596.046875,2995,
15,4190.181640625,2997,
15,4710.76318359375,2999,
15,4774.32421875,3001,
15,5321.0595703125,3003,
15,4179.44140625,3005,
15,4935.4892578125,3007,
15,4904.73779296875,3009,
15,4939.4765625,3011,
15,4810.36279296875,3013,
15,5126.794921875,3015,
15,4425.18212890625,3017,
15,5161.91357421875,3019,
15,5478.2587890625,3021,
15,3876.190673828125,3023,
15,4223.724609375,3025,
15,4639.05078125,3027,
15,4294.92578125,3029,
15,4448.02587890625,3031,
15,4821.78564453125,3033,
15,4453.9990234375,3035,
15,4797.67724609375,3037,
15,4323.70654296875,3039,
15,4903.77490234375,3041,
15,4843.9013671875,3043,
15,4552.85888671875,3045,
15,5599.6181640625,3047,
15,4108.4541015625,3049,
15,4523.25830078125,3051,
15,3766.9697265625,3053,
15,4815.90576171875,3055,
15,4435.1474609375,3057,
15,4299.2392578125,3059,
15,5272.96044921875,3061,
15,4373.416015625,3063,
15,5732.732421875,3065,
15,4202.83203125,3067,
15,4501.86083984375,3069,
15,4717.54248046875,3071,
15,4991.20849609375,3073,
15,4677.11083984375,3075,
15,4395.2578125,3077,
15,4545.107421875,3079,
15,3921.041259765625,3081,
15,4287.4658203125,3083,
15,4555.44384765625,3085,
15,3725.43017578125,3087,
15,,3087,4774.16455078125
16,4630.7255859375,3089,
16,4335.970703125,3091,
16,4327.345703125,3093,
16,4652.669921875,3095,
16,4735.06982421875,3097,
16,4715.1103515625,3099,
16,4866.5791015625,3101,
16,4451.771484375,3103,
16,4909.30712890625,3105,
16,4604.83984375,3107,
16,5054.78759765625,3109,
16,4472.46923828125,3111,
16,3982.5146484375,3113,
16,4276.2939453125,3115,
16,4546.93603515625,3117,
16,3947.802734375,3119,
16,5302.369140625,3121,
16,4135.3076171875,3123,
16,5351.87890625,3125,
16,4554.333984375,3127,
16,4748.3251953125,3129,
16,4019.085205078125,3131,
16,3970.114501953125,3133,
16,4499.99462890625,3135,
16,5712.4091796875,3137,
16,4307.783203125,3139,
16,4423.3388671875,3141,
16,5031.361328125,3143,
16,5037.6279296875,3145,
16,4384.5849609375,3147,
16,4260.39453125,3149,
16,4282.66845703125,3151,
16,4922.55859375,3153,
16,4722.50244140625,3155,
16,4521.42578125,3157,
16,4971.861328125,3159,
16,4804.90966796875,3161,
16,4275.58203125,3163,
16,4018.252197265625,3165,
16,5078.10205078125,3167,
16,4580.9736328125,3169,
16,4604.025390625,3171,
16,5353.7001953125,3173,
16,4309.9248046875,3175,
16,4734.01171875,3177,
16,4284.8349609375,3179,
16,4449.34228515625,3181,
16,4725.10888671875,3183,
16,4562.92236328125,3185,
16,4043.53125,3187,
16,4299.1181640625,3189,
16,5780.1220703125,3191,
16,5063.4169921875,3193,
16,4355.36328125,3195,
16,3502.10595703125,3197,
16,4747.625,3199,
16,4526.66650390625,3201,
16,4989.91064453125,3203,
16,4683.35546875,3205,
16,4096.8603515625,3207,
16,4786.4423828125,3209,
16,4125.904296875,3211,
16,4753.53466796875,3213,
16,3625.563720703125,3215,
16,3546.64990234375,3217,
16,4733.6845703125,3219,
16,5369.66259765625,3221,
16,4655.625,3223,
16,4549.9697265625,3225,
16,4639.416015625,3227,
16,4698.3525390625,3229,
16,4733.53271484375,3231,
16,4375.326171875,3233,
16,4845.51708984375,3235,
16,4312.564453125,3237,
16,4527.52392578125,3239,
16,5062.35009765625,3241,
16,4870.76025390625,3243,
16,4232.80419921875,3245,
16,4579.244140625,3247,
16,4329.0244140625,3249,
16,4099.931640625,3251,
16,4528.18408203125,3253,
16,4958.958984375,3255,
16,4137.66162109375,3257,
16,5050.06103515625,3259,
16,4429.958984375,3261,
16,4522.0322265625,3263,
16,5043.1806640625,3265,
16,4165.490234375,3267,
16,5305.1962890625,3269,
16,4644.01513671875,3271,
16,4553.4150390625,3273,
16,5252.7421875,3275,
16,4159.5908203125,3277,
16,4246.310546875,3279,
16,,3280,4643.2734375
17,5393.2734375,3281,
17,4954.33203125,3283,
17,4391.20361328125,3285,
17,4556.93359375,3287,
17,4082.4951171875,3289,
17,4710.5615234375,3291,
17,5305.7158203125,3293,
17,3768.600341796875,3295,
17,4230.37060546875,3297,
17,5754.728515625,3299,
17,4449.5703125,3301,
17,4120.2373046875,3303,
17,4844.9033203125,3305,
17,3866.884521484375,3307,
17,4585.1083984375,3309,
17,4791.27783203125,3311,
17,5425.2734375,3313,
17,5748.9228515625,3315,
17,4873.1484375,3317,
17,4637.1162109375,3319,
17,4947.64794921875,3321,
17,4622.076171875,3323,
17,4678.6025390625,3325,
17,4760.775390625,3327,
17,4196.869140625,3329,
17,4309.8642578125,3331,
17,4666.8876953125,3333,
17,4230.7607421875,3335,
17,4970.8271484375,3337,
17,4089.642333984375,3339,
17,4256.04443359375,3341,
17,4670.470703125,3343,
17,4730.63330078125,3345,
17,4275.826171875,3347,
17,4443.623046875,3349,
17,4740.62890625,3351,
17,4454.72119140625,3353,
17,4207.009765625,3355,
17,4522.4267578125,3357,
17,4482.24169921875,3359,
17,4340.77734375,3361,
17,3849.76318359375,3363,
17,4166.68505859375,3365,
17,4425.4697265625,3367,
17,4401.84033203125,3369,
17,5192.763671875,3371,
17,4169.5654296875,3373,
17,4071.1474609375,3375,
17,3756.85107421875,3377,
17,4699.20361328125,3379,
17,4534.83203125,3381,
17,4024.91552734375,3383,
17,4225.93505859375,3385,
17,5664.953125,3387,
17,3983.65576171875,3389,
17,6015.99267578125,3391,
17,5044.8916015625,3393,
17,4487.58984375,3395,
17,3784.88525390625,3397,
17,3996.568359375,3399,
17,4557.56591796875,3401,
17,4135.251953125,3403,
17,5451.90966796875,3405,
17,5063.017578125,3407,
17,5034.27490234375,3409,
17,6100.39990234375,3411,
17,4466.859375,3413,
17,4810.0107421875,3415,
17,4328.947265625,3417,
17,4336.3017578125,3419,
17,4251.166015625,3421,
17,3992.1328125,3423,
17,5091.482421875,3425,
17,4831.802734375,3427,
17,4480.7314453125,3429,
17,4530.3203125,3431,
17,4486.056640625,3433,
17,4884.54248046875,3435,
17,4959.7861328125,3437,
17,4179.0185546875,3439,
17,4819.271484375,3441,
17,3896.19677734375,3443,
17,4591.9345703125,3445,
17,5472.294921875,3447,
17,4300.474609375,3449,
17,5391.53759765625,3451,
17,4881.97412109375,3453,
17,4691.8046875,3455,
17,4207.16552734375,3457,
17,4896.23046875,3459,
17,3861.1416015625,3461,
17,4901.0,3463,
17,4362.7607421875,3465,
17,5067.078125,3467,
17,4080.923095703125,3469,
17,4659.400390625,3471,
17,5174.57275390625,3473,
17,,3473,4683.60986328125
18,5439.53515625,3475,
18,4052.56005859375,3477,
18,4241.35546875,3479,
18,3660.00927734375,3481,
18,3847.877197265625,3483,
18,5014.22265625,3485,
18,4100.283203125,3487,
18,3860.763427734375,3489,
18,4611.1845703125,3491,
18,4873.9267578125,3493,
18,4773.2431640625,3495,
18,4514.494140625,3497,
18,4935.38720703125,3499,
18,5551.619140625,3501,
18,4764.6328125,3503,
18,5111.5078125,3505,
18,5188.08740234375,3507,
18,4397.728515625,3509,
18,4326.091796875,3511,
18,5005.34765625,3513,
18,4686.98681640625,3515,
18,4940.67333984375,3517,
18,4422.77587890625,3519,
18,3535.042724609375,3521,
18,5399.34765625,3523,
18,4517.3466796875,3525,
18,4856.6982421875,3527,
18,4599.4228515625,3529,
18,5151.560546875,3531,
18,4644.88623046875,3533,
18,4095.44873046875,3535,
18,4554.3330078125,3537,
18,4634.0146484375,3539,
18,5071.8447265625,3541,
18,4458.822265625,3543,
18,6007.1181640625,3545,
18,5011.923828125,3547,
18,3708.00439453125,3549,
18,4582.5546875,3551,
18,4531.95703125,3553,
18,3908.302978515625,3555,
18,4823.22265625,3557,
18,4760.24267578125,3559,
18,4480.00048828125,3561,
18,3852.42919921875,3563,
18,3979.6435546875,3565,
18,4126.5888671875,3567,
18,3866.87060546875,3569,
18,3618.287353515625,3571,
18,4206.8955078125,3573,
18,4234.4755859375,3575,
18,4885.3583984375,3577,
18,4158.060546875,3579,
18,3902.58984375,3581,
18,4360.134765625,3583,
18,3664.50732421875,3585,
18,4385.4541015625,3587,
18,5376.6201171875,3589,
18,4204.6474609375,3591,
18,4727.1162109375,3593,
18,4169.4970703125,3595,
18,4544.2958984375,3597,
18,3980.63525390625,3599,
18,4389.81982421875,3601,
18,4722.388671875,3603,
18,4584.8623046875,3605,
18,5336.25439453125,3607,
18,4330.1640625,3609,
18,5477.62939453125,3611,
18,4364.69140625,3613,
18,3870.882080078125,3615,
18,4854.177734375,3617,
18,4477.38671875,3619,
18,4714.7275390625,3621,
18,4698.08642578125,3623,
18,4112.91552734375,3625,
18,4455.1123046875,3627,
18,4269.287109375,3629,
18,5442.09765625,3631,
18,5375.978515625,3633,
18,5895.8837890625,3635,
18,4609.0380859375,3637,
18,4301.912109375,3639,
18,4593.671875,3641,
18,4850.75732421875,3643,
18,4812.2109375,3645,
18,4689.197265625,3647,
18,4188.501953125,3649,
18,5044.48046875,3651,
18,5051.8837890625,3653,
18,4007.45849609375,3655,
18,4540.7509765625,3657,
18,4756.57373046875,3659,
18,4034.982666015625,3661,
18,4037.50439453125,3663,
18,4000.56103515625,3665,
18,,3666,4568.36376953125
19,4880.95751953125,3667,
19,4814.669921875,3669,
19,4610.42822265625,3671,
19,4075.1884765625,3673,
19,4185.4248046875,3675,
19,4370.88330078125,3677,
19,4637.775390625,3679,
19,3610.68994140625,3681,
19,4621.6591796875,3683,
19,4211.23193359375,3685,
19,3879.0546875,3687,
19,5144.24658203125,3689,
19,5677.2001953125,3691,
19,3671.7060546875,3693,
19,4415.19921875,3695,
19,5852.521484375,3697,
19,4809.18408203125,3699,
19,5330.2197265625,3701,
19,4854.93212890625,3703,
19,5423.25634765625,3705,
19,5029.73681640625,3707,
19,4712.3837890625,3709,
19,4840.9404296875,3711,
19,4835.7119140625,3713,
19,5125.2939453125,3715,
19,4281.57568359375,3717,
19,4267.25390625,3719,
19,5016.71875,3721,
19,4582.7998046875,3723,
19,4561.3984375,3725,
19,4531.703125,3727,
19,3981.661865234375,3729,
19,4295.99560546875,3731,
19,3749.6572265625,3733,
19,4097.921875,3735,
19,4374.52734375,3737,
19,4015.422119140625,3739,
19,5447.16796875,3741,
19,4113.86474609375,3743,
19,4169.44921875,3745,
19,4978.53369140625,3747,
19,4724.38720703125,3749,
19,4294.04150390625,3751,
19,4250.87890625,3753,
19,5021.603515625,3755,
19,4067.6796875,3757,
19,5147.1416015625,3759,
19,4649.20751953125,3761,
19,5643.505859375,3763,
19,4169.18115234375,3765,
19,4273.5654296875,3767,
19,5244.3251953125,3769,
19,4357.7490234375,3771,
19,3906.721435546875,3773,
19,4817.91357421875,3775,
19,5271.0048828125,3777,
19,4340.48046875,3779,
19,4030.6943359375,3781,
19,4440.42431640625,3783,
19,4565.79248046875,3785,
19,4685.19140625,3787,
19,5216.650390625,3789,
19,4476.962890625,3791,
19,3933.9208984375,3793,
19,4047.058837890625,3795,
19,4970.419921875,3797,
19,4357.26220703125,3799,
19,4603.0126953125,3801,
19,4352.5888671875,3803,
19,4253.939453125,3805,
19,4054.102783203125,3807,
19,4177.41796875,3809,
19,4331.52587890625,3811,
19,4935.88037109375,3813,
19,4225.16796875,3815,
19,5103.9345703125,3817,
19,4560.32421875,3819,
19,4151.3916015625,3821,
19,4598.37451171875,3823,
19,4854.904296875,3825,
19,5133.5595703125,3827,
19,4042.0712890625,3829,
19,4305.6416015625,3831,
19,4625.357421875,3833,
19,5237.25537109375,3835,
19,4171.3759765625,3837,
19,4910.16455078125,3839,
19,4681.46533203125,3841,
19,4707.1240234375,3843,
19,4147.22021484375,3845,
19,4642.3564453125,3847,
19,4212.0419921875,3849,
19,4968.0888671875,3851,
19,4387.2392578125,3853,
19,4394.3212890625,3855,
19,4573.3125,3857,
19,3858.744140625,3859,
19,,3859,4559.22607421875
20,5052.5283203125,3861,
20,4242.0869140625,3863,
20,4108.123046875,3865,
20,4579.509765625,3867,
20,4142.49072265625,3869,
20,4540.71044921875,3871,
20,4495.72998046875,3873,
20,3861.174560546875,3875,
20,4626.8876953125,3877,
20,4055.441162109375,3879,
20,4402.5849609375,3881,
20,5001.2197265625,3883,
20,5018.60986328125,3885,
20,4407.3359375,3887,
20,4672.5419921875,3889,
20,5090.724609375,3891,
20,4366.1259765625,3893,
20,5012.048828125,3895,
20,4172.791015625,3897,
20,4419.185546875,3899,
20,5106.4892578125,3901,
20,4477.4033203125,3903,
20,4673.00146484375,3905,
20,3805.8818359375,3907,
20,4128.03173828125,3909,
20,5097.58642578125,3911,
20,4687.43359375,3913,
20,3826.3857421875,3915,
20,4095.861328125,3917,
20,4005.09521484375,3919,
20,5172.1875,3921,
20,5753.693359375,3923,
20,3862.43115234375,3925,
20,3619.836181640625,3927,
20,4616.4150390625,3929,
20,4786.265625,3931,
20,4031.4365234375,3933,
20,4244.7109375,3935,
20,4959.29296875,3937,
20,4344.0390625,3939,
20,4728.30126953125,3941,
20,4602.51806640625,3943,
20,4684.75830078125,3945,
20,5119.130859375,3947,
20,5255.951171875,3949,
20,4439.31298828125,3951,
20,4663.755859375,3953,
20,4487.4443359375,3955,
20,4232.396484375,3957,
20,4143.87744140625,3959,
20,4708.33056640625,3961,
20,3575.0693359375,3963,
20,3782.38623046875,3965,
20,4131.68798828125,3967,
20,4332.6904296875,3969,
20,4363.39990234375,3971,
20,4714.21875,3973,
20,4403.82958984375,3975,
20,4684.076171875,3977,
20,4782.50244140625,3979,
20,5091.66015625,3981,
20,5054.4794921875,3983,
20,4129.70068359375,3985,
20,4150.6025390625,3987,
20,4344.935546875,3989,
20,4503.82373046875,3991,
20,5002.390625,3993,
20,3718.28271484375,3995,
20,4319.025390625,3997,
20,3910.569091796875,3999,
20,4832.689453125,4001,
20,4777.17578125,4003,
20,4415.751953125,4005,
20,4365.4453125,4007,
20,3778.556640625,4009,
20,4363.48828125,4011,
20,4403.6572265625,4013,
20,4627.50390625,4015,
20,4429.6513671875,4017,
20,4422.1923828125,4019,
20,5042.1884765625,4021,
20,4508.39794921875,4023,
20,4591.52392578125,4025,
20,4422.33740234375,4027,
20,4360.40966796875,4029,
20,3738.69921875,4031,
20,4513.810546875,4033,
20,4282.4287109375,4035,
20,4929.509765625,4037,
20,3891.969482421875,4039,
20,5258.4931640625,4041,
20,4387.7119140625,4043,
20,3930.94580078125,4045,
20,4225.74853515625,4047,
20,3976.64599609375,4049,
20,4102.4404296875,4051,
20,,4052,4501.46240234375
21,4371.05126953125,4053,
21,4368.8251953125,4055,
21,4617.9189453125,4057,
21,4775.9453125,4059,
21,4750.81591796875,4061,
21,4814.900390625,4063,
21,4127.37451171875,4065,
21,4045.177978515625,4067,
21,4488.216796875,4069,
21,4110.3115234375,4071,
21,4480.95556640625,4073,
21,4901.32958984375,4075,
21,4578.6376953125,4077,
21,4013.9111328125,4079,
21,4580.7900390625,4081,
21,4825.85302734375,4083,
21,5194.318359375,4085,
21,4551.66357421875,4087,
21,3967.387939453125,4089,
21,3910.27880859375,4091,
21,4365.794921875,4093,
21,4652.6142578125,4095,
21,5352.21875,4097,
21,4346.361328125,4099,
21,3538.1357421875,4101,
21,4218.04736328125,4103,
21,5006.5419921875,4105,
21,4421.41259765625,4107,
21,4629.349609375,4109,
21,4186.3203125,4111,
21,4469.2080078125,4113,
21,4957.11083984375,4115,
21,4797.9482421875,4117,
21,4089.67578125,4119,
21,4586.2626953125,4121,
21,4487.4755859375,4123,
21,5189.8095703125,4125,
21,4191.8837890625,4127,
21,3900.2431640625,4129,
21,4995.7109375,4131,
21,4753.1630859375,4133,
21,4405.31787109375,4135,
21,4135.3759765625,4137,
21,4585.380859375,4139,
21,4526.7724609375,4141,
21,3949.459716796875,4143,
21,4816.03759765625,4145,
21,5198.9619140625,4147,
21,4306.625,4149,
21,4755.2841796875,4151,
21,4851.74267578125,4153,
21,4913.466796875,4155,
21,4263.71240234375,4157,
21,3629.72705078125,4159,
21,4270.232421875,4161,
21,4242.6494140625,4163,
21,4370.9189453125,4165,
21,4383.1357421875,4167,
21,4705.6220703125,4169,
21,5136.0390625,4171,
21,4889.505859375,4173,
21,4319.2578125,4175,
21,4824.8701171875,4177,
21,4690.95263671875,4179,
21,4588.25537109375,4181,
21,3832.662109375,4183,
21,5179.61328125,4185,
21,4941.5625,4187,
21,4913.94189453125,4189,
21,3934.531982421875,4191,
21,4000.484375,4193,
21,4371.9287109375,4195,
21,4602.26171875,4197,
21,4304.3671875,4199,
21,4888.109375,4201,
21,4722.798828125,4203,
21,4356.43359375,4205,
21,4574.2177734375,4207,
21,4041.241455078125,4209,
21,4488.3125,4211,
21,4847.6982421875,4213,
21,4744.39013671875,4215,
21,4532.923828125,4217,
21,4602.326171875,4219,
21,4042.85546875,4221,
21,4369.5576171875,4223,
21,4183.3427734375,4225,
21,4300.6259765625,4227,
21,4868.9423828125,4229,
21,3897.482666015625,4231,
21,4471.20703125,4233,
21,4046.377685546875,4235,
21,4038.737548828125,4237,
21,4211.796875,4239,
21,3966.49462890625,4241,
21,4978.888671875,4243,
21,5740.10546875,4245,
21,,4245,4504.73388671875
22,4213.333984375,4247,
22,3639.905517578125,4249,
22,4489.10791015625,4251,
22,3718.98486328125,4253,
22,5580.8603515625,4255,
22,4120.25439453125,4257,
22,4741.916015625,4259,
22,3945.86474609375,4261,
22,4696.2158203125,4263,
22,4448.8603515625,4265,
22,3976.01611328125,4267,
22,4915.8720703125,4269,
22,5068.9501953125,4271,
22,4992.6376953125,4273,
22,5639.337890625,4275,
22,4832.31396484375,4277,
22,4116.3671875,4279,
22,4678.076171875,4281,
22,4084.822021484375,4283,
22,4151.642578125,4285,
22,4242.62255859375,4287,
22,4733.38232421875,4289,
22,4387.4208984375,4291,
22,4453.912109375,4293,
22,4537.46240234375,4295,
22,4781.984375,4297,
22,4446.14501953125,4299,
22,4403.51806640625,4301,
22,4145.1474609375,4303,
22,4904.04052734375,4305,
22,4531.8896484375,4307,
22,4183.13330078125,4309,
22,4233.970703125,4311,
22,4971.41943359375,4313,
22,4751.56982421875,4315,
22,4670.6103515625,4317,
22,4953.2099609375,4319,
22,3685.27490234375,4321,
22,5053.9892578125,4323,
22,4476.9404296875,4325,
22,5146.80078125,4327,
22,5196.12744140625,4329,
22,4101.67578125,4331,
22,3765.8486328125,4333,
22,4652.43359375,4335,
22,4594.78271484375,4337,
22,4372.9912109375,4339,
22,4142.74755859375,4341,
22,4309.8623046875,4343,
22,4825.2890625,4345,
22,4250.34716796875,4347,
22,4775.513671875,4349,
22,4633.3369140625,4351,
22,4455.1396484375,4353,
22,4824.333984375,4355,
22,3479.0556640625,4357,
22,5049.921875,4359,
22,5036.4833984375,4361,
22,4325.865234375,4363,
22,4405.04248046875,4365,
22,4198.119140625,4367,
22,4278.72998046875,4369,
22,4928.8583984375,4371,
22,4255.466796875,4373,
22,3815.0703125,4375,
22,4661.8408203125,4377,
22,4538.05615234375,4379,
22,3403.014404296875,4381,
22,4490.1015625,4383,
22,4455.70556640625,4385,
22,4598.64892578125,4387,
22,4544.32275390625,4389,
22,4067.09130859375,4391,
22,3974.88720703125,4393,
22,3506.9111328125,4395,
22,3687.55126953125,4397,
22,4113.9755859375,4399,
22,4847.71484375,4401,
22,4448.4755859375,4403,
22,4223.173828125,4405,
22,4549.779296875,4407,
22,4652.5400390625,4409,
22,4733.796875,4411,
22,4855.7880859375,4413,
22,4236.21240234375,4415,
22,3918.4072265625,4417,
22,4809.58642578125,4419,
22,4579.9833984375,4421,
22,4102.0068359375,4423,
22,5128.4140625,4425,
22,3487.073486328125,4427,
22,4353.03515625,4429,
22,4005.965087890625,4431,
22,4957.6005859375,4433,
22,4806.54833984375,4435,
22,3940.23583984375,4437,
22,,4438,4464.943359375
23,3691.1943359375,4439,
23,4564.73046875,4441,
23,4319.4951171875,4443,
23,4540.822265625,4445,
23,4730.8212890625,4447,
23,3851.45654296875,4449,
23,4692.0439453125,4451,
23,3767.03515625,4453,
23,4014.0615234375,4455,
23,3785.88525390625,4457,
23,4986.0263671875,4459,
23,3704.632568359375,4461,
23,3982.46533203125,4463,
23,3822.54345703125,4465,
23,4768.1123046875,4467,
23,4578.95166015625,4469,
23,4167.7802734375,4471,
23,4889.68603515625,4473,
23,4549.63427734375,4475,
23,5134.2822265625,4477,
23,4858.6943359375,4479,
23,3826.12109375,4481,
23,3554.484375,4483,
23,4857.47119140625,4485,
23,4952.9111328125,4487,
23,4519.97265625,4489,
23,4558.2080078125,4491,
23,4119.12060546875,4493,
23,3947.553466796875,4495,
23,4647.65380859375,4497,
23,5040.076171875,4499,
23,4074.267578125,4501,
23,4478.0556640625,4503,
23,4436.021484375,4505,
23,5571.1572265625,4507,
23,4686.3740234375,4509,
23,3590.08837890625,4511,
23,3571.69873046875,4513,
23,4760.0927734375,4515,
23,4134.12646484375,4517,
23,4429.205078125,4519,
23,4541.78173828125,4521,
23,5509.7646484375,4523,
23,4446.23876953125,4525,
23,3876.628662109375,4527,
23,4532.70166015625,4529,
23,5244.64306640625,4531,
23,4282.7236328125,4533,
23,5042.80908203125,4535,
23,3997.873291015625,4537,
23,5247.1474609375,4539,
23,4249.25048828125,4541,
23,4570.0283203125,4543,
23,4287.8134765625,4545,
23,3406.40283203125,4547,
23,3856.1318359375,4549,
23,5278.2744140625,4551,
23,4142.1904296875,4553,
23,4361.208984375,4555,
23,4784.24755859375,4557,
23,5046.43359375,4559,
23,4085.5283203125,4561,
23,5240.5830078125,4563,
23,4166.49609375,4565,
23,4430.4609375,4567,
23,4769.572265625,4569,
23,4510.080078125,4571,
23,4080.121337890625,4573,
23,4567.66015625,4575,
23,4063.596923828125,4577,
23,4464.171875,4579,
23,3975.714111328125,4581,
23,4557.505859375,4583,
23,3899.19091796875,4585,
23,4793.83251953125,4587,
23,3871.551025390625,4589,
23,5367.46728515625,4591,
23,4528.55078125,4593,
23,4762.744140625,4595,
23,4544.64990234375,4597,
23,3654.927978515625,4599,
23,4672.52099609375,4601,
23,5580.23486328125,4603,
23,4694.265625,4605,
23,3802.681640625,4607,
23,4671.6357421875,4609,
23,4666.0439453125,4611,
23,5107.96484375,4613,
23,5276.13623046875,4615,
23,3862.8740234375,4617,
23,4095.21142578125,4619,
23,3917.8310546875,4621,
23,3421.527099609375,4623,
23,4651.26953125,4625,
23,4953.478515625,4627,
23,4536.4345703125,4629,
23,3495.732177734375,4631,
23,,4631,4531.31005859375
24,4214.7275390625,4633,
24,3900.369140625,4635,
24,4477.8173828125,4637,
24,4032.2255859375,4639,
24,4487.0595703125,4641,
24,4496.9990234375,4643,
24,4475.2978515625,4645,
24,3953.205322265625,4647,
24,4521.982421875,4649,
24,3992.66259765625,4651,
24,4038.88916015625,4653,
24,4114.70703125,4655,
24,3828.05078125,4657,
24,4653.060546875,4659,
24,5145.37890625,4661,
24,4468.7802734375,4663,
24,4654.35205078125,4665,
24,3864.47412109375,4667,
24,3863.697021484375,4669,
24,4421.28515625,4671,
24,5432.7509765625,4673,
24,4047.22021484375,4675,
24,5093.671875,4677,
24,3824.75732421875,4679,
24,4056.38671875,4681,
24,4372.4892578125,4683,
24,4306.7158203125,4685,
24,4037.942138671875,4687,
24,4335.74755859375,4689,
24,4410.8935546875,4691,
24,4167.3212890625,4693,
24,4470.1064453125,4695,
24,3950.448974609375,4697,
24,4517.89697265625,4699,
24,3829.291259765625,4701,
24,5098.177734375,4703,
24,4267.984375,4705,
24,4554.60498046875,4707,
24,4488.064453125,4709,
24,5123.5166015625,4711,
24,5161.0439453125,4713,
24,4212.93798828125,4715,
24,3749.8701171875,4717,
24,3852.91357421875,4719,
24,4211.7890625,4721,
24,3806.57080078125,4723,
24,4017.42529296875,4725,
24,3459.544921875,4727,
24,4747.23828125,4729,
24,5153.30224609375,4731,
24,4294.6083984375,4733,
24,4217.6884765625,4735,
24,4727.36474609375,4737,
24,5139.6533203125,4739,
24,4806.91357421875,4741,
24,4035.321533203125,4743,
24,4051.956787109375,4745,
24,4431.2138671875,4747,
24,4651.193359375,4749,
24,4496.36083984375,4751,
24,4510.8271484375,4753,
24,4117.01513671875,4755,
24,4489.94970703125,4757,
24,4367.72705078125,4759,
24,4316.478515625,4761,
24,4819.599609375,4763,
24,4385.9658203125,4765,
24,4438.74560546875,4767,
24,4226.0078125,4769,
24,5138.35205078125,4771,
24,3891.8427734375,4773,
24,4058.95654296875,4775,
24,4683.1484375,4777,
24,4393.533203125,4779,
24,4580.6611328125,4781,
24,3413.6083984375,4783,
24,4306.3095703125,4785,
24,4435.947265625,4787,
24,4370.052734375,4789,
24,3378.043212890625,4791,
24,4873.6806640625,4793,
24,4149.857421875,4795,
24,4563.71875,4797,
24,4789.8037109375,4799,
24,4200.05908203125,4801,
24,4017.91845703125,4803,
24,4624.46044921875,4805,
24,4918.8232421875,4807,
24,4862.6376953125,4809,
24,4745.35595703125,4811,
24,4335.7744140625,4813,
24,4205.1552734375,4815,
24,4568.58642578125,4817,
24,4038.625,4819,
24,4427.07080078125,4821,
24,4919.1884765625,4823,
24,,4824,4476.1162109375
