,Unnamed: 0.12,Unnamed: 0.11,Unnamed: 0.10,Unnamed: 0.9,Unnamed: 0.8,Unnamed: 0.7,Unnamed: 0.6,Unnamed: 0.5,Unnamed: 0.4,Unnamed: 0.3,Unnamed: 0.2,Unnamed: 0.1,Unnamed: 0,ImagePath,ValidationValue
0,0.0,0.0,0.0,0.0,0.0,0.0,0.0,0.0,0.0,0.0,0.0,0.0,,2017_SBU4_01270001,0
1,1.0,1.0,1.0,1.0,1.0,1.0,1.0,1.0,1.0,1.0,1.0,1.0,,2017_SBU4_01270002,0
2,2.0,2.0,2.0,2.0,2.0,2.0,2.0,2.0,2.0,2.0,2.0,2.0,,2017_SBU4_01270003,0
3,3.0,3.0,3.0,3.0,3.0,3.0,3.0,3.0,3.0,3.0,3.0,3.0,,2017_SBU4_01270004,0
4,4.0,4.0,4.0,4.0,4.0,4.0,4.0,4.0,4.0,4.0,4.0,4.0,,2017_SBU4_01270005,0
5,5.0,5.0,5.0,5.0,5.0,5.0,5.0,5.0,5.0,5.0,5.0,5.0,,2017_SBU4_01270006,0
6,6.0,6.0,6.0,6.0,6.0,6.0,6.0,6.0,6.0,6.0,6.0,6.0,,2017_SBU4_01270007,0
7,7.0,7.0,7.0,7.0,7.0,7.0,7.0,7.0,7.0,7.0,7.0,7.0,,2017_SBU4_01280069,0
8,8.0,8.0,8.0,8.0,8.0,8.0,8.0,8.0,8.0,8.0,8.0,8.0,,2017_SBU4_01280070,4
9,9.0,9.0,9.0,9.0,9.0,9.0,9.0,9.0,9.0,9.0,9.0,9.0,,2017_SBU4_01280071,0
10,10.0,10.0,10.0,10.0,10.0,10.0,10.0,10.0,10.0,10.0,10.0,0.0,,2017_SBU4_01280072,0
11,11.0,11.0,11.0,11.0,11.0,11.0,11.0,11.0,11.0,11.0,11.0,1.0,,2017_SBU4_01280073,2
12,12.0,12.0,12.0,12.0,12.0,12.0,12.0,12.0,12.0,12.0,12.0,2.0,,2017_SBU4_01280074,2
13,13.0,13.0,13.0,13.0,13.0,13.0,13.0,13.0,13.0,13.0,13.0,3.0,,2017_SBU4_01280075,1
14,14.0,14.0,14.0,14.0,14.0,14.0,14.0,14.0,14.0,14.0,14.0,4.0,,2017_SBU4_01280076,0
15,15.0,15.0,15.0,15.0,15.0,15.0,15.0,15.0,15.0,15.0,15.0,5.0,,2017_SBU4_01280077,0
16,16.0,16.0,16.0,16.0,16.0,16.0,16.0,16.0,16.0,16.0,16.0,6.0,,2017_SBU4_01280078,0
17,17.0,17.0,17.0,17.0,17.0,17.0,17.0,17.0,17.0,17.0,17.0,7.0,,2017_SBU4_01280079,0
18,18.0,18.0,18.0,18.0,18.0,18.0,18.0,18.0,18.0,18.0,18.0,8.0,,2017_SBU4_01280080,0
19,19.0,19.0,19.0,19.0,19.0,19.0,19.0,19.0,19.0,19.0,19.0,9.0,,2017_SBU4_01280081,0
20,20.0,20.0,20.0,20.0,20.0,20.0,20.0,20.0,20.0,20.0,20.0,0.0,,2017_SBU4_01280082,0
21,21.0,21.0,21.0,21.0,21.0,21.0,21.0,21.0,21.0,21.0,21.0,1.0,,2017_SBU4_01280083,0
22,22.0,22.0,22.0,22.0,22.0,22.0,22.0,22.0,22.0,22.0,22.0,2.0,,2017_SBU4_01280084,0
23,23.0,23.0,23.0,23.0,23.0,23.0,23.0,23.0,23.0,23.0,23.0,3.0,,2017_SBU4_01280085,0
24,24.0,24.0,24.0,24.0,24.0,24.0,24.0,24.0,24.0,24.0,24.0,4.0,,2017_SBU4_01280086,0
25,25.0,25.0,25.0,25.0,25.0,25.0,25.0,25.0,25.0,25.0,25.0,5.0,,2017_SBU4_01280087,0
26,26.0,26.0,26.0,26.0,26.0,26.0,26.0,26.0,26.0,26.0,26.0,6.0,,2017_SBU4_01280088,0
27,27.0,27.0,27.0,27.0,27.0,27.0,27.0,27.0,27.0,27.0,27.0,7.0,,2017_SBU4_01280089,0
28,28.0,28.0,28.0,28.0,28.0,28.0,28.0,28.0,28.0,28.0,28.0,8.0,,2017_SBU4_01280090,0
29,29.0,29.0,29.0,29.0,29.0,29.0,29.0,29.0,29.0,29.0,29.0,9.0,,2017_SBU4_01280091,0
30,30.0,30.0,30.0,30.0,30.0,30.0,30.0,30.0,30.0,30.0,30.0,0.0,,2017_SBU4_01280092,0
31,31.0,31.0,31.0,31.0,31.0,31.0,31.0,31.0,31.0,31.0,31.0,1.0,,2017_SBU4_01280093,0
32,32.0,32.0,32.0,32.0,32.0,32.0,32.0,32.0,32.0,32.0,32.0,2.0,,2017_SBU4_01280094,0
33,33.0,33.0,33.0,33.0,33.0,33.0,33.0,33.0,33.0,33.0,33.0,3.0,,2017_SBU4_01280095,0
34,34.0,34.0,34.0,34.0,34.0,34.0,34.0,34.0,34.0,34.0,34.0,4.0,,2017_SBU4_01280096,0
35,35.0,35.0,35.0,35.0,35.0,35.0,35.0,35.0,35.0,35.0,35.0,5.0,,2017_SBU4_01280097,0
36,36.0,36.0,36.0,36.0,36.0,36.0,36.0,36.0,36.0,36.0,36.0,6.0,,2017_SBU4_01280098,0
37,37.0,37.0,37.0,37.0,37.0,37.0,37.0,37.0,37.0,37.0,37.0,7.0,,2017_SBU4_01280099,0
38,38.0,38.0,38.0,38.0,38.0,38.0,38.0,38.0,38.0,38.0,38.0,8.0,,2017_SBU4_01280100,0
39,39.0,39.0,39.0,39.0,39.0,39.0,39.0,39.0,39.0,39.0,39.0,9.0,,2017_SBU4_01280101,0
40,40.0,40.0,40.0,40.0,40.0,40.0,40.0,40.0,40.0,40.0,0.0,,,2017_SBU4_01280102,0
41,41.0,41.0,41.0,41.0,41.0,41.0,41.0,41.0,41.0,41.0,1.0,,,2017_SBU4_01280103,0
42,42.0,42.0,42.0,42.0,42.0,42.0,42.0,42.0,42.0,42.0,2.0,,,2017_SBU4_01280104,0
43,43.0,43.0,43.0,43.0,43.0,43.0,43.0,43.0,43.0,43.0,3.0,,,2017_SBU4_01280105,1
44,44.0,44.0,44.0,44.0,44.0,44.0,44.0,44.0,44.0,44.0,4.0,,,2017_SBU4_01280106,0
45,45.0,45.0,45.0,45.0,45.0,45.0,45.0,45.0,45.0,45.0,5.0,,,2017_SBU4_01280107,0
46,46.0,46.0,46.0,46.0,46.0,46.0,46.0,46.0,46.0,46.0,6.0,,,2017_SBU4_01280108,0
47,47.0,47.0,47.0,47.0,47.0,47.0,47.0,47.0,47.0,47.0,7.0,,,2017_SBU4_01280109,0
48,48.0,48.0,48.0,48.0,48.0,48.0,48.0,48.0,48.0,48.0,8.0,,,2017_SBU4_01280110,0
49,49.0,49.0,49.0,49.0,49.0,49.0,49.0,49.0,49.0,49.0,9.0,,,2017_SBU4_01290169,2
50,50.0,50.0,50.0,50.0,50.0,50.0,50.0,50.0,50.0,50.0,0.0,,,2017_SBU4_01290170,2
51,51.0,51.0,51.0,51.0,51.0,51.0,51.0,51.0,51.0,51.0,1.0,,,2017_SBU4_01290171,1
52,52.0,52.0,52.0,52.0,52.0,52.0,52.0,52.0,52.0,52.0,2.0,,,2017_SBU4_01290172,0
53,53.0,53.0,53.0,53.0,53.0,53.0,53.0,53.0,53.0,53.0,3.0,,,2017_SBU4_01290173,0
54,54.0,54.0,54.0,54.0,54.0,54.0,54.0,54.0,54.0,54.0,4.0,,,2017_SBU4_01290174,0
55,55.0,55.0,55.0,55.0,55.0,55.0,55.0,55.0,55.0,55.0,5.0,,,2017_SBU4_01290175,0
56,56.0,56.0,56.0,56.0,56.0,56.0,56.0,56.0,56.0,56.0,6.0,,,2017_SBU4_01290176,0
57,57.0,57.0,57.0,57.0,57.0,57.0,57.0,57.0,57.0,57.0,7.0,,,2017_SBU4_01290177,0
58,58.0,58.0,58.0,58.0,58.0,58.0,58.0,58.0,58.0,58.0,8.0,,,2017_SBU4_01290178,0
59,59.0,59.0,59.0,59.0,59.0,59.0,59.0,59.0,59.0,59.0,9.0,,,2017_SBU4_01290179,0
60,60.0,60.0,60.0,60.0,60.0,60.0,60.0,60.0,60.0,60.0,0.0,,,2017_SBU4_01290180,0
61,61.0,61.0,61.0,61.0,61.0,61.0,61.0,61.0,61.0,61.0,1.0,,,2017_SBU4_01290181,0
62,62.0,62.0,62.0,62.0,62.0,62.0,62.0,62.0,62.0,62.0,2.0,,,2017_SBU4_01290182,0
63,63.0,63.0,63.0,63.0,63.0,63.0,63.0,63.0,63.0,63.0,3.0,,,2017_SBU4_01290183,0
64,64.0,64.0,64.0,64.0,64.0,64.0,64.0,64.0,64.0,64.0,4.0,,,2017_SBU4_01290184,0
65,65.0,65.0,65.0,65.0,65.0,65.0,65.0,65.0,65.0,65.0,5.0,,,2017_SBU4_01290185,0
66,66.0,66.0,66.0,66.0,66.0,66.0,66.0,66.0,66.0,66.0,6.0,,,2017_SBU4_01290186,0
67,67.0,67.0,67.0,67.0,67.0,67.0,67.0,67.0,67.0,67.0,7.0,,,2017_SBU4_01290187,0
68,68.0,68.0,68.0,68.0,68.0,68.0,68.0,68.0,68.0,68.0,8.0,,,2017_SBU4_01290188,0
69,69.0,69.0,69.0,69.0,69.0,69.0,69.0,69.0,69.0,69.0,9.0,,,2017_SBU4_01290189,0
70,70.0,70.0,70.0,70.0,70.0,70.0,70.0,70.0,70.0,70.0,0.0,,,2017_SBU4_01290190,0
71,71.0,71.0,71.0,71.0,71.0,71.0,71.0,71.0,71.0,71.0,1.0,,,2017_SBU4_01290191,0
72,72.0,72.0,72.0,72.0,72.0,72.0,72.0,72.0,72.0,72.0,2.0,,,2017_SBU4_01290192,0
73,73.0,73.0,73.0,73.0,73.0,73.0,73.0,73.0,73.0,73.0,3.0,,,2017_SBU4_01290193,0
74,74.0,74.0,74.0,74.0,74.0,74.0,74.0,74.0,74.0,74.0,4.0,,,2017_SBU4_01290194,4
75,75.0,75.0,75.0,75.0,75.0,75.0,75.0,75.0,75.0,75.0,5.0,,,2017_SBU4_01290195,4
76,76.0,76.0,76.0,76.0,76.0,76.0,76.0,76.0,76.0,76.0,6.0,,,2017_SBU4_01290196,4
77,77.0,77.0,77.0,77.0,77.0,77.0,77.0,77.0,77.0,77.0,7.0,,,2017_SBU4_01290197,4
78,78.0,78.0,78.0,78.0,78.0,78.0,78.0,78.0,78.0,78.0,8.0,,,2017_SBU4_01290198,4
79,79.0,79.0,79.0,79.0,79.0,79.0,79.0,79.0,79.0,79.0,9.0,,,2017_SBU4_01290199,4
80,80.0,80.0,80.0,80.0,80.0,80.0,80.0,80.0,80.0,80.0,0.0,,,2017_SBU4_01290200,4
81,81.0,81.0,81.0,81.0,81.0,81.0,81.0,81.0,81.0,81.0,1.0,,,2017_SBU4_01290201,4
82,82.0,82.0,82.0,82.0,82.0,82.0,82.0,82.0,82.0,82.0,2.0,,,2017_SBU4_01290202,4
83,83.0,83.0,83.0,83.0,83.0,83.0,83.0,83.0,83.0,83.0,3.0,,,2017_SBU4_01290203,4
84,84.0,84.0,84.0,84.0,84.0,84.0,84.0,84.0,84.0,84.0,4.0,,,2017_SBU4_01290204,4
85,85.0,85.0,85.0,85.0,85.0,85.0,85.0,85.0,85.0,85.0,5.0,,,2017_SBU4_01290205,0
86,86.0,86.0,86.0,86.0,86.0,86.0,86.0,86.0,86.0,86.0,6.0,,,2017_SBU4_01290206,0
87,87.0,87.0,87.0,87.0,87.0,87.0,87.0,87.0,87.0,87.0,7.0,,,2017_SBU4_01290207,0
88,88.0,88.0,88.0,88.0,88.0,88.0,88.0,88.0,88.0,88.0,8.0,,,2017_SBU4_01290208,0
89,89.0,89.0,89.0,89.0,89.0,89.0,89.0,89.0,89.0,89.0,9.0,,,2017_SBU4_01300269,0
90,90.0,90.0,90.0,90.0,90.0,90.0,90.0,90.0,90.0,90.0,0.0,,,2017_SBU4_01300270,0
91,91.0,91.0,91.0,91.0,91.0,91.0,91.0,91.0,91.0,91.0,1.0,,,2017_SBU4_01300271,0
92,92.0,92.0,92.0,92.0,92.0,92.0,92.0,92.0,92.0,92.0,2.0,,,2017_SBU4_01300272,0
93,93.0,93.0,93.0,93.0,93.0,93.0,93.0,93.0,93.0,93.0,3.0,,,2017_SBU4_01300273,0
94,94.0,94.0,94.0,94.0,94.0,94.0,94.0,94.0,94.0,94.0,4.0,,,2017_SBU4_01300274,0
95,95.0,95.0,95.0,95.0,95.0,95.0,95.0,95.0,95.0,95.0,5.0,,,2017_SBU4_01300275,0
96,96.0,96.0,96.0,96.0,96.0,96.0,96.0,96.0,96.0,96.0,6.0,,,2017_SBU4_01300276,0
97,97.0,97.0,97.0,97.0,97.0,97.0,97.0,97.0,97.0,97.0,7.0,,,2017_SBU4_01300277,0
98,98.0,98.0,98.0,98.0,98.0,98.0,98.0,98.0,98.0,98.0,8.0,,,2017_SBU4_01300278,0
99,99.0,99.0,99.0,99.0,99.0,99.0,99.0,99.0,99.0,99.0,9.0,,,2017_SBU4_01300279,0
100,100.0,100.0,100.0,100.0,100.0,100.0,100.0,100.0,100.0,100.0,0.0,,,2017_SBU4_01300280,0
101,101.0,101.0,101.0,101.0,101.0,101.0,101.0,101.0,101.0,101.0,1.0,,,2017_SBU4_01300281,0
102,102.0,102.0,102.0,102.0,102.0,102.0,102.0,102.0,102.0,102.0,2.0,,,2017_SBU4_01300282,0
103,103.0,103.0,103.0,103.0,103.0,103.0,103.0,103.0,103.0,103.0,3.0,,,2017_SBU4_01300283,0
104,104.0,104.0,104.0,104.0,104.0,104.0,104.0,104.0,104.0,104.0,4.0,,,2017_SBU4_01300284,0
105,105.0,105.0,105.0,105.0,105.0,105.0,105.0,105.0,105.0,105.0,5.0,,,2017_SBU4_01300285,0
106,106.0,106.0,106.0,106.0,106.0,106.0,106.0,106.0,106.0,106.0,6.0,,,2017_SBU4_01300286,0
107,107.0,107.0,107.0,107.0,107.0,107.0,107.0,107.0,107.0,107.0,7.0,,,2017_SBU4_01300287,0
108,108.0,108.0,108.0,108.0,108.0,108.0,108.0,108.0,108.0,108.0,8.0,,,2017_SBU4_01300288,0
109,109.0,109.0,109.0,109.0,109.0,109.0,109.0,109.0,109.0,109.0,9.0,,,2017_SBU4_01300289,0
110,110.0,110.0,110.0,110.0,110.0,110.0,110.0,110.0,110.0,110.0,0.0,,,2017_SBU4_01300290,0
111,111.0,111.0,111.0,111.0,111.0,111.0,111.0,111.0,111.0,111.0,1.0,,,2017_SBU4_01300291,0
112,112.0,112.0,112.0,112.0,112.0,112.0,112.0,112.0,112.0,112.0,2.0,,,2017_SBU4_01300292,0
113,113.0,113.0,113.0,113.0,113.0,113.0,113.0,113.0,113.0,113.0,3.0,,,2017_SBU4_01300293,0
114,114.0,114.0,114.0,114.0,114.0,114.0,114.0,114.0,114.0,114.0,4.0,,,2017_SBU4_01300294,0
115,115.0,115.0,115.0,115.0,115.0,115.0,115.0,115.0,115.0,115.0,5.0,,,2017_SBU4_01300295,0
116,116.0,116.0,116.0,116.0,116.0,116.0,116.0,116.0,116.0,116.0,6.0,,,2017_SBU4_01300296,0
117,117.0,117.0,117.0,117.0,117.0,117.0,117.0,117.0,117.0,117.0,7.0,,,2017_SBU4_01300297,0
118,118.0,118.0,118.0,118.0,118.0,118.0,118.0,118.0,118.0,118.0,8.0,,,2017_SBU4_01300298,0
119,119.0,119.0,119.0,119.0,119.0,119.0,119.0,119.0,119.0,119.0,9.0,,,2017_SBU4_01300299,0
120,120.0,120.0,120.0,120.0,120.0,120.0,120.0,120.0,120.0,120.0,0.0,,,2017_SBU4_01300300,0
121,121.0,121.0,121.0,121.0,121.0,121.0,121.0,121.0,121.0,121.0,1.0,,,2017_SBU4_01300301,0
122,122.0,122.0,122.0,122.0,122.0,122.0,122.0,122.0,122.0,122.0,2.0,,,2017_SBU4_01300302,0
123,123.0,123.0,123.0,123.0,123.0,123.0,123.0,123.0,123.0,123.0,3.0,,,2017_SBU4_01300303,0
124,124.0,124.0,124.0,124.0,124.0,124.0,124.0,124.0,124.0,124.0,4.0,,,2017_SBU4_01300304,0
125,125.0,125.0,125.0,125.0,125.0,125.0,125.0,125.0,125.0,125.0,5.0,,,2017_SBU4_01300305,0
126,126.0,126.0,126.0,126.0,126.0,126.0,126.0,126.0,126.0,126.0,6.0,,,2017_SBU4_01310376,1
127,127.0,127.0,127.0,127.0,127.0,127.0,127.0,127.0,127.0,127.0,7.0,,,2017_SBU4_01310377,1
128,128.0,128.0,128.0,128.0,128.0,128.0,128.0,128.0,128.0,128.0,8.0,,,2017_SBU4_01310378,0
129,129.0,129.0,129.0,129.0,129.0,129.0,129.0,129.0,129.0,129.0,9.0,,,2017_SBU4_01310379,0
130,130.0,130.0,130.0,130.0,130.0,130.0,130.0,130.0,130.0,130.0,0.0,,,2017_SBU4_01310380,0
131,131.0,131.0,131.0,131.0,131.0,131.0,131.0,131.0,131.0,131.0,1.0,,,2017_SBU4_01310381,0
132,132.0,132.0,132.0,132.0,132.0,132.0,132.0,132.0,132.0,132.0,2.0,,,2017_SBU4_01310382,0
133,133.0,133.0,133.0,133.0,133.0,133.0,133.0,133.0,133.0,133.0,3.0,,,2017_SBU4_01310383,0
134,134.0,134.0,134.0,134.0,134.0,134.0,134.0,134.0,134.0,134.0,4.0,,,2017_SBU4_01310384,0
135,135.0,135.0,135.0,135.0,135.0,135.0,135.0,135.0,135.0,135.0,5.0,,,2017_SBU4_01310385,0
136,136.0,136.0,136.0,136.0,136.0,136.0,136.0,136.0,136.0,136.0,6.0,,,2017_SBU4_01310386,0
137,137.0,137.0,137.0,137.0,137.0,137.0,137.0,137.0,137.0,137.0,7.0,,,2017_SBU4_01310387,0
138,138.0,138.0,138.0,138.0,138.0,138.0,138.0,138.0,138.0,138.0,8.0,,,2017_SBU4_01310388,0
139,139.0,139.0,139.0,139.0,139.0,139.0,139.0,139.0,139.0,139.0,9.0,,,2017_SBU4_01310389,0
140,140.0,140.0,140.0,140.0,140.0,140.0,140.0,140.0,140.0,140.0,0.0,,,2017_SBU4_01310390,0
141,141.0,141.0,141.0,141.0,141.0,141.0,141.0,141.0,141.0,141.0,1.0,,,2017_SBU4_01310391,0
142,142.0,142.0,142.0,142.0,142.0,142.0,142.0,142.0,142.0,142.0,2.0,,,2017_SBU4_01310392,0
143,143.0,143.0,143.0,143.0,143.0,143.0,143.0,143.0,143.0,143.0,3.0,,,2017_SBU4_01310393,0
144,144.0,144.0,144.0,144.0,144.0,144.0,144.0,144.0,144.0,144.0,4.0,,,2017_SBU4_01310394,0
145,145.0,145.0,145.0,145.0,145.0,145.0,145.0,145.0,145.0,145.0,5.0,,,2017_SBU4_01310395,0
146,146.0,146.0,146.0,146.0,146.0,146.0,146.0,146.0,146.0,146.0,6.0,,,2017_SBU4_01310396,0
147,147.0,147.0,147.0,147.0,147.0,147.0,147.0,147.0,147.0,147.0,7.0,,,2017_SBU4_01310397,0
148,148.0,148.0,148.0,148.0,148.0,148.0,148.0,148.0,148.0,148.0,8.0,,,2017_SBU4_01310398,0
149,149.0,149.0,149.0,149.0,149.0,149.0,149.0,149.0,149.0,149.0,9.0,,,2017_SBU4_01310399,0
150,150.0,150.0,150.0,150.0,150.0,150.0,150.0,150.0,150.0,150.0,0.0,,,2017_SBU4_01310400,0
151,151.0,151.0,151.0,151.0,151.0,151.0,151.0,151.0,151.0,151.0,1.0,,,2017_SBU4_01310401,0
152,152.0,152.0,152.0,152.0,152.0,152.0,152.0,152.0,152.0,152.0,2.0,,,2017_SBU4_01310402,0
153,153.0,153.0,153.0,153.0,153.0,153.0,153.0,153.0,153.0,153.0,3.0,,,2017_SBU4_01310403,0
154,154.0,154.0,154.0,154.0,154.0,154.0,154.0,154.0,154.0,154.0,4.0,,,2017_SBU4_01310404,0
155,155.0,155.0,155.0,155.0,155.0,155.0,155.0,155.0,155.0,155.0,5.0,,,2017_SBU4_01310405,0
156,156.0,156.0,156.0,156.0,156.0,156.0,156.0,156.0,156.0,156.0,6.0,,,2017_SBU4_01310406,0
157,157.0,157.0,157.0,157.0,157.0,157.0,157.0,157.0,157.0,157.0,7.0,,,2017_SBU4_01310407,0
158,158.0,158.0,158.0,158.0,158.0,158.0,158.0,158.0,158.0,158.0,8.0,,,2017_SBU4_01310408,0
159,159.0,159.0,159.0,159.0,159.0,159.0,159.0,159.0,159.0,159.0,9.0,,,2017_SBU4_01310409,0
160,160.0,160.0,160.0,160.0,160.0,160.0,160.0,160.0,160.0,160.0,0.0,,,2017_SBU4_01310410,0
161,161.0,161.0,161.0,161.0,161.0,161.0,161.0,161.0,161.0,161.0,1.0,,,2017_SBU4_01310411,0
162,162.0,162.0,162.0,162.0,162.0,162.0,162.0,162.0,162.0,162.0,2.0,,,2017_SBU4_02010473,1
163,163.0,163.0,163.0,163.0,163.0,163.0,163.0,163.0,163.0,163.0,3.0,,,2017_SBU4_02010474,2
164,164.0,164.0,164.0,164.0,164.0,164.0,164.0,164.0,164.0,164.0,4.0,,,2017_SBU4_02010475,0
165,165.0,165.0,165.0,165.0,165.0,165.0,165.0,165.0,165.0,165.0,5.0,,,2017_SBU4_02010476,1
166,166.0,166.0,166.0,166.0,166.0,166.0,166.0,166.0,166.0,166.0,6.0,,,2017_SBU4_02010477,0
167,167.0,167.0,167.0,167.0,167.0,167.0,167.0,167.0,167.0,167.0,7.0,,,2017_SBU4_02010478,0
168,168.0,168.0,168.0,168.0,168.0,168.0,168.0,168.0,168.0,168.0,8.0,,,2017_SBU4_02010479,0
169,169.0,169.0,169.0,169.0,169.0,169.0,169.0,169.0,169.0,169.0,9.0,,,2017_SBU4_02010480,0
170,170.0,170.0,170.0,170.0,170.0,170.0,170.0,170.0,170.0,170.0,0.0,,,2017_SBU4_02010481,0
171,171.0,171.0,171.0,171.0,171.0,171.0,171.0,171.0,171.0,171.0,1.0,,,2017_SBU4_02010482,0
172,172.0,172.0,172.0,172.0,172.0,172.0,172.0,172.0,172.0,172.0,2.0,,,2017_SBU4_02010483,0
173,173.0,173.0,173.0,173.0,173.0,173.0,173.0,173.0,173.0,173.0,3.0,,,2017_SBU4_02010484,0
174,174.0,174.0,174.0,174.0,174.0,174.0,174.0,174.0,174.0,174.0,4.0,,,2017_SBU4_02010485,0
175,175.0,175.0,175.0,175.0,175.0,175.0,175.0,175.0,175.0,175.0,5.0,,,2017_SBU4_02010486,0
176,176.0,176.0,176.0,176.0,176.0,176.0,176.0,176.0,176.0,176.0,6.0,,,2017_SBU4_02010487,0
177,177.0,177.0,177.0,177.0,177.0,177.0,177.0,177.0,177.0,177.0,7.0,,,2017_SBU4_02010488,0
178,178.0,178.0,178.0,178.0,178.0,178.0,178.0,178.0,178.0,178.0,8.0,,,2017_SBU4_02010489,0
179,179.0,179.0,179.0,179.0,179.0,179.0,179.0,179.0,179.0,179.0,9.0,,,2017_SBU4_02010490,0
180,180.0,180.0,180.0,180.0,180.0,180.0,180.0,180.0,180.0,180.0,0.0,,,2017_SBU4_02010491,0
181,181.0,181.0,181.0,181.0,181.0,181.0,181.0,181.0,181.0,181.0,1.0,,,2017_SBU4_02010492,0
182,182.0,182.0,182.0,182.0,182.0,182.0,182.0,182.0,182.0,182.0,2.0,,,2017_SBU4_02010493,0
183,183.0,183.0,183.0,183.0,183.0,183.0,183.0,183.0,183.0,183.0,3.0,,,2017_SBU4_02010494,0
184,184.0,184.0,184.0,184.0,184.0,184.0,184.0,184.0,184.0,184.0,4.0,,,2017_SBU4_02010495,0
185,185.0,185.0,185.0,185.0,185.0,185.0,185.0,185.0,185.0,185.0,5.0,,,2017_SBU4_02010496,0
186,186.0,186.0,186.0,186.0,186.0,186.0,186.0,186.0,186.0,186.0,6.0,,,2017_SBU4_02010497,0
187,187.0,187.0,187.0,187.0,187.0,187.0,187.0,187.0,187.0,187.0,7.0,,,2017_SBU4_02010498,0
188,188.0,188.0,188.0,188.0,188.0,188.0,188.0,188.0,188.0,188.0,8.0,,,2017_SBU4_02010499,0
189,189.0,189.0,189.0,189.0,189.0,189.0,189.0,189.0,189.0,189.0,9.0,,,2017_SBU4_02010500,0
190,190.0,190.0,190.0,190.0,190.0,190.0,190.0,190.0,190.0,190.0,0.0,,,2017_SBU4_02010501,0
191,191.0,191.0,191.0,191.0,191.0,191.0,191.0,191.0,191.0,191.0,1.0,,,2017_SBU4_02010502,0
192,192.0,192.0,192.0,192.0,192.0,192.0,192.0,192.0,192.0,192.0,2.0,,,2017_SBU4_02010503,3
193,193.0,193.0,193.0,193.0,193.0,193.0,193.0,193.0,193.0,193.0,3.0,,,2017_SBU4_02010504,0
194,194.0,194.0,194.0,194.0,194.0,194.0,194.0,194.0,194.0,194.0,4.0,,,2017_SBU4_02010505,0
195,195.0,195.0,195.0,195.0,195.0,195.0,195.0,195.0,195.0,195.0,5.0,,,2017_SBU4_02010506,0
196,196.0,196.0,196.0,196.0,196.0,196.0,196.0,196.0,196.0,196.0,6.0,,,2017_SBU4_02010507,0
197,197.0,197.0,197.0,197.0,197.0,197.0,197.0,197.0,197.0,197.0,7.0,,,2017_SBU4_02010508,0
198,198.0,198.0,198.0,198.0,198.0,198.0,198.0,198.0,198.0,198.0,8.0,,,2017_SBU4_02010509,0
199,199.0,199.0,199.0,199.0,199.0,199.0,199.0,199.0,199.0,199.0,9.0,,,2017_SBU4_02010510,0
200,200.0,200.0,200.0,200.0,200.0,200.0,200.0,200.0,200.0,200.0,0.0,,,2017_SBU4_02010511,0
201,201.0,201.0,201.0,201.0,201.0,201.0,201.0,201.0,201.0,201.0,1.0,,,2017_SBU4_02010512,1
202,202.0,202.0,202.0,202.0,202.0,202.0,202.0,202.0,202.0,202.0,2.0,,,2017_SBU4_02010513,0
203,203.0,203.0,203.0,203.0,203.0,203.0,203.0,203.0,203.0,203.0,3.0,,,2017_SBU4_02020571,1
204,204.0,204.0,204.0,204.0,204.0,204.0,204.0,204.0,204.0,204.0,4.0,,,2017_SBU4_02020572,1
205,205.0,205.0,205.0,205.0,205.0,205.0,205.0,205.0,205.0,205.0,5.0,,,2017_SBU4_02020573,2
206,206.0,206.0,206.0,206.0,206.0,206.0,206.0,206.0,206.0,206.0,6.0,,,2017_SBU4_02020574,1
207,207.0,207.0,207.0,207.0,207.0,207.0,207.0,207.0,207.0,207.0,7.0,,,2017_SBU4_02020575,1
208,208.0,208.0,208.0,208.0,208.0,208.0,208.0,208.0,208.0,208.0,8.0,,,2017_SBU4_02020576,1
209,209.0,209.0,209.0,209.0,209.0,209.0,209.0,209.0,209.0,209.0,9.0,,,2017_SBU4_02020577,1
210,210.0,210.0,210.0,210.0,210.0,210.0,210.0,210.0,210.0,210.0,0.0,,,2017_SBU4_02020578,0
211,211.0,211.0,211.0,211.0,211.0,211.0,211.0,211.0,211.0,211.0,1.0,,,2017_SBU4_02020579,0
212,212.0,212.0,212.0,212.0,212.0,212.0,212.0,212.0,212.0,212.0,2.0,,,2017_SBU4_02020580,3
213,213.0,213.0,213.0,213.0,213.0,213.0,213.0,213.0,213.0,213.0,3.0,,,2017_SBU4_02020581,0
214,214.0,214.0,214.0,214.0,214.0,214.0,214.0,214.0,214.0,214.0,4.0,,,2017_SBU4_02020582,0
215,215.0,215.0,215.0,215.0,215.0,215.0,215.0,215.0,215.0,215.0,5.0,,,2017_SBU4_02020583,0
216,216.0,216.0,216.0,216.0,216.0,216.0,216.0,216.0,216.0,216.0,6.0,,,2017_SBU4_02020584,0
217,217.0,217.0,217.0,217.0,217.0,217.0,217.0,217.0,217.0,217.0,7.0,,,2017_SBU4_02020585,0
218,218.0,218.0,218.0,218.0,218.0,218.0,218.0,218.0,218.0,218.0,8.0,,,2017_SBU4_02020586,0
219,219.0,219.0,219.0,219.0,219.0,219.0,219.0,219.0,219.0,219.0,9.0,,,2017_SBU4_02020587,0
220,220.0,220.0,220.0,220.0,220.0,220.0,220.0,220.0,220.0,220.0,0.0,,,2017_SBU4_02020588,0
221,221.0,221.0,221.0,221.0,221.0,221.0,221.0,221.0,221.0,221.0,1.0,,,2017_SBU4_02020589,0
222,222.0,222.0,222.0,222.0,222.0,222.0,222.0,222.0,222.0,222.0,2.0,,,2017_SBU4_02020590,0
223,223.0,223.0,223.0,223.0,223.0,223.0,223.0,223.0,223.0,223.0,3.0,,,2017_SBU4_02020591,0
224,224.0,224.0,224.0,224.0,224.0,224.0,224.0,224.0,224.0,224.0,4.0,,,2017_SBU4_02020592,0
225,225.0,225.0,225.0,225.0,225.0,225.0,225.0,225.0,225.0,225.0,5.0,,,2017_SBU4_02020593,0
226,226.0,226.0,226.0,226.0,226.0,226.0,226.0,226.0,226.0,226.0,6.0,,,2017_SBU4_02020594,0
227,227.0,227.0,227.0,227.0,227.0,227.0,227.0,227.0,227.0,227.0,7.0,,,2017_SBU4_02020595,3
228,228.0,228.0,228.0,228.0,228.0,228.0,228.0,228.0,228.0,228.0,8.0,,,2017_SBU4_02020596,3
229,229.0,229.0,229.0,229.0,229.0,229.0,229.0,229.0,229.0,229.0,9.0,,,2017_SBU4_02020597,0
230,230.0,230.0,230.0,230.0,230.0,230.0,230.0,230.0,230.0,230.0,0.0,,,2017_SBU4_02020598,0
231,231.0,231.0,231.0,231.0,231.0,231.0,231.0,231.0,231.0,231.0,1.0,,,2017_SBU4_02020599,0
232,232.0,232.0,232.0,232.0,232.0,232.0,232.0,232.0,232.0,232.0,2.0,,,2017_SBU4_02020600,0
233,233.0,233.0,233.0,233.0,233.0,233.0,233.0,233.0,233.0,233.0,3.0,,,2017_SBU4_02020601,0
234,234.0,234.0,234.0,234.0,234.0,234.0,234.0,234.0,234.0,234.0,4.0,,,2017_SBU4_02020602,0
235,235.0,235.0,235.0,235.0,235.0,235.0,235.0,235.0,235.0,235.0,5.0,,,2017_SBU4_02020603,0
236,236.0,236.0,236.0,236.0,236.0,236.0,236.0,236.0,236.0,236.0,6.0,,,2017_SBU4_02020604,0
237,237.0,237.0,237.0,237.0,237.0,237.0,237.0,237.0,237.0,237.0,7.0,,,2017_SBU4_02020605,0
238,238.0,238.0,238.0,238.0,238.0,238.0,238.0,238.0,238.0,238.0,8.0,,,2017_SBU4_02020606,0
239,239.0,239.0,239.0,239.0,239.0,239.0,239.0,239.0,239.0,239.0,9.0,,,2017_SBU4_02020607,0
240,240.0,240.0,240.0,240.0,240.0,240.0,240.0,240.0,240.0,0.0,,,,2017_SBU4_02020608,0
241,241.0,241.0,241.0,241.0,241.0,241.0,241.0,241.0,241.0,1.0,,,,2017_SBU4_02020609,3
242,242.0,242.0,242.0,242.0,242.0,242.0,242.0,242.0,242.0,2.0,,,,2017_SBU4_02020610,3
243,243.0,243.0,243.0,243.0,243.0,243.0,243.0,243.0,243.0,3.0,,,,2017_SBU4_02020611,0
244,244.0,244.0,244.0,244.0,244.0,244.0,244.0,244.0,244.0,4.0,,,,2017_SBU4_02020612,0
245,245.0,245.0,245.0,245.0,245.0,245.0,245.0,245.0,245.0,5.0,,,,2017_SBU4_02020613,3
246,246.0,246.0,246.0,246.0,246.0,246.0,246.0,246.0,246.0,6.0,,,,2017_SBU4_02020614,0
247,247.0,247.0,247.0,247.0,247.0,247.0,247.0,247.0,247.0,7.0,,,,2017_SBU4_02020615,0
248,248.0,248.0,248.0,248.0,248.0,248.0,248.0,248.0,248.0,8.0,,,,2017_SBU4_02030677,0
249,249.0,249.0,249.0,249.0,249.0,249.0,249.0,249.0,249.0,9.0,,,,2017_SBU4_02030678,0
250,250.0,250.0,250.0,250.0,250.0,250.0,250.0,250.0,250.0,0.0,,,,2017_SBU4_02030679,0
251,251.0,251.0,251.0,251.0,251.0,251.0,251.0,251.0,251.0,1.0,,,,2017_SBU4_02030680,0
252,252.0,252.0,252.0,252.0,252.0,252.0,252.0,252.0,252.0,2.0,,,,2017_SBU4_02030681,0
253,253.0,253.0,253.0,253.0,253.0,253.0,253.0,253.0,253.0,3.0,,,,2017_SBU4_02030682,0
254,254.0,254.0,254.0,254.0,254.0,254.0,254.0,254.0,254.0,4.0,,,,2017_SBU4_02030683,0
255,255.0,255.0,255.0,255.0,255.0,255.0,255.0,255.0,255.0,5.0,,,,2017_SBU4_02030684,0
256,256.0,256.0,256.0,256.0,256.0,256.0,256.0,256.0,256.0,6.0,,,,2017_SBU4_02030685,0
257,257.0,257.0,257.0,257.0,257.0,257.0,257.0,257.0,257.0,7.0,,,,2017_SBU4_02030686,0
258,258.0,258.0,258.0,258.0,258.0,258.0,258.0,258.0,258.0,8.0,,,,2017_SBU4_02030687,0
259,259.0,259.0,259.0,259.0,259.0,259.0,259.0,259.0,259.0,9.0,,,,2017_SBU4_02030688,0
260,260.0,260.0,260.0,260.0,260.0,260.0,260.0,260.0,260.0,0.0,,,,2017_SBU4_02030689,0
261,261.0,261.0,261.0,261.0,261.0,261.0,261.0,261.0,261.0,1.0,,,,2017_SBU4_02030690,0
262,262.0,262.0,262.0,262.0,262.0,262.0,262.0,262.0,262.0,2.0,,,,2017_SBU4_02030691,0
263,263.0,263.0,263.0,263.0,263.0,263.0,263.0,263.0,263.0,3.0,,,,2017_SBU4_02030692,0
264,264.0,264.0,264.0,264.0,264.0,264.0,264.0,264.0,264.0,4.0,,,,2017_SBU4_02030693,0
265,265.0,265.0,265.0,265.0,265.0,265.0,265.0,265.0,265.0,5.0,,,,2017_SBU4_02030694,0
266,266.0,266.0,266.0,266.0,266.0,266.0,266.0,266.0,266.0,6.0,,,,2017_SBU4_02030695,0
267,267.0,267.0,267.0,267.0,267.0,267.0,267.0,267.0,267.0,7.0,,,,2017_SBU4_02030696,0
268,268.0,268.0,268.0,268.0,268.0,268.0,268.0,268.0,268.0,8.0,,,,2017_SBU4_02030697,0
269,269.0,269.0,269.0,269.0,269.0,269.0,269.0,269.0,269.0,9.0,,,,2017_SBU4_02030698,0
270,270.0,270.0,270.0,270.0,270.0,270.0,270.0,270.0,270.0,0.0,,,,2017_SBU4_02030699,0
271,271.0,271.0,271.0,271.0,271.0,271.0,271.0,271.0,271.0,1.0,,,,2017_SBU4_02030700,0
272,272.0,272.0,272.0,272.0,272.0,272.0,272.0,272.0,272.0,2.0,,,,2017_SBU4_02030701,3
273,273.0,273.0,273.0,273.0,273.0,273.0,273.0,273.0,273.0,3.0,,,,2017_SBU4_02030702,0
274,274.0,274.0,274.0,274.0,274.0,274.0,274.0,274.0,274.0,4.0,,,,2017_SBU4_02030703,0
275,275.0,275.0,275.0,275.0,275.0,275.0,275.0,275.0,275.0,5.0,,,,2017_SBU4_02030704,0
276,276.0,276.0,276.0,276.0,276.0,276.0,276.0,276.0,276.0,6.0,,,,2017_SBU4_02030705,0
277,277.0,277.0,277.0,277.0,277.0,277.0,277.0,277.0,277.0,7.0,,,,2017_SBU4_02030706,0
278,278.0,278.0,278.0,278.0,278.0,278.0,278.0,278.0,278.0,8.0,,,,2017_SBU4_02030707,0
279,279.0,279.0,279.0,279.0,279.0,279.0,279.0,279.0,279.0,9.0,,,,2017_SBU4_02030708,0
280,280.0,280.0,280.0,280.0,280.0,280.0,280.0,280.0,280.0,0.0,,,,2017_SBU4_02030709,0
281,281.0,281.0,281.0,281.0,281.0,281.0,281.0,281.0,281.0,1.0,,,,2017_SBU4_02030710,0
282,282.0,282.0,282.0,282.0,282.0,282.0,282.0,282.0,282.0,2.0,,,,2017_SBU4_02030711,0
283,283.0,283.0,283.0,283.0,283.0,283.0,283.0,283.0,283.0,3.0,,,,2017_SBU4_02030712,0
284,284.0,284.0,284.0,284.0,284.0,284.0,284.0,284.0,284.0,4.0,,,,2017_SBU4_02030713,0
285,285.0,285.0,285.0,285.0,285.0,285.0,285.0,285.0,285.0,5.0,,,,2017_SBU4_02040772,0
286,286.0,286.0,286.0,286.0,286.0,286.0,286.0,286.0,286.0,6.0,,,,2017_SBU4_02040773,1
287,287.0,287.0,287.0,287.0,287.0,287.0,287.0,287.0,287.0,7.0,,,,2017_SBU4_02040774,1
288,288.0,288.0,288.0,288.0,288.0,288.0,288.0,288.0,288.0,8.0,,,,2017_SBU4_02040775,1
289,289.0,289.0,289.0,289.0,289.0,289.0,289.0,289.0,289.0,9.0,,,,2017_SBU4_02040776,1
290,290.0,290.0,290.0,290.0,290.0,290.0,290.0,290.0,290.0,0.0,,,,2017_SBU4_02040777,2
291,291.0,291.0,291.0,291.0,291.0,291.0,291.0,291.0,291.0,1.0,,,,2017_SBU4_02040778,1
292,292.0,292.0,292.0,292.0,292.0,292.0,292.0,292.0,292.0,2.0,,,,2017_SBU4_02040779,0
293,293.0,293.0,293.0,293.0,293.0,293.0,293.0,293.0,293.0,3.0,,,,2017_SBU4_02040780,0
294,294.0,294.0,294.0,294.0,294.0,294.0,294.0,294.0,294.0,4.0,,,,2017_SBU4_02040781,0
295,295.0,295.0,295.0,295.0,295.0,295.0,295.0,295.0,295.0,5.0,,,,2017_SBU4_02040782,0
296,296.0,296.0,296.0,296.0,296.0,296.0,296.0,296.0,296.0,6.0,,,,2017_SBU4_02040783,0
297,297.0,297.0,297.0,297.0,297.0,297.0,297.0,297.0,297.0,7.0,,,,2017_SBU4_02040784,0
298,298.0,298.0,298.0,298.0,298.0,298.0,298.0,298.0,298.0,8.0,,,,2017_SBU4_02040785,0
299,299.0,299.0,299.0,299.0,299.0,299.0,299.0,299.0,299.0,9.0,,,,2017_SBU4_02040786,0
300,300.0,300.0,300.0,300.0,300.0,300.0,300.0,300.0,300.0,0.0,,,,2017_SBU4_02040787,0
301,301.0,301.0,301.0,301.0,301.0,301.0,301.0,301.0,301.0,1.0,,,,2017_SBU4_02040788,0
302,302.0,302.0,302.0,302.0,302.0,302.0,302.0,302.0,302.0,2.0,,,,2017_SBU4_02040789,0
303,303.0,303.0,303.0,303.0,303.0,303.0,303.0,303.0,303.0,3.0,,,,2017_SBU4_02040790,0
304,304.0,304.0,304.0,304.0,304.0,304.0,304.0,304.0,304.0,4.0,,,,2017_SBU4_02040791,0
305,305.0,305.0,305.0,305.0,305.0,305.0,305.0,305.0,305.0,5.0,,,,2017_SBU4_02040792,0
306,306.0,306.0,306.0,306.0,306.0,306.0,306.0,306.0,306.0,6.0,,,,2017_SBU4_02040793,0
307,307.0,307.0,307.0,307.0,307.0,307.0,307.0,307.0,307.0,7.0,,,,2017_SBU4_02040794,0
308,308.0,308.0,308.0,308.0,308.0,308.0,308.0,308.0,308.0,8.0,,,,2017_SBU4_02040795,0
309,309.0,309.0,309.0,309.0,309.0,309.0,309.0,309.0,309.0,9.0,,,,2017_SBU4_02040796,0
310,310.0,310.0,310.0,310.0,310.0,310.0,310.0,310.0,310.0,0.0,,,,2017_SBU4_02040797,0
311,311.0,311.0,311.0,311.0,311.0,311.0,311.0,311.0,311.0,1.0,,,,2017_SBU4_02040798,0
312,312.0,312.0,312.0,312.0,312.0,312.0,312.0,312.0,312.0,2.0,,,,2017_SBU4_02040799,0
313,313.0,313.0,313.0,313.0,313.0,313.0,313.0,313.0,313.0,3.0,,,,2017_SBU4_02040800,0
314,314.0,314.0,314.0,314.0,314.0,314.0,314.0,314.0,314.0,4.0,,,,2017_SBU4_02040801,0
315,315.0,315.0,315.0,315.0,315.0,315.0,315.0,315.0,315.0,5.0,,,,2017_SBU4_02040802,0
316,316.0,316.0,316.0,316.0,316.0,316.0,316.0,316.0,316.0,6.0,,,,2017_SBU4_02040803,0
317,317.0,317.0,317.0,317.0,317.0,317.0,317.0,317.0,317.0,7.0,,,,2017_SBU4_02040804,0
318,318.0,318.0,318.0,318.0,318.0,318.0,318.0,318.0,318.0,8.0,,,,2017_SBU4_02040805,0
319,319.0,319.0,319.0,319.0,319.0,319.0,319.0,319.0,319.0,9.0,,,,2017_SBU4_02040806,0
320,320.0,320.0,320.0,320.0,320.0,320.0,320.0,320.0,320.0,0.0,,,,2017_SBU4_02040807,0
321,321.0,321.0,321.0,321.0,321.0,321.0,321.0,321.0,321.0,1.0,,,,2017_SBU4_02040808,0
322,322.0,322.0,322.0,322.0,322.0,322.0,322.0,322.0,322.0,2.0,,,,2017_SBU4_02040809,0
323,323.0,323.0,323.0,323.0,323.0,323.0,323.0,323.0,323.0,3.0,,,,2017_SBU4_02040810,0
324,324.0,324.0,324.0,324.0,324.0,324.0,324.0,324.0,324.0,4.0,,,,2017_SBU4_02050869,0
325,325.0,325.0,325.0,325.0,325.0,325.0,325.0,325.0,325.0,5.0,,,,2017_SBU4_02050870,0
326,326.0,326.0,326.0,326.0,326.0,326.0,326.0,326.0,326.0,6.0,,,,2017_SBU4_02050871,0
327,327.0,327.0,327.0,327.0,327.0,327.0,327.0,327.0,327.0,7.0,,,,2017_SBU4_02050872,0
328,328.0,328.0,328.0,328.0,328.0,328.0,328.0,328.0,328.0,8.0,,,,2017_SBU4_02050873,0
329,329.0,329.0,329.0,329.0,329.0,329.0,329.0,329.0,329.0,9.0,,,,2017_SBU4_02050874,1
330,330.0,330.0,330.0,330.0,330.0,330.0,330.0,330.0,330.0,0.0,,,,2017_SBU4_02050875,1
331,331.0,331.0,331.0,331.0,331.0,331.0,331.0,331.0,331.0,1.0,,,,2017_SBU4_02050876,1
332,332.0,332.0,332.0,332.0,332.0,332.0,332.0,332.0,332.0,2.0,,,,2017_SBU4_02050877,1
333,333.0,333.0,333.0,333.0,333.0,333.0,333.0,333.0,333.0,3.0,,,,2017_SBU4_02050878,1
334,334.0,334.0,334.0,334.0,334.0,334.0,334.0,334.0,334.0,4.0,,,,2017_SBU4_02050879,2
335,335.0,335.0,335.0,335.0,335.0,335.0,335.0,335.0,335.0,5.0,,,,2017_SBU4_02050880,1
336,336.0,336.0,336.0,336.0,336.0,336.0,336.0,336.0,336.0,6.0,,,,2017_SBU4_02050881,0
337,337.0,337.0,337.0,337.0,337.0,337.0,337.0,337.0,337.0,7.0,,,,2017_SBU4_02050882,0
338,338.0,338.0,338.0,338.0,338.0,338.0,338.0,338.0,338.0,8.0,,,,2017_SBU4_02050883,0
339,339.0,339.0,339.0,339.0,339.0,339.0,339.0,339.0,339.0,9.0,,,,2017_SBU4_02050884,0
340,340.0,340.0,340.0,340.0,340.0,340.0,340.0,340.0,340.0,0.0,,,,2017_SBU4_02050885,0
341,341.0,341.0,341.0,341.0,341.0,341.0,341.0,341.0,341.0,1.0,,,,2017_SBU4_02050886,0
342,342.0,342.0,342.0,342.0,342.0,342.0,342.0,342.0,342.0,2.0,,,,2017_SBU4_02050887,0
343,343.0,343.0,343.0,343.0,343.0,343.0,343.0,343.0,343.0,3.0,,,,2017_SBU4_02050888,0
344,344.0,344.0,344.0,344.0,344.0,344.0,344.0,344.0,344.0,4.0,,,,2017_SBU4_02050889,1
345,345.0,345.0,345.0,345.0,345.0,345.0,345.0,345.0,345.0,5.0,,,,2017_SBU4_02050890,0
346,346.0,346.0,346.0,346.0,346.0,346.0,346.0,346.0,346.0,6.0,,,,2017_SBU4_02050891,0
347,347.0,347.0,347.0,347.0,347.0,347.0,347.0,347.0,347.0,7.0,,,,2017_SBU4_02050892,0
348,348.0,348.0,348.0,348.0,348.0,348.0,348.0,348.0,348.0,8.0,,,,2017_SBU4_02050893,0
349,349.0,349.0,349.0,349.0,349.0,349.0,349.0,349.0,349.0,9.0,,,,2017_SBU4_02050894,0
350,350.0,350.0,350.0,350.0,350.0,350.0,350.0,350.0,350.0,0.0,,,,2017_SBU4_02050895,0
351,351.0,351.0,351.0,351.0,351.0,351.0,351.0,351.0,351.0,1.0,,,,2017_SBU4_02050896,0
352,352.0,352.0,352.0,352.0,352.0,352.0,352.0,352.0,352.0,2.0,,,,2017_SBU4_02050897,0
353,353.0,353.0,353.0,353.0,353.0,353.0,353.0,353.0,353.0,3.0,,,,2017_SBU4_02050898,0
354,354.0,354.0,354.0,354.0,354.0,354.0,354.0,354.0,354.0,4.0,,,,2017_SBU4_02050899,0
355,355.0,355.0,355.0,355.0,355.0,355.0,355.0,355.0,355.0,5.0,,,,2017_SBU4_02050900,0
356,356.0,356.0,356.0,356.0,356.0,356.0,356.0,356.0,356.0,6.0,,,,2017_SBU4_02050901,0
357,357.0,357.0,357.0,357.0,357.0,357.0,357.0,357.0,357.0,7.0,,,,2017_SBU4_02050902,0
358,358.0,358.0,358.0,358.0,358.0,358.0,358.0,358.0,358.0,8.0,,,,2017_SBU4_02050903,0
359,359.0,359.0,359.0,359.0,359.0,359.0,359.0,359.0,359.0,9.0,,,,2017_SBU4_02050904,0
360,360.0,360.0,360.0,360.0,360.0,360.0,360.0,360.0,0.0,,,,,2017_SBU4_02050905,0
361,361.0,361.0,361.0,361.0,361.0,361.0,361.0,361.0,1.0,,,,,2017_SBU4_02050906,0
362,362.0,362.0,362.0,362.0,362.0,362.0,362.0,362.0,2.0,,,,,2017_SBU4_02050907,0
363,363.0,363.0,363.0,363.0,363.0,363.0,363.0,363.0,3.0,,,,,2017_SBU4_02060001,0
364,364.0,364.0,364.0,364.0,364.0,364.0,364.0,364.0,4.0,,,,,2017_SBU4_02060002,0
365,365.0,365.0,365.0,365.0,365.0,365.0,365.0,365.0,5.0,,,,,2017_SBU4_02060003,0
366,366.0,366.0,366.0,366.0,366.0,366.0,366.0,366.0,6.0,,,,,2017_SBU4_02060004,0
367,367.0,367.0,367.0,367.0,367.0,367.0,367.0,367.0,7.0,,,,,2017_SBU4_02060005,1
368,368.0,368.0,368.0,368.0,368.0,368.0,368.0,368.0,8.0,,,,,2017_SBU4_02060006,1
369,369.0,369.0,369.0,369.0,369.0,369.0,369.0,369.0,9.0,,,,,2017_SBU4_02060007,1
370,370.0,370.0,370.0,370.0,370.0,370.0,370.0,370.0,0.0,,,,,2017_SBU4_02060966,0
371,371.0,371.0,371.0,371.0,371.0,371.0,371.0,371.0,1.0,,,,,2017_SBU4_02060967,0
372,372.0,372.0,372.0,372.0,372.0,372.0,372.0,372.0,2.0,,,,,2017_SBU4_02060968,0
373,373.0,373.0,373.0,373.0,373.0,373.0,373.0,373.0,3.0,,,,,2017_SBU4_02060969,4
374,374.0,374.0,374.0,374.0,374.0,374.0,374.0,374.0,4.0,,,,,2017_SBU4_02060970,4
375,375.0,375.0,375.0,375.0,375.0,375.0,375.0,375.0,5.0,,,,,2017_SBU4_02060971,4
376,376.0,376.0,376.0,376.0,376.0,376.0,376.0,376.0,6.0,,,,,2017_SBU4_02060972,4
377,377.0,377.0,377.0,377.0,377.0,377.0,377.0,377.0,7.0,,,,,2017_SBU4_02060973,4
378,378.0,378.0,378.0,378.0,378.0,378.0,378.0,378.0,8.0,,,,,2017_SBU4_02060974,4
379,379.0,379.0,379.0,379.0,379.0,379.0,379.0,379.0,9.0,,,,,2017_SBU4_02060975,4
380,380.0,380.0,380.0,380.0,380.0,380.0,380.0,380.0,0.0,,,,,2017_SBU4_02060976,0
381,381.0,381.0,381.0,381.0,381.0,381.0,381.0,381.0,1.0,,,,,2017_SBU4_02060977,0
382,382.0,382.0,382.0,382.0,382.0,382.0,382.0,382.0,2.0,,,,,2017_SBU4_02060978,0
383,383.0,383.0,383.0,383.0,383.0,383.0,383.0,383.0,3.0,,,,,2017_SBU4_02060979,0
384,384.0,384.0,384.0,384.0,384.0,384.0,384.0,384.0,4.0,,,,,2017_SBU4_02060980,0
385,385.0,385.0,385.0,385.0,385.0,385.0,385.0,385.0,5.0,,,,,2017_SBU4_02060981,0
386,386.0,386.0,386.0,386.0,386.0,386.0,386.0,386.0,6.0,,,,,2017_SBU4_02060982,0
387,387.0,387.0,387.0,387.0,387.0,387.0,387.0,387.0,7.0,,,,,2017_SBU4_02060983,0
388,388.0,388.0,388.0,388.0,388.0,388.0,388.0,388.0,8.0,,,,,2017_SBU4_02060984,0
389,389.0,389.0,389.0,389.0,389.0,389.0,389.0,389.0,9.0,,,,,2017_SBU4_02060985,0
390,390.0,390.0,390.0,390.0,390.0,390.0,390.0,390.0,0.0,,,,,2017_SBU4_02060986,0
391,391.0,391.0,391.0,391.0,391.0,391.0,391.0,391.0,1.0,,,,,2017_SBU4_02060987,0
392,392.0,392.0,392.0,392.0,392.0,392.0,392.0,392.0,2.0,,,,,2017_SBU4_02060988,0
393,393.0,393.0,393.0,393.0,393.0,393.0,393.0,393.0,3.0,,,,,2017_SBU4_02060989,1
394,394.0,394.0,394.0,394.0,394.0,394.0,394.0,394.0,4.0,,,,,2017_SBU4_02060990,1
395,395.0,395.0,395.0,395.0,395.0,395.0,395.0,395.0,5.0,,,,,2017_SBU4_02060991,1
396,396.0,396.0,396.0,396.0,396.0,396.0,396.0,396.0,6.0,,,,,2017_SBU4_02060992,2
397,397.0,397.0,397.0,397.0,397.0,397.0,397.0,397.0,7.0,,,,,2017_SBU4_02060993,1
398,398.0,398.0,398.0,398.0,398.0,398.0,398.0,398.0,8.0,,,,,2017_SBU4_02060994,0
399,399.0,399.0,399.0,399.0,399.0,399.0,399.0,399.0,9.0,,,,,2017_SBU4_02060995,0
400,400.0,400.0,400.0,400.0,400.0,400.0,400.0,400.0,0.0,,,,,2017_SBU4_02060996,0
401,401.0,401.0,401.0,401.0,401.0,401.0,401.0,401.0,1.0,,,,,2017_SBU4_02060997,0
402,402.0,402.0,402.0,402.0,402.0,402.0,402.0,402.0,2.0,,,,,2017_SBU4_02060998,0
403,403.0,403.0,403.0,403.0,403.0,403.0,403.0,403.0,3.0,,,,,2017_SBU4_02060999,0
404,404.0,404.0,404.0,404.0,404.0,404.0,404.0,404.0,4.0,,,,,2017_SBU4_02070066,0
405,405.0,405.0,405.0,405.0,405.0,405.0,405.0,405.0,5.0,,,,,2017_SBU4_02070067,4
406,406.0,406.0,406.0,406.0,406.0,406.0,406.0,406.0,6.0,,,,,2017_SBU4_02070068,4
407,407.0,407.0,407.0,407.0,407.0,407.0,407.0,407.0,7.0,,,,,2017_SBU4_02070069,4
408,408.0,408.0,408.0,408.0,408.0,408.0,408.0,408.0,8.0,,,,,2017_SBU4_02070070,4
409,409.0,409.0,409.0,409.0,409.0,409.0,409.0,409.0,9.0,,,,,2017_SBU4_02070071,4
410,410.0,410.0,410.0,410.0,410.0,410.0,410.0,0.0,,,,,,2017_SBU4_02070072,4
411,411.0,411.0,411.0,411.0,411.0,411.0,411.0,1.0,,,,,,2017_SBU4_02070073,2
412,412.0,412.0,412.0,412.0,412.0,412.0,412.0,2.0,,,,,,2017_SBU4_02070074,0
413,413.0,413.0,413.0,413.0,413.0,413.0,413.0,3.0,,,,,,2017_SBU4_02070075,0
414,414.0,414.0,414.0,414.0,414.0,414.0,414.0,4.0,,,,,,2017_SBU4_02070076,0
415,415.0,415.0,415.0,415.0,415.0,415.0,415.0,5.0,,,,,,2017_SBU4_02070077,0
416,416.0,416.0,416.0,416.0,416.0,416.0,416.0,6.0,,,,,,2017_SBU4_02070078,0
417,417.0,417.0,417.0,417.0,417.0,417.0,417.0,7.0,,,,,,2017_SBU4_02070079,0
418,418.0,418.0,418.0,418.0,418.0,418.0,418.0,8.0,,,,,,2017_SBU4_02070080,3
419,419.0,419.0,419.0,419.0,419.0,419.0,419.0,9.0,,,,,,2017_SBU4_02070081,0
420,420.0,420.0,420.0,420.0,420.0,420.0,420.0,0.0,,,,,,2017_SBU4_02070082,0
421,421.0,421.0,421.0,421.0,421.0,421.0,421.0,1.0,,,,,,2017_SBU4_02070083,0
422,422.0,422.0,422.0,422.0,422.0,422.0,422.0,2.0,,,,,,2017_SBU4_02070084,0
423,423.0,423.0,423.0,423.0,423.0,423.0,423.0,3.0,,,,,,2017_SBU4_02070085,0
424,424.0,424.0,424.0,424.0,424.0,424.0,424.0,4.0,,,,,,2017_SBU4_02070086,0
425,425.0,425.0,425.0,425.0,425.0,425.0,425.0,5.0,,,,,,2017_SBU4_02070087,0
426,426.0,426.0,426.0,426.0,426.0,426.0,426.0,6.0,,,,,,2017_SBU4_02070088,0
427,427.0,427.0,427.0,427.0,427.0,427.0,427.0,7.0,,,,,,2017_SBU4_02070089,1
428,428.0,428.0,428.0,428.0,428.0,428.0,428.0,8.0,,,,,,2017_SBU4_02070090,1
429,429.0,429.0,429.0,429.0,429.0,429.0,429.0,9.0,,,,,,2017_SBU4_02070091,1
430,430.0,430.0,430.0,430.0,430.0,430.0,430.0,0.0,,,,,,2017_SBU4_02070092,1
431,431.0,431.0,431.0,431.0,431.0,431.0,431.0,1.0,,,,,,2017_SBU4_02070093,1
432,432.0,432.0,432.0,432.0,432.0,432.0,432.0,2.0,,,,,,2017_SBU4_02070094,1
433,433.0,433.0,433.0,433.0,433.0,433.0,433.0,3.0,,,,,,2017_SBU4_02070095,0
434,434.0,434.0,434.0,434.0,434.0,434.0,434.0,4.0,,,,,,2017_SBU4_02070096,0
435,435.0,435.0,435.0,435.0,435.0,435.0,435.0,5.0,,,,,,2017_SBU4_02070097,0
436,436.0,436.0,436.0,436.0,436.0,436.0,436.0,6.0,,,,,,2017_SBU4_02070098,0
437,437.0,437.0,437.0,437.0,437.0,437.0,437.0,7.0,,,,,,2017_SBU4_02070099,0
438,438.0,438.0,438.0,438.0,438.0,438.0,438.0,8.0,,,,,,2017_SBU4_02070100,0
439,439.0,439.0,439.0,439.0,439.0,439.0,439.0,9.0,,,,,,2017_SBU4_02070101,0
440,440.0,440.0,440.0,440.0,440.0,440.0,440.0,0.0,,,,,,2017_SBU4_02070102,0
441,441.0,441.0,441.0,441.0,441.0,441.0,441.0,1.0,,,,,,2017_SBU4_02070103,0
442,442.0,442.0,442.0,442.0,442.0,442.0,442.0,2.0,,,,,,2017_SBU4_02070104,3
443,443.0,443.0,443.0,443.0,443.0,443.0,443.0,3.0,,,,,,2017_SBU4_02070105,1
444,444.0,444.0,444.0,444.0,444.0,444.0,444.0,4.0,,,,,,2017_SBU4_02070106,0
445,445.0,445.0,445.0,445.0,445.0,445.0,445.0,5.0,,,,,,2017_SBU4_02080175,0
446,446.0,446.0,446.0,446.0,446.0,446.0,446.0,6.0,,,,,,2017_SBU4_02080176,0
447,447.0,447.0,447.0,447.0,447.0,447.0,447.0,7.0,,,,,,2017_SBU4_02080177,3
448,448.0,448.0,448.0,448.0,448.0,448.0,448.0,8.0,,,,,,2017_SBU4_02080178,3
449,449.0,449.0,449.0,449.0,449.0,449.0,449.0,9.0,,,,,,2017_SBU4_02080179,0
450,450.0,450.0,450.0,450.0,450.0,450.0,450.0,0.0,,,,,,2017_SBU4_02080180,0
451,451.0,451.0,451.0,451.0,451.0,451.0,451.0,1.0,,,,,,2017_SBU4_02080181,1
452,452.0,452.0,452.0,452.0,452.0,452.0,452.0,2.0,,,,,,2017_SBU4_02080182,3
453,453.0,453.0,453.0,453.0,453.0,453.0,453.0,3.0,,,,,,2017_SBU4_02080183,0
454,454.0,454.0,454.0,454.0,454.0,454.0,454.0,4.0,,,,,,2017_SBU4_02080184,3
455,455.0,455.0,455.0,455.0,455.0,455.0,455.0,5.0,,,,,,2017_SBU4_02080185,0
456,456.0,456.0,456.0,456.0,456.0,456.0,456.0,6.0,,,,,,2017_SBU4_02080186,3
457,457.0,457.0,457.0,457.0,457.0,457.0,457.0,7.0,,,,,,2017_SBU4_02080187,0
458,458.0,458.0,458.0,458.0,458.0,458.0,458.0,8.0,,,,,,2017_SBU4_02080188,0
459,459.0,459.0,459.0,459.0,459.0,459.0,459.0,9.0,,,,,,2017_SBU4_02080189,0
460,460.0,460.0,460.0,460.0,460.0,460.0,460.0,0.0,,,,,,2017_SBU4_02080190,0
461,461.0,461.0,461.0,461.0,461.0,461.0,461.0,1.0,,,,,,2017_SBU4_02080191,0
462,462.0,462.0,462.0,462.0,462.0,462.0,462.0,2.0,,,,,,2017_SBU4_02080192,0
463,463.0,463.0,463.0,463.0,463.0,463.0,463.0,3.0,,,,,,2017_SBU4_02080193,3
464,464.0,464.0,464.0,464.0,464.0,464.0,464.0,4.0,,,,,,2017_SBU4_02080194,0
465,465.0,465.0,465.0,465.0,465.0,465.0,465.0,5.0,,,,,,2017_SBU4_02080195,0
466,466.0,466.0,466.0,466.0,466.0,466.0,466.0,6.0,,,,,,2017_SBU4_02080196,0
467,467.0,467.0,467.0,467.0,467.0,467.0,467.0,7.0,,,,,,2017_SBU4_02080197,0
468,468.0,468.0,468.0,468.0,468.0,468.0,468.0,8.0,,,,,,2017_SBU4_02080198,0
469,469.0,469.0,469.0,469.0,469.0,469.0,469.0,9.0,,,,,,2017_SBU4_02080199,0
470,470.0,470.0,470.0,470.0,470.0,470.0,470.0,0.0,,,,,,2017_SBU4_02080200,0
471,471.0,471.0,471.0,471.0,471.0,471.0,471.0,1.0,,,,,,2017_SBU4_02080201,0
472,472.0,472.0,472.0,472.0,472.0,472.0,472.0,2.0,,,,,,2017_SBU4_02080202,0
473,473.0,473.0,473.0,473.0,473.0,473.0,473.0,3.0,,,,,,2017_SBU4_02080203,0
474,474.0,474.0,474.0,474.0,474.0,474.0,474.0,4.0,,,,,,2017_SBU4_02080204,0
475,475.0,475.0,475.0,475.0,475.0,475.0,475.0,5.0,,,,,,2017_SBU4_02080205,0
476,476.0,476.0,476.0,476.0,476.0,476.0,476.0,6.0,,,,,,2017_SBU4_02080206,0
477,477.0,477.0,477.0,477.0,477.0,477.0,477.0,7.0,,,,,,2017_SBU4_02080207,0
478,478.0,478.0,478.0,478.0,478.0,478.0,478.0,8.0,,,,,,2017_SBU4_02080208,0
479,479.0,479.0,479.0,479.0,479.0,479.0,479.0,9.0,,,,,,2017_SBU4_02080209,0
480,480.0,480.0,480.0,480.0,480.0,480.0,480.0,0.0,,,,,,2017_SBU4_02080210,0
481,481.0,481.0,481.0,481.0,481.0,481.0,481.0,1.0,,,,,,2017_SBU4_02080211,0
482,482.0,482.0,482.0,482.0,482.0,482.0,482.0,2.0,,,,,,2017_SBU4_02080212,0
483,483.0,483.0,483.0,483.0,483.0,483.0,483.0,3.0,,,,,,2017_SBU4_02080213,0
484,484.0,484.0,484.0,484.0,484.0,484.0,484.0,4.0,,,,,,2017_SBU4_02090273,0
485,485.0,485.0,485.0,485.0,485.0,485.0,485.0,5.0,,,,,,2017_SBU4_02090274,0
486,486.0,486.0,486.0,486.0,486.0,486.0,486.0,6.0,,,,,,2017_SBU4_02090275,0
487,487.0,487.0,487.0,487.0,487.0,487.0,487.0,7.0,,,,,,2017_SBU4_02090276,0
488,488.0,488.0,488.0,488.0,488.0,488.0,488.0,8.0,,,,,,2017_SBU4_02090277,0
489,489.0,489.0,489.0,489.0,489.0,489.0,489.0,9.0,,,,,,2017_SBU4_02090278,0
490,490.0,490.0,490.0,490.0,490.0,490.0,0.0,,,,,,,2017_SBU4_02090279,0
491,491.0,491.0,491.0,491.0,491.0,491.0,1.0,,,,,,,2017_SBU4_02090280,3
492,492.0,492.0,492.0,492.0,492.0,492.0,2.0,,,,,,,2017_SBU4_02090281,0
493,493.0,493.0,493.0,493.0,493.0,493.0,3.0,,,,,,,2017_SBU4_02090282,0
494,494.0,494.0,494.0,494.0,494.0,494.0,4.0,,,,,,,2017_SBU4_02090283,3
495,495.0,495.0,495.0,495.0,495.0,495.0,5.0,,,,,,,2017_SBU4_02090284,0
496,496.0,496.0,496.0,496.0,496.0,496.0,6.0,,,,,,,2017_SBU4_02090285,0
497,497.0,497.0,497.0,497.0,497.0,497.0,7.0,,,,,,,2017_SBU4_02090286,0
498,498.0,498.0,498.0,498.0,498.0,498.0,8.0,,,,,,,2017_SBU4_02090287,0
499,499.0,499.0,499.0,499.0,499.0,499.0,9.0,,,,,,,2017_SBU4_02090288,0
500,500.0,500.0,500.0,500.0,500.0,500.0,0.0,,,,,,,2017_SBU4_02090289,0
501,501.0,501.0,501.0,501.0,501.0,501.0,1.0,,,,,,,2017_SBU4_02090290,0
502,502.0,502.0,502.0,502.0,502.0,502.0,2.0,,,,,,,2017_SBU4_02090291,0
503,503.0,503.0,503.0,503.0,503.0,503.0,3.0,,,,,,,2017_SBU4_02090292,0
504,504.0,504.0,504.0,504.0,504.0,504.0,4.0,,,,,,,2017_SBU4_02090293,0
505,505.0,505.0,505.0,505.0,505.0,505.0,5.0,,,,,,,2017_SBU4_02090294,0
506,506.0,506.0,506.0,506.0,506.0,506.0,6.0,,,,,,,2017_SBU4_02090295,0
507,507.0,507.0,507.0,507.0,507.0,507.0,7.0,,,,,,,2017_SBU4_02090296,0
508,508.0,508.0,508.0,508.0,508.0,508.0,8.0,,,,,,,2017_SBU4_02090297,0
509,509.0,509.0,509.0,509.0,509.0,509.0,9.0,,,,,,,2017_SBU4_02090298,2
510,510.0,510.0,510.0,510.0,510.0,510.0,0.0,,,,,,,2017_SBU4_02090299,2
511,511.0,511.0,511.0,511.0,511.0,511.0,1.0,,,,,,,2017_SBU4_02090300,2
512,512.0,512.0,512.0,512.0,512.0,512.0,2.0,,,,,,,2017_SBU4_02090301,4
513,513.0,513.0,513.0,513.0,513.0,513.0,3.0,,,,,,,2017_SBU4_02090302,4
514,514.0,514.0,514.0,514.0,514.0,514.0,4.0,,,,,,,2017_SBU4_02090303,4
515,515.0,515.0,515.0,515.0,515.0,515.0,5.0,,,,,,,2017_SBU4_02090304,4
516,516.0,516.0,516.0,516.0,516.0,516.0,6.0,,,,,,,2017_SBU4_02090305,0
517,517.0,517.0,517.0,517.0,517.0,517.0,7.0,,,,,,,2017_SBU4_02090306,0
518,518.0,518.0,518.0,518.0,518.0,518.0,8.0,,,,,,,2017_SBU4_02090307,0
519,519.0,519.0,519.0,519.0,519.0,519.0,9.0,,,,,,,2017_SBU4_02090308,0
520,520.0,520.0,520.0,520.0,520.0,0.0,,,,,,,,2017_SBU4_02090309,3
521,521.0,521.0,521.0,521.0,521.0,1.0,,,,,,,,2017_SBU4_02090310,0
522,522.0,522.0,522.0,522.0,522.0,2.0,,,,,,,,2017_SBU4_02100371,0
523,523.0,523.0,523.0,523.0,523.0,3.0,,,,,,,,2017_SBU4_02100372,0
524,524.0,524.0,524.0,524.0,524.0,4.0,,,,,,,,2017_SBU4_02100373,0
525,525.0,525.0,525.0,525.0,525.0,5.0,,,,,,,,2017_SBU4_02100374,0
526,526.0,526.0,526.0,526.0,526.0,6.0,,,,,,,,2017_SBU4_02100375,3
527,527.0,527.0,527.0,527.0,527.0,7.0,,,,,,,,2017_SBU4_02100376,0
528,528.0,528.0,528.0,528.0,528.0,8.0,,,,,,,,2017_SBU4_02100377,0
529,529.0,529.0,529.0,529.0,529.0,9.0,,,,,,,,2017_SBU4_02100378,0
530,530.0,530.0,530.0,530.0,530.0,0.0,,,,,,,,2017_SBU4_02100379,0
531,531.0,531.0,531.0,531.0,531.0,1.0,,,,,,,,2017_SBU4_02100380,0
532,532.0,532.0,532.0,532.0,532.0,2.0,,,,,,,,2017_SBU4_02100381,0
533,533.0,533.0,533.0,533.0,533.0,3.0,,,,,,,,2017_SBU4_02100382,0
534,534.0,534.0,534.0,534.0,534.0,4.0,,,,,,,,2017_SBU4_02100383,0
535,535.0,535.0,535.0,535.0,535.0,5.0,,,,,,,,2017_SBU4_02100384,0
536,536.0,536.0,536.0,536.0,536.0,6.0,,,,,,,,2017_SBU4_02100385,0
537,537.0,537.0,537.0,537.0,537.0,7.0,,,,,,,,2017_SBU4_02100386,0
538,538.0,538.0,538.0,538.0,538.0,8.0,,,,,,,,2017_SBU4_02100387,0
539,539.0,539.0,539.0,539.0,539.0,9.0,,,,,,,,2017_SBU4_02100388,3
540,540.0,540.0,540.0,540.0,540.0,0.0,,,,,,,,2017_SBU4_02100389,0
541,541.0,541.0,541.0,541.0,541.0,1.0,,,,,,,,2017_SBU4_02100390,0
542,542.0,542.0,542.0,542.0,542.0,2.0,,,,,,,,2017_SBU4_02100391,0
543,543.0,543.0,543.0,543.0,543.0,3.0,,,,,,,,2017_SBU4_02100392,0
544,544.0,544.0,544.0,544.0,544.0,4.0,,,,,,,,2017_SBU4_02100393,0
545,545.0,545.0,545.0,545.0,545.0,5.0,,,,,,,,2017_SBU4_02100394,0
546,546.0,546.0,546.0,546.0,546.0,6.0,,,,,,,,2017_SBU4_02100395,0
547,547.0,547.0,547.0,547.0,547.0,7.0,,,,,,,,2017_SBU4_02100396,0
548,548.0,548.0,548.0,548.0,548.0,8.0,,,,,,,,2017_SBU4_02100397,0
549,549.0,549.0,549.0,549.0,549.0,9.0,,,,,,,,2017_SBU4_02100398,0
550,550.0,550.0,550.0,550.0,550.0,0.0,,,,,,,,2017_SBU4_02100399,0
551,551.0,551.0,551.0,551.0,551.0,1.0,,,,,,,,2017_SBU4_02100400,0
552,552.0,552.0,552.0,552.0,552.0,2.0,,,,,,,,2017_SBU4_02100401,0
553,553.0,553.0,553.0,553.0,553.0,3.0,,,,,,,,2017_SBU4_02100402,0
554,554.0,554.0,554.0,554.0,554.0,4.0,,,,,,,,2017_SBU4_02100403,0
555,555.0,555.0,555.0,555.0,555.0,5.0,,,,,,,,2017_SBU4_02100404,0
556,556.0,556.0,556.0,556.0,556.0,6.0,,,,,,,,2017_SBU4_02100405,0
557,557.0,557.0,557.0,557.0,557.0,7.0,,,,,,,,2017_SBU4_02100406,0
558,558.0,558.0,558.0,558.0,558.0,8.0,,,,,,,,2017_SBU4_02100407,0
559,559.0,559.0,559.0,559.0,559.0,9.0,,,,,,,,2017_SBU4_02100408,3
560,560.0,560.0,560.0,560.0,560.0,0.0,,,,,,,,2017_SBU4_02100409,3
561,561.0,561.0,561.0,561.0,561.0,1.0,,,,,,,,2017_SBU4_02100410,3
562,562.0,562.0,562.0,562.0,562.0,2.0,,,,,,,,2017_SBU4_02100411,3
563,563.0,563.0,563.0,563.0,563.0,3.0,,,,,,,,2017_SBU4_02100412,3
564,564.0,564.0,564.0,564.0,564.0,4.0,,,,,,,,2017_SBU4_02110469,0
565,565.0,565.0,565.0,565.0,565.0,5.0,,,,,,,,2017_SBU4_02110470,0
566,566.0,566.0,566.0,566.0,566.0,6.0,,,,,,,,2017_SBU4_02110471,0
567,567.0,567.0,567.0,567.0,567.0,7.0,,,,,,,,2017_SBU4_02110472,0
568,568.0,568.0,568.0,568.0,568.0,8.0,,,,,,,,2017_SBU4_02110473,0
569,569.0,569.0,569.0,569.0,569.0,9.0,,,,,,,,2017_SBU4_02110474,3
570,570.0,570.0,570.0,570.0,570.0,0.0,,,,,,,,2017_SBU4_02110475,0
571,571.0,571.0,571.0,571.0,571.0,1.0,,,,,,,,2017_SBU4_02110476,3
572,572.0,572.0,572.0,572.0,572.0,2.0,,,,,,,,2017_SBU4_02110477,0
573,573.0,573.0,573.0,573.0,573.0,3.0,,,,,,,,2017_SBU4_02110478,0
574,574.0,574.0,574.0,574.0,574.0,4.0,,,,,,,,2017_SBU4_02110479,0
575,575.0,575.0,575.0,575.0,575.0,5.0,,,,,,,,2017_SBU4_02110480,0
576,576.0,576.0,576.0,576.0,576.0,6.0,,,,,,,,2017_SBU4_02110481,0
577,577.0,577.0,577.0,577.0,577.0,7.0,,,,,,,,2017_SBU4_02110482,0
578,578.0,578.0,578.0,578.0,578.0,8.0,,,,,,,,2017_SBU4_02110483,0
579,579.0,579.0,579.0,579.0,579.0,9.0,,,,,,,,2017_SBU4_02110484,0
580,580.0,580.0,580.0,580.0,580.0,0.0,,,,,,,,2017_SBU4_02110485,0
581,581.0,581.0,581.0,581.0,581.0,1.0,,,,,,,,2017_SBU4_02110486,0
582,582.0,582.0,582.0,582.0,582.0,2.0,,,,,,,,2017_SBU4_02110487,0
583,583.0,583.0,583.0,583.0,583.0,3.0,,,,,,,,2017_SBU4_02110488,0
584,584.0,584.0,584.0,584.0,584.0,4.0,,,,,,,,2017_SBU4_02110489,0
585,585.0,585.0,585.0,585.0,585.0,5.0,,,,,,,,2017_SBU4_02110490,0
586,586.0,586.0,586.0,586.0,586.0,6.0,,,,,,,,2017_SBU4_02110491,3
587,587.0,587.0,587.0,587.0,587.0,7.0,,,,,,,,2017_SBU4_02110492,0
588,588.0,588.0,588.0,588.0,588.0,8.0,,,,,,,,2017_SBU4_02110493,3
589,589.0,589.0,589.0,589.0,589.0,9.0,,,,,,,,2017_SBU4_02110494,0
590,590.0,590.0,590.0,590.0,590.0,0.0,,,,,,,,2017_SBU4_02110495,0
591,591.0,591.0,591.0,591.0,591.0,1.0,,,,,,,,2017_SBU4_02110496,0
592,592.0,592.0,592.0,592.0,592.0,2.0,,,,,,,,2017_SBU4_02110497,0
593,593.0,593.0,593.0,593.0,593.0,3.0,,,,,,,,2017_SBU4_02110498,0
594,594.0,594.0,594.0,594.0,594.0,4.0,,,,,,,,2017_SBU4_02110499,0
595,595.0,595.0,595.0,595.0,595.0,5.0,,,,,,,,2017_SBU4_02110500,0
596,596.0,596.0,596.0,596.0,596.0,6.0,,,,,,,,2017_SBU4_02110501,0
597,597.0,597.0,597.0,597.0,597.0,7.0,,,,,,,,2017_SBU4_02110502,0
598,598.0,598.0,598.0,598.0,598.0,8.0,,,,,,,,2017_SBU4_02110503,0
599,599.0,599.0,599.0,599.0,599.0,9.0,,,,,,,,2017_SBU4_02110504,0
600,600.0,600.0,600.0,600.0,0.0,,,,,,,,,2017_SBU4_02110505,0
601,601.0,601.0,601.0,601.0,1.0,,,,,,,,,2017_SBU4_02110506,0
602,602.0,602.0,602.0,602.0,2.0,,,,,,,,,2017_SBU4_02110507,0
603,603.0,603.0,603.0,603.0,3.0,,,,,,,,,2017_SBU4_02110508,0
604,604.0,604.0,604.0,604.0,4.0,,,,,,,,,2017_SBU4_02110509,0
605,605.0,605.0,605.0,605.0,5.0,,,,,,,,,2017_SBU4_02110510,1
606,606.0,606.0,606.0,606.0,6.0,,,,,,,,,2017_SBU4_02120568,1
607,607.0,607.0,607.0,607.0,7.0,,,,,,,,,2017_SBU4_02120569,1
608,608.0,608.0,608.0,608.0,8.0,,,,,,,,,2017_SBU4_02120570,1
609,609.0,609.0,609.0,609.0,9.0,,,,,,,,,2017_SBU4_02120571,0
610,610.0,610.0,610.0,610.0,0.0,,,,,,,,,2017_SBU4_02120572,0
611,611.0,611.0,611.0,611.0,1.0,,,,,,,,,2017_SBU4_02120573,0
612,612.0,612.0,612.0,612.0,2.0,,,,,,,,,2017_SBU4_02120574,1
613,613.0,613.0,613.0,613.0,3.0,,,,,,,,,2017_SBU4_02120575,0
614,614.0,614.0,614.0,614.0,4.0,,,,,,,,,2017_SBU4_02120576,0
615,615.0,615.0,615.0,615.0,5.0,,,,,,,,,2017_SBU4_02120577,0
616,616.0,616.0,616.0,616.0,6.0,,,,,,,,,2017_SBU4_02120578,0
617,617.0,617.0,617.0,617.0,7.0,,,,,,,,,2017_SBU4_02120579,0
618,618.0,618.0,618.0,618.0,8.0,,,,,,,,,2017_SBU4_02120580,0
619,619.0,619.0,619.0,619.0,9.0,,,,,,,,,2017_SBU4_02120581,0
620,620.0,620.0,620.0,620.0,0.0,,,,,,,,,2017_SBU4_02120582,0
621,621.0,621.0,621.0,621.0,1.0,,,,,,,,,2017_SBU4_02120583,0
622,622.0,622.0,622.0,622.0,2.0,,,,,,,,,2017_SBU4_02120584,0
623,623.0,623.0,623.0,623.0,3.0,,,,,,,,,2017_SBU4_02120585,0
624,624.0,624.0,624.0,624.0,4.0,,,,,,,,,2017_SBU4_02120586,0
625,625.0,625.0,625.0,625.0,5.0,,,,,,,,,2017_SBU4_02120587,0
626,626.0,626.0,626.0,626.0,6.0,,,,,,,,,2017_SBU4_02120588,0
627,627.0,627.0,627.0,627.0,7.0,,,,,,,,,2017_SBU4_02120589,0
628,628.0,628.0,628.0,628.0,8.0,,,,,,,,,2017_SBU4_02120590,0
629,629.0,629.0,629.0,629.0,9.0,,,,,,,,,2017_SBU4_02120591,0
630,630.0,630.0,630.0,630.0,0.0,,,,,,,,,2017_SBU4_02120592,0
631,631.0,631.0,631.0,631.0,1.0,,,,,,,,,2017_SBU4_02120593,0
632,632.0,632.0,632.0,632.0,2.0,,,,,,,,,2017_SBU4_02120594,0
633,633.0,633.0,633.0,633.0,3.0,,,,,,,,,2017_SBU4_02120595,0
634,634.0,634.0,634.0,634.0,4.0,,,,,,,,,2017_SBU4_02120596,0
635,635.0,635.0,635.0,635.0,5.0,,,,,,,,,2017_SBU4_02120597,0
636,636.0,636.0,636.0,636.0,6.0,,,,,,,,,2017_SBU4_02120598,0
637,637.0,637.0,637.0,637.0,7.0,,,,,,,,,2017_SBU4_02120599,0
638,638.0,638.0,638.0,638.0,8.0,,,,,,,,,2017_SBU4_02120600,0
639,639.0,639.0,639.0,639.0,9.0,,,,,,,,,2017_SBU4_02120601,0
640,640.0,640.0,640.0,640.0,0.0,,,,,,,,,2017_SBU4_02120602,0
641,641.0,641.0,641.0,641.0,1.0,,,,,,,,,2017_SBU4_02120603,0
642,642.0,642.0,642.0,642.0,2.0,,,,,,,,,2017_SBU4_02120604,0
643,643.0,643.0,643.0,643.0,3.0,,,,,,,,,2017_SBU4_02120605,0
644,644.0,644.0,644.0,644.0,4.0,,,,,,,,,2017_SBU4_02120606,3
645,645.0,645.0,645.0,645.0,5.0,,,,,,,,,2017_SBU4_02120607,4
646,646.0,646.0,646.0,646.0,6.0,,,,,,,,,2017_SBU4_02120608,4
647,647.0,647.0,647.0,647.0,7.0,,,,,,,,,2017_SBU4_02120609,4
648,648.0,648.0,648.0,648.0,8.0,,,,,,,,,2017_SBU4_02120610,4
649,649.0,649.0,649.0,649.0,9.0,,,,,,,,,2017_SBU4_02120611,4
650,650.0,650.0,650.0,650.0,0.0,,,,,,,,,2017_SBU4_02130671,0
651,651.0,651.0,651.0,651.0,1.0,,,,,,,,,2017_SBU4_02130672,0
652,652.0,652.0,652.0,652.0,2.0,,,,,,,,,2017_SBU4_02130673,0
653,653.0,653.0,653.0,653.0,3.0,,,,,,,,,2017_SBU4_02130674,3
654,654.0,654.0,654.0,654.0,4.0,,,,,,,,,2017_SBU4_02130675,0
655,655.0,655.0,655.0,655.0,5.0,,,,,,,,,2017_SBU4_02130676,3
656,656.0,656.0,656.0,656.0,6.0,,,,,,,,,2017_SBU4_02130677,0
657,657.0,657.0,657.0,657.0,7.0,,,,,,,,,2017_SBU4_02130678,0
658,658.0,658.0,658.0,658.0,8.0,,,,,,,,,2017_SBU4_02130679,0
659,659.0,659.0,659.0,659.0,9.0,,,,,,,,,2017_SBU4_02130680,0
660,660.0,660.0,660.0,660.0,0.0,,,,,,,,,2017_SBU4_02130681,0
661,661.0,661.0,661.0,661.0,1.0,,,,,,,,,2017_SBU4_02130682,0
662,662.0,662.0,662.0,662.0,2.0,,,,,,,,,2017_SBU4_02130683,0
663,663.0,663.0,663.0,663.0,3.0,,,,,,,,,2017_SBU4_02130684,0
664,664.0,664.0,664.0,664.0,4.0,,,,,,,,,2017_SBU4_02130685,0
665,665.0,665.0,665.0,665.0,5.0,,,,,,,,,2017_SBU4_02130686,0
666,666.0,666.0,666.0,666.0,6.0,,,,,,,,,2017_SBU4_02130687,0
667,667.0,667.0,667.0,667.0,7.0,,,,,,,,,2017_SBU4_02130688,0
668,668.0,668.0,668.0,668.0,8.0,,,,,,,,,2017_SBU4_02130689,0
669,669.0,669.0,669.0,669.0,9.0,,,,,,,,,2017_SBU4_02130690,0
670,670.0,670.0,670.0,670.0,0.0,,,,,,,,,2017_SBU4_02130691,0
671,671.0,671.0,671.0,671.0,1.0,,,,,,,,,2017_SBU4_02130692,4
672,672.0,672.0,672.0,672.0,2.0,,,,,,,,,2017_SBU4_02130693,4
673,673.0,673.0,673.0,673.0,3.0,,,,,,,,,2017_SBU4_02130694,0
674,674.0,674.0,674.0,674.0,4.0,,,,,,,,,2017_SBU4_02130695,0
675,675.0,675.0,675.0,675.0,5.0,,,,,,,,,2017_SBU4_02130696,0
676,676.0,676.0,676.0,676.0,6.0,,,,,,,,,2017_SBU4_02130697,0
677,677.0,677.0,677.0,677.0,7.0,,,,,,,,,2017_SBU4_02130698,0
678,678.0,678.0,678.0,678.0,8.0,,,,,,,,,2017_SBU4_02130699,0
679,679.0,679.0,679.0,679.0,9.0,,,,,,,,,2017_SBU4_02130700,0
680,680.0,680.0,680.0,680.0,0.0,,,,,,,,,2017_SBU4_02130701,0
681,681.0,681.0,681.0,681.0,1.0,,,,,,,,,2017_SBU4_02130702,0
682,682.0,682.0,682.0,682.0,2.0,,,,,,,,,2017_SBU4_02130703,0
683,683.0,683.0,683.0,683.0,3.0,,,,,,,,,2017_SBU4_02130704,0
684,684.0,684.0,684.0,684.0,4.0,,,,,,,,,2017_SBU4_02130705,4
685,685.0,685.0,685.0,685.0,5.0,,,,,,,,,2017_SBU4_02130706,4
686,686.0,686.0,686.0,686.0,6.0,,,,,,,,,2017_SBU4_02130707,4
687,687.0,687.0,687.0,687.0,7.0,,,,,,,,,2017_SBU4_02130708,0
688,688.0,688.0,688.0,688.0,8.0,,,,,,,,,2017_SBU4_02130709,0
689,689.0,689.0,689.0,689.0,9.0,,,,,,,,,2017_SBU4_02130710,0
690,690.0,690.0,690.0,690.0,0.0,,,,,,,,,2017_SBU4_02130711,3
691,691.0,691.0,691.0,691.0,1.0,,,,,,,,,2017_SBU4_02130712,3
692,692.0,692.0,692.0,692.0,2.0,,,,,,,,,2017_SBU4_02130713,3
693,693.0,693.0,693.0,693.0,3.0,,,,,,,,,2017_SBU4_02140770,2
694,694.0,694.0,694.0,694.0,4.0,,,,,,,,,2017_SBU4_02140771,2
695,695.0,695.0,695.0,695.0,5.0,,,,,,,,,2017_SBU4_02140772,4
696,696.0,696.0,696.0,696.0,6.0,,,,,,,,,2017_SBU4_02140773,4
697,697.0,697.0,697.0,697.0,7.0,,,,,,,,,2017_SBU4_02140774,4
698,698.0,698.0,698.0,698.0,8.0,,,,,,,,,2017_SBU4_02140775,4
699,699.0,699.0,699.0,699.0,9.0,,,,,,,,,2017_SBU4_02140776,4
700,700.0,700.0,700.0,700.0,0.0,,,,,,,,,2017_SBU4_02140777,3
701,701.0,701.0,701.0,701.0,1.0,,,,,,,,,2017_SBU4_02140778,0
702,702.0,702.0,702.0,702.0,2.0,,,,,,,,,2017_SBU4_02140779,3
703,703.0,703.0,703.0,703.0,3.0,,,,,,,,,2017_SBU4_02140780,3
704,704.0,704.0,704.0,704.0,4.0,,,,,,,,,2017_SBU4_02140781,3
705,705.0,705.0,705.0,705.0,5.0,,,,,,,,,2017_SBU4_02140782,0
706,706.0,706.0,706.0,706.0,6.0,,,,,,,,,2017_SBU4_02140783,0
707,707.0,707.0,707.0,707.0,7.0,,,,,,,,,2017_SBU4_02140784,0
708,708.0,708.0,708.0,708.0,8.0,,,,,,,,,2017_SBU4_02140785,0
709,709.0,709.0,709.0,709.0,9.0,,,,,,,,,2017_SBU4_02140786,0
710,710.0,710.0,710.0,710.0,0.0,,,,,,,,,2017_SBU4_02140787,0
711,711.0,711.0,711.0,711.0,1.0,,,,,,,,,2017_SBU4_02140788,3
712,712.0,712.0,712.0,712.0,2.0,,,,,,,,,2017_SBU4_02140789,4
713,713.0,713.0,713.0,713.0,3.0,,,,,,,,,2017_SBU4_02140790,0
714,714.0,714.0,714.0,714.0,4.0,,,,,,,,,2017_SBU4_02140791,0
715,715.0,715.0,715.0,715.0,5.0,,,,,,,,,2017_SBU4_02140792,0
716,716.0,716.0,716.0,716.0,6.0,,,,,,,,,2017_SBU4_02140793,0
717,717.0,717.0,717.0,717.0,7.0,,,,,,,,,2017_SBU4_02140794,0
718,718.0,718.0,718.0,718.0,8.0,,,,,,,,,2017_SBU4_02140795,0
719,719.0,719.0,719.0,719.0,9.0,,,,,,,,,2017_SBU4_02140796,0
720,720.0,720.0,720.0,720.0,0.0,,,,,,,,,2017_SBU4_02140797,0
721,721.0,721.0,721.0,721.0,1.0,,,,,,,,,2017_SBU4_02140798,4
722,722.0,722.0,722.0,722.0,2.0,,,,,,,,,2017_SBU4_02140799,3
723,723.0,723.0,723.0,723.0,3.0,,,,,,,,,2017_SBU4_02140800,3
724,724.0,724.0,724.0,724.0,4.0,,,,,,,,,2017_SBU4_02140801,3
725,725.0,725.0,725.0,725.0,5.0,,,,,,,,,2017_SBU4_02140802,0
726,726.0,726.0,726.0,726.0,6.0,,,,,,,,,2017_SBU4_02140803,0
727,727.0,727.0,727.0,727.0,7.0,,,,,,,,,2017_SBU4_02140804,0
728,728.0,728.0,728.0,728.0,8.0,,,,,,,,,2017_SBU4_02140805,0
729,729.0,729.0,729.0,729.0,9.0,,,,,,,,,2017_SBU4_02140806,0
730,730.0,730.0,730.0,0.0,,,,,,,,,,2017_SBU4_05140352,0
731,731.0,731.0,731.0,1.0,,,,,,,,,,2017_SBU4_05140353,0
732,732.0,732.0,732.0,2.0,,,,,,,,,,2017_SBU4_05140354,0
733,733.0,733.0,733.0,3.0,,,,,,,,,,2017_SBU4_05140355,0
734,734.0,734.0,734.0,4.0,,,,,,,,,,2017_SBU4_05140356,0
735,735.0,735.0,735.0,5.0,,,,,,,,,,2017_SBU4_05140357,0
736,736.0,736.0,736.0,6.0,,,,,,,,,,2017_SBU4_05140358,0
737,737.0,737.0,737.0,7.0,,,,,,,,,,2017_SBU4_05140359,0
738,738.0,738.0,738.0,8.0,,,,,,,,,,2017_SBU4_05140360,0
739,739.0,739.0,739.0,9.0,,,,,,,,,,2017_SBU4_05140361,0
740,740.0,740.0,740.0,0.0,,,,,,,,,,2017_SBU4_05140362,0
741,741.0,741.0,741.0,1.0,,,,,,,,,,2017_SBU4_05140363,0
742,742.0,742.0,742.0,2.0,,,,,,,,,,2017_SBU4_05140364,0
743,743.0,743.0,743.0,3.0,,,,,,,,,,2017_SBU4_05140365,0
744,744.0,744.0,744.0,4.0,,,,,,,,,,2017_SBU4_05140366,0
745,745.0,745.0,745.0,5.0,,,,,,,,,,2017_SBU4_05140367,1
746,746.0,746.0,746.0,6.0,,,,,,,,,,2017_SBU4_05140368,2
747,747.0,747.0,747.0,7.0,,,,,,,,,,2017_SBU4_05140369,2
748,748.0,748.0,748.0,8.0,,,,,,,,,,2017_SBU4_05140370,2
749,749.0,749.0,749.0,9.0,,,,,,,,,,2017_SBU4_05140371,0
750,750.0,750.0,750.0,0.0,,,,,,,,,,2017_SBU4_05140372,0
751,751.0,751.0,751.0,1.0,,,,,,,,,,2017_SBU4_05140373,0
752,752.0,752.0,752.0,2.0,,,,,,,,,,2017_SBU4_05140374,0
753,753.0,753.0,753.0,3.0,,,,,,,,,,2017_SBU4_05140375,0
754,754.0,754.0,754.0,4.0,,,,,,,,,,2017_SBU4_05140376,0
755,755.0,755.0,755.0,5.0,,,,,,,,,,2017_SBU4_05140377,0
756,756.0,756.0,756.0,6.0,,,,,,,,,,2017_SBU4_05140378,0
757,757.0,757.0,757.0,7.0,,,,,,,,,,2017_SBU4_05140379,0
758,758.0,758.0,758.0,8.0,,,,,,,,,,2017_SBU4_05140380,0
759,759.0,759.0,759.0,9.0,,,,,,,,,,2017_SBU4_05140381,0
760,760.0,760.0,760.0,0.0,,,,,,,,,,2017_SBU4_05140382,0
761,761.0,761.0,761.0,1.0,,,,,,,,,,2017_SBU4_05140383,0
762,762.0,762.0,762.0,2.0,,,,,,,,,,2017_SBU4_05140384,0
763,763.0,763.0,763.0,3.0,,,,,,,,,,2017_SBU4_05140385,0
764,764.0,764.0,764.0,4.0,,,,,,,,,,2017_SBU4_05140386,0
765,765.0,765.0,765.0,5.0,,,,,,,,,,2017_SBU4_05140387,0
766,766.0,766.0,766.0,6.0,,,,,,,,,,2017_SBU4_05140388,1
767,767.0,767.0,767.0,7.0,,,,,,,,,,2017_SBU4_05140389,3
768,768.0,768.0,768.0,8.0,,,,,,,,,,2017_SBU4_05150428,0
769,769.0,769.0,769.0,9.0,,,,,,,,,,2017_SBU4_05150429,0
770,770.0,770.0,770.0,0.0,,,,,,,,,,2017_SBU4_05150430,0
771,771.0,771.0,771.0,1.0,,,,,,,,,,2017_SBU4_05150431,0
772,772.0,772.0,772.0,2.0,,,,,,,,,,2017_SBU4_05150432,2
773,773.0,773.0,773.0,3.0,,,,,,,,,,2017_SBU4_05150433,1
774,774.0,774.0,774.0,4.0,,,,,,,,,,2017_SBU4_05150434,2
775,775.0,775.0,775.0,5.0,,,,,,,,,,2017_SBU4_05150435,0
776,776.0,776.0,776.0,6.0,,,,,,,,,,2017_SBU4_05150436,0
777,777.0,777.0,777.0,7.0,,,,,,,,,,2017_SBU4_05150437,0
778,778.0,778.0,778.0,8.0,,,,,,,,,,2017_SBU4_05150438,3
779,779.0,779.0,779.0,9.0,,,,,,,,,,2017_SBU4_05150439,3
780,780.0,780.0,780.0,0.0,,,,,,,,,,2017_SBU4_05150440,3
781,781.0,781.0,781.0,1.0,,,,,,,,,,2017_SBU4_05150441,3
782,782.0,782.0,782.0,2.0,,,,,,,,,,2017_SBU4_05150442,0
783,783.0,783.0,783.0,3.0,,,,,,,,,,2017_SBU4_05150443,0
784,784.0,784.0,784.0,4.0,,,,,,,,,,2017_SBU4_05150444,4
785,785.0,785.0,785.0,5.0,,,,,,,,,,2017_SBU4_05150445,4
786,786.0,786.0,786.0,6.0,,,,,,,,,,2017_SBU4_05150446,4
787,787.0,787.0,787.0,7.0,,,,,,,,,,2017_SBU4_05150447,4
788,788.0,788.0,788.0,8.0,,,,,,,,,,2017_SBU4_05150448,4
789,789.0,789.0,789.0,9.0,,,,,,,,,,2017_SBU4_05150449,4
790,790.0,790.0,790.0,0.0,,,,,,,,,,2017_SBU4_05150450,4
791,791.0,791.0,791.0,1.0,,,,,,,,,,2017_SBU4_05150451,4
792,792.0,792.0,792.0,2.0,,,,,,,,,,2017_SBU4_05150452,4
793,793.0,793.0,793.0,3.0,,,,,,,,,,2017_SBU4_05150453,3
794,794.0,794.0,794.0,4.0,,,,,,,,,,2017_SBU4_05150454,0
795,795.0,795.0,795.0,5.0,,,,,,,,,,2017_SBU4_05150455,0
796,796.0,796.0,796.0,6.0,,,,,,,,,,2017_SBU4_05150456,0
797,797.0,797.0,797.0,7.0,,,,,,,,,,2017_SBU4_05150457,0
798,798.0,798.0,798.0,8.0,,,,,,,,,,2017_SBU4_05150458,0
799,799.0,799.0,799.0,9.0,,,,,,,,,,2017_SBU4_05150459,0
800,800.0,800.0,800.0,0.0,,,,,,,,,,2017_SBU4_05150460,0
801,801.0,801.0,801.0,1.0,,,,,,,,,,2017_SBU4_05150461,0
802,802.0,802.0,802.0,2.0,,,,,,,,,,2017_SBU4_05150462,0
803,803.0,803.0,803.0,3.0,,,,,,,,,,2017_SBU4_05150463,0
804,804.0,804.0,804.0,4.0,,,,,,,,,,2017_SBU4_05150464,0
805,805.0,805.0,805.0,5.0,,,,,,,,,,2017_SBU4_05150465,0
806,806.0,806.0,806.0,6.0,,,,,,,,,,2017_SBU4_05150466,0
807,807.0,807.0,807.0,7.0,,,,,,,,,,2017_SBU4_05150467,0
808,808.0,808.0,808.0,8.0,,,,,,,,,,2017_SBU4_05150468,3
809,809.0,809.0,809.0,9.0,,,,,,,,,,2017_SBU4_05150469,3
810,810.0,810.0,810.0,0.0,,,,,,,,,,2017_SBU4_05150470,0
811,811.0,811.0,811.0,1.0,,,,,,,,,,2017_SBU4_05150471,0
812,812.0,812.0,812.0,2.0,,,,,,,,,,2017_SBU4_05150472,0
813,813.0,813.0,813.0,3.0,,,,,,,,,,2017_SBU4_05150473,0
814,814.0,814.0,814.0,4.0,,,,,,,,,,2017_SBU4_05150474,0
815,815.0,815.0,815.0,5.0,,,,,,,,,,2017_SBU4_05150475,0
816,816.0,816.0,816.0,6.0,,,,,,,,,,2017_SBU4_05150476,0
817,817.0,817.0,817.0,7.0,,,,,,,,,,2017_SBU4_05150477,0
818,818.0,818.0,818.0,8.0,,,,,,,,,,2017_SBU4_05150478,0
819,819.0,819.0,819.0,9.0,,,,,,,,,,2017_SBU4_05150479,0
820,820.0,820.0,820.0,0.0,,,,,,,,,,2017_SBU4_05150480,0
821,821.0,821.0,821.0,1.0,,,,,,,,,,2017_SBU4_05150481,0
822,822.0,822.0,822.0,2.0,,,,,,,,,,2017_SBU4_05150482,0
823,823.0,823.0,823.0,3.0,,,,,,,,,,2017_SBU4_05150483,3
824,824.0,824.0,824.0,4.0,,,,,,,,,,2017_SBU4_05150484,0
825,825.0,825.0,825.0,5.0,,,,,,,,,,2017_SBU4_05150485,0
826,826.0,826.0,826.0,6.0,,,,,,,,,,2017_SBU4_05150486,0
827,827.0,827.0,827.0,7.0,,,,,,,,,,2017_SBU4_05150487,0
828,828.0,828.0,828.0,8.0,,,,,,,,,,2017_SBU4_05150488,0
829,829.0,829.0,829.0,9.0,,,,,,,,,,2017_SBU4_05150489,0
830,830.0,830.0,830.0,0.0,,,,,,,,,,2017_SBU4_05150490,0
831,831.0,831.0,831.0,1.0,,,,,,,,,,2017_SBU4_05150491,0
832,832.0,832.0,832.0,2.0,,,,,,,,,,2017_SBU4_05150492,0
833,833.0,833.0,833.0,3.0,,,,,,,,,,2017_SBU4_05150493,0
834,834.0,834.0,834.0,4.0,,,,,,,,,,2017_SBU4_05150494,0
835,835.0,835.0,835.0,5.0,,,,,,,,,,2017_SBU4_05150495,0
836,836.0,836.0,836.0,6.0,,,,,,,,,,2017_SBU4_05150496,0
837,837.0,837.0,837.0,7.0,,,,,,,,,,2017_SBU4_05150497,0
838,838.0,838.0,838.0,8.0,,,,,,,,,,2017_SBU4_05160534,0
839,839.0,839.0,839.0,9.0,,,,,,,,,,2017_SBU4_05160535,0
840,840.0,840.0,840.0,0.0,,,,,,,,,,2017_SBU4_05160536,0
841,841.0,841.0,841.0,1.0,,,,,,,,,,2017_SBU4_05160537,1
842,842.0,842.0,842.0,2.0,,,,,,,,,,2017_SBU4_05160538,2
843,843.0,843.0,843.0,3.0,,,,,,,,,,2017_SBU4_05160539,0
844,844.0,844.0,844.0,4.0,,,,,,,,,,2017_SBU4_05160540,3
845,845.0,845.0,845.0,5.0,,,,,,,,,,2017_SBU4_05160541,3
846,846.0,846.0,846.0,6.0,,,,,,,,,,2017_SBU4_05160542,3
847,847.0,847.0,847.0,7.0,,,,,,,,,,2017_SBU4_05160543,3
848,848.0,848.0,848.0,8.0,,,,,,,,,,2017_SBU4_05160544,3
849,849.0,849.0,849.0,9.0,,,,,,,,,,2017_SBU4_05160545,3
850,850.0,850.0,850.0,0.0,,,,,,,,,,2017_SBU4_05160546,0
851,851.0,851.0,851.0,1.0,,,,,,,,,,2017_SBU4_05160547,0
852,852.0,852.0,852.0,2.0,,,,,,,,,,2017_SBU4_05160548,3
853,853.0,853.0,853.0,3.0,,,,,,,,,,2017_SBU4_05160549,3
854,854.0,854.0,854.0,4.0,,,,,,,,,,2017_SBU4_05160550,3
855,855.0,855.0,855.0,5.0,,,,,,,,,,2017_SBU4_05160551,3
856,856.0,856.0,856.0,6.0,,,,,,,,,,2017_SBU4_05160552,3
857,857.0,857.0,857.0,7.0,,,,,,,,,,2017_SBU4_05160553,3
858,858.0,858.0,858.0,8.0,,,,,,,,,,2017_SBU4_05160554,0
859,859.0,859.0,859.0,9.0,,,,,,,,,,2017_SBU4_05160555,0
860,860.0,860.0,860.0,0.0,,,,,,,,,,2017_SBU4_05160556,0
861,861.0,861.0,861.0,1.0,,,,,,,,,,2017_SBU4_05160557,0
862,862.0,862.0,862.0,2.0,,,,,,,,,,2017_SBU4_05160558,0
863,863.0,863.0,863.0,3.0,,,,,,,,,,2017_SBU4_05160559,0
864,864.0,864.0,864.0,4.0,,,,,,,,,,2017_SBU4_05160560,0
865,865.0,865.0,865.0,5.0,,,,,,,,,,2017_SBU4_05160561,0
866,866.0,866.0,866.0,6.0,,,,,,,,,,2017_SBU4_05160562,0
867,867.0,867.0,867.0,7.0,,,,,,,,,,2017_SBU4_05160563,0
868,868.0,868.0,868.0,8.0,,,,,,,,,,2017_SBU4_05160564,0
869,869.0,869.0,869.0,9.0,,,,,,,,,,2017_SBU4_05160565,0
870,870.0,870.0,870.0,0.0,,,,,,,,,,2017_SBU4_05160566,0
871,871.0,871.0,871.0,1.0,,,,,,,,,,2017_SBU4_05160567,0
872,872.0,872.0,872.0,2.0,,,,,,,,,,2017_SBU4_05160568,0
873,873.0,873.0,873.0,3.0,,,,,,,,,,2017_SBU4_05160569,3
874,874.0,874.0,874.0,4.0,,,,,,,,,,2017_SBU4_05160570,0
875,875.0,875.0,875.0,5.0,,,,,,,,,,2017_SBU4_05160571,0
876,876.0,876.0,876.0,6.0,,,,,,,,,,2017_SBU4_05160572,0
877,877.0,877.0,877.0,7.0,,,,,,,,,,2017_SBU4_05160573,0
878,878.0,878.0,878.0,8.0,,,,,,,,,,2017_SBU4_05160574,0
879,879.0,879.0,879.0,9.0,,,,,,,,,,2017_SBU4_05160575,0
880,880.0,880.0,880.0,0.0,,,,,,,,,,2017_SBU4_05160576,0
881,881.0,881.0,881.0,1.0,,,,,,,,,,2017_SBU4_05160577,0
882,882.0,882.0,882.0,2.0,,,,,,,,,,2017_SBU4_05160578,0
883,883.0,883.0,883.0,3.0,,,,,,,,,,2017_SBU4_05160579,0
884,884.0,884.0,884.0,4.0,,,,,,,,,,2017_SBU4_05160580,0
885,885.0,885.0,885.0,5.0,,,,,,,,,,2017_SBU4_05160581,0
886,886.0,886.0,886.0,6.0,,,,,,,,,,2017_SBU4_05160582,0
887,887.0,887.0,887.0,7.0,,,,,,,,,,2017_SBU4_05160583,0
888,888.0,888.0,888.0,8.0,,,,,,,,,,2017_SBU4_05160584,0
889,889.0,889.0,889.0,9.0,,,,,,,,,,2017_SBU4_05160585,0
890,890.0,890.0,890.0,0.0,,,,,,,,,,2017_SBU4_05160586,0
891,891.0,891.0,891.0,1.0,,,,,,,,,,2017_SBU4_05160587,0
892,892.0,892.0,892.0,2.0,,,,,,,,,,2017_SBU4_05160588,0
893,893.0,893.0,893.0,3.0,,,,,,,,,,2017_SBU4_05160589,0
894,894.0,894.0,894.0,4.0,,,,,,,,,,2017_SBU4_05160590,0
895,895.0,895.0,895.0,5.0,,,,,,,,,,2017_SBU4_05160591,0
896,896.0,896.0,896.0,6.0,,,,,,,,,,2017_SBU4_05160592,0
897,897.0,897.0,897.0,7.0,,,,,,,,,,2017_SBU4_05160593,0
898,898.0,898.0,898.0,8.0,,,,,,,,,,2017_SBU4_05160594,0
899,899.0,899.0,899.0,9.0,,,,,,,,,,2017_SBU4_05160595,3
900,900.0,900.0,900.0,0.0,,,,,,,,,,2017_SBU4_05160596,0
901,901.0,901.0,901.0,1.0,,,,,,,,,,2017_SBU4_05160597,0
902,902.0,902.0,902.0,2.0,,,,,,,,,,2017_SBU4_05170632,0
903,903.0,903.0,903.0,3.0,,,,,,,,,,2017_SBU4_05170633,0
904,904.0,904.0,904.0,4.0,,,,,,,,,,2017_SBU4_05170634,0
905,905.0,905.0,905.0,5.0,,,,,,,,,,2017_SBU4_05170635,0
906,906.0,906.0,906.0,6.0,,,,,,,,,,2017_SBU4_05170636,0
907,907.0,907.0,907.0,7.0,,,,,,,,,,2017_SBU4_05170637,0
908,908.0,908.0,908.0,8.0,,,,,,,,,,2017_SBU4_05170638,0
909,909.0,909.0,909.0,9.0,,,,,,,,,,2017_SBU4_05170639,1
910,910.0,910.0,910.0,0.0,,,,,,,,,,2017_SBU4_05170640,1
911,911.0,911.0,911.0,1.0,,,,,,,,,,2017_SBU4_05170641,2
912,912.0,912.0,912.0,2.0,,,,,,,,,,2017_SBU4_05170642,0
913,913.0,913.0,913.0,3.0,,,,,,,,,,2017_SBU4_05170643,0
914,914.0,914.0,914.0,4.0,,,,,,,,,,2017_SBU4_05170644,1
915,915.0,915.0,915.0,5.0,,,,,,,,,,2017_SBU4_05170645,0
916,916.0,916.0,916.0,6.0,,,,,,,,,,2017_SBU4_05170646,0
917,917.0,917.0,917.0,7.0,,,,,,,,,,2017_SBU4_05170647,0
918,918.0,918.0,918.0,8.0,,,,,,,,,,2017_SBU4_05170648,2
919,919.0,919.0,919.0,9.0,,,,,,,,,,2017_SBU4_05170649,0
920,920.0,920.0,0.0,,,,,,,,,,,2017_SBU4_05170650,0
921,921.0,921.0,1.0,,,,,,,,,,,2017_SBU4_05170651,0
922,922.0,922.0,2.0,,,,,,,,,,,2017_SBU4_05170652,0
923,923.0,923.0,3.0,,,,,,,,,,,2017_SBU4_05170653,0
924,924.0,924.0,4.0,,,,,,,,,,,2017_SBU4_05170654,0
925,925.0,925.0,5.0,,,,,,,,,,,2017_SBU4_05170655,0
926,926.0,926.0,6.0,,,,,,,,,,,2017_SBU4_05170656,0
927,927.0,927.0,7.0,,,,,,,,,,,2017_SBU4_05170657,0
928,928.0,928.0,8.0,,,,,,,,,,,2017_SBU4_05170658,0
929,929.0,929.0,9.0,,,,,,,,,,,2017_SBU4_05170659,0
930,930.0,930.0,0.0,,,,,,,,,,,2017_SBU4_05170660,0
931,931.0,931.0,1.0,,,,,,,,,,,2017_SBU4_05170661,0
932,932.0,932.0,2.0,,,,,,,,,,,2017_SBU4_05170662,0
933,933.0,933.0,3.0,,,,,,,,,,,2017_SBU4_05170663,0
934,934.0,934.0,4.0,,,,,,,,,,,2017_SBU4_05170664,0
935,935.0,935.0,5.0,,,,,,,,,,,2017_SBU4_05170665,0
936,936.0,936.0,6.0,,,,,,,,,,,2017_SBU4_05170666,0
937,937.0,937.0,7.0,,,,,,,,,,,2017_SBU4_05170667,0
938,938.0,938.0,8.0,,,,,,,,,,,2017_SBU4_05170668,0
939,939.0,939.0,9.0,,,,,,,,,,,2017_SBU4_05170669,0
940,940.0,940.0,0.0,,,,,,,,,,,2017_SBU4_05170670,0
941,941.0,941.0,1.0,,,,,,,,,,,2017_SBU4_05170671,0
942,942.0,942.0,2.0,,,,,,,,,,,2017_SBU4_05170672,0
943,943.0,943.0,3.0,,,,,,,,,,,2017_SBU4_05170673,0
944,944.0,944.0,4.0,,,,,,,,,,,2017_SBU4_05170674,0
945,945.0,945.0,5.0,,,,,,,,,,,2017_SBU4_05170675,0
946,946.0,946.0,6.0,,,,,,,,,,,2017_SBU4_05170676,0
947,947.0,947.0,7.0,,,,,,,,,,,2017_SBU4_05170677,0
948,948.0,948.0,8.0,,,,,,,,,,,2017_SBU4_05170678,0
949,949.0,949.0,9.0,,,,,,,,,,,2017_SBU4_05170679,0
950,950.0,950.0,0.0,,,,,,,,,,,2017_SBU4_05170680,0
951,951.0,951.0,1.0,,,,,,,,,,,2017_SBU4_05170681,0
952,952.0,952.0,2.0,,,,,,,,,,,2017_SBU4_05170682,0
953,953.0,953.0,3.0,,,,,,,,,,,2017_SBU4_05170683,0
954,954.0,954.0,4.0,,,,,,,,,,,2017_SBU4_05170684,0
955,955.0,955.0,5.0,,,,,,,,,,,2017_SBU4_05170685,0
956,956.0,956.0,6.0,,,,,,,,,,,2017_SBU4_05170686,0
957,957.0,957.0,7.0,,,,,,,,,,,2017_SBU4_05170687,3
958,958.0,958.0,8.0,,,,,,,,,,,2017_SBU4_05170688,0
959,959.0,959.0,9.0,,,,,,,,,,,2017_SBU4_05170689,0
960,960.0,960.0,0.0,,,,,,,,,,,2017_SBU4_05170690,0
961,961.0,961.0,1.0,,,,,,,,,,,2017_SBU4_05170691,2
962,962.0,962.0,2.0,,,,,,,,,,,2017_SBU4_05170692,1
963,963.0,963.0,3.0,,,,,,,,,,,2017_SBU4_05170693,1
964,964.0,964.0,4.0,,,,,,,,,,,2017_SBU4_05170694,1
965,965.0,965.0,5.0,,,,,,,,,,,2017_SBU4_05170695,0
966,966.0,966.0,6.0,,,,,,,,,,,2017_SBU4_05170696,0
967,967.0,967.0,7.0,,,,,,,,,,,2017_SBU4_05170697,0
968,968.0,968.0,8.0,,,,,,,,,,,2017_SBU4_05170698,1
969,969.0,969.0,9.0,,,,,,,,,,,2017_SBU4_05170699,0
970,970.0,970.0,0.0,,,,,,,,,,,2017_SBU4_05170700,0
971,971.0,971.0,1.0,,,,,,,,,,,2017_SBU4_05170701,0
972,972.0,972.0,2.0,,,,,,,,,,,2017_SBU4_05170702,0
973,973.0,973.0,3.0,,,,,,,,,,,2017_SBU4_05170703,0
974,974.0,974.0,4.0,,,,,,,,,,,2017_SBU4_05180748,0
975,975.0,975.0,5.0,,,,,,,,,,,2017_SBU4_05180749,0
976,976.0,976.0,6.0,,,,,,,,,,,2017_SBU4_05180750,0
977,977.0,977.0,7.0,,,,,,,,,,,2017_SBU4_05180751,0
978,978.0,978.0,8.0,,,,,,,,,,,2017_SBU4_05180752,0
979,979.0,979.0,9.0,,,,,,,,,,,2017_SBU4_05180753,2
980,980.0,980.0,0.0,,,,,,,,,,,2017_SBU4_05180754,2
981,981.0,981.0,1.0,,,,,,,,,,,2017_SBU4_05180755,1
982,982.0,982.0,2.0,,,,,,,,,,,2017_SBU4_05180756,0
983,983.0,983.0,3.0,,,,,,,,,,,2017_SBU4_05180757,1
984,984.0,984.0,4.0,,,,,,,,,,,2017_SBU4_05180758,0
985,985.0,985.0,5.0,,,,,,,,,,,2017_SBU4_05180759,0
986,986.0,986.0,6.0,,,,,,,,,,,2017_SBU4_05180760,3
987,987.0,987.0,7.0,,,,,,,,,,,2017_SBU4_05180761,3
988,988.0,988.0,8.0,,,,,,,,,,,2017_SBU4_05180762,3
989,989.0,989.0,9.0,,,,,,,,,,,2017_SBU4_05180763,3
990,990.0,990.0,0.0,,,,,,,,,,,2017_SBU4_05180764,3
991,991.0,991.0,1.0,,,,,,,,,,,2017_SBU4_05180765,0
992,992.0,992.0,2.0,,,,,,,,,,,2017_SBU4_05180766,0
993,993.0,993.0,3.0,,,,,,,,,,,2017_SBU4_05180767,3
994,994.0,994.0,4.0,,,,,,,,,,,2017_SBU4_05180768,3
995,995.0,995.0,5.0,,,,,,,,,,,2017_SBU4_05180769,3
996,996.0,996.0,6.0,,,,,,,,,,,2017_SBU4_05180770,3
997,997.0,997.0,7.0,,,,,,,,,,,2017_SBU4_05180771,3
998,998.0,998.0,8.0,,,,,,,,,,,2017_SBU4_05180772,3
999,999.0,999.0,9.0,,,,,,,,,,,2017_SBU4_05180773,3
1000,1000.0,0.0,,,,,,,,,,,,2017_SBU4_05180774,3
1001,1001.0,1.0,,,,,,,,,,,,2017_SBU4_05180775,3
1002,1002.0,2.0,,,,,,,,,,,,2017_SBU4_05180776,3
1003,1003.0,3.0,,,,,,,,,,,,2017_SBU4_05180777,3
1004,1004.0,4.0,,,,,,,,,,,,2017_SBU4_05180778,3
1005,1005.0,5.0,,,,,,,,,,,,2017_SBU4_05180779,3
1006,1006.0,6.0,,,,,,,,,,,,2017_SBU4_05180780,0
1007,1007.0,7.0,,,,,,,,,,,,2017_SBU4_05180781,0
1008,1008.0,8.0,,,,,,,,,,,,2017_SBU4_05180782,0
1009,1009.0,9.0,,,,,,,,,,,,2017_SBU4_05180783,0
1010,1010.0,0.0,,,,,,,,,,,,2017_SBU4_05180784,0
1011,1011.0,1.0,,,,,,,,,,,,2017_SBU4_05180785,0
1012,1012.0,2.0,,,,,,,,,,,,2017_SBU4_05180786,0
1013,1013.0,3.0,,,,,,,,,,,,2017_SBU4_05180787,0
1014,1014.0,4.0,,,,,,,,,,,,2017_SBU4_05180788,3
1015,1015.0,5.0,,,,,,,,,,,,2017_SBU4_05180789,3
1016,1016.0,6.0,,,,,,,,,,,,2017_SBU4_05180790,3
1017,1017.0,7.0,,,,,,,,,,,,2017_SBU4_05180791,3
1018,1018.0,8.0,,,,,,,,,,,,2017_SBU4_05180792,3
1019,1019.0,9.0,,,,,,,,,,,,2017_SBU4_05180793,3
1020,1020.0,0.0,,,,,,,,,,,,2017_SBU4_05180794,3
1021,1021.0,1.0,,,,,,,,,,,,2017_SBU4_05180795,3
1022,1022.0,2.0,,,,,,,,,,,,2017_SBU4_05180796,3
1023,1023.0,3.0,,,,,,,,,,,,2017_SBU4_05180797,3
1024,1024.0,4.0,,,,,,,,,,,,2017_SBU4_05180798,3
1025,1025.0,5.0,,,,,,,,,,,,2017_SBU4_05180799,3
1026,1026.0,6.0,,,,,,,,,,,,2017_SBU4_05180800,3
1027,1027.0,7.0,,,,,,,,,,,,2017_SBU4_05180801,3
1028,1028.0,8.0,,,,,,,,,,,,2017_SBU4_05180802,3
1029,1029.0,9.0,,,,,,,,,,,,2017_SBU4_05180803,3
1030,1030.0,0.0,,,,,,,,,,,,2017_SBU4_05180804,3
1031,1031.0,1.0,,,,,,,,,,,,2017_SBU4_05180805,3
1032,1032.0,2.0,,,,,,,,,,,,2017_SBU4_05180806,3
1033,1033.0,3.0,,,,,,,,,,,,2017_SBU4_05180807,3
1034,1034.0,4.0,,,,,,,,,,,,2017_SBU4_05180808,3
1035,1035.0,5.0,,,,,,,,,,,,2017_SBU4_05180809,3
1036,1036.0,6.0,,,,,,,,,,,,2017_SBU4_05180810,3
1037,1037.0,7.0,,,,,,,,,,,,2017_SBU4_05180811,3
1038,1038.0,8.0,,,,,,,,,,,,2017_SBU4_05180812,0
1039,1039.0,9.0,,,,,,,,,,,,2017_SBU4_05180813,0
1040,1040.0,0.0,,,,,,,,,,,,2017_SBU4_05180814,0
1041,1041.0,1.0,,,,,,,,,,,,2017_SBU4_05180815,0
1042,1042.0,2.0,,,,,,,,,,,,2017_SBU4_05180816,0
1043,1043.0,3.0,,,,,,,,,,,,2017_SBU4_05180817,0
1044,1044.0,4.0,,,,,,,,,,,,2017_SBU4_05180818,0
1045,1045.0,5.0,,,,,,,,,,,,2017_SBU4_05180819,0
1046,1046.0,6.0,,,,,,,,,,,,2017_SBU4_05180820,0
1047,1047.0,7.0,,,,,,,,,,,,2017_SBU4_05180821,0
1048,1048.0,8.0,,,,,,,,,,,,2017_SBU4_05180822,0
1049,1049.0,9.0,,,,,,,,,,,,2017_SBU4_05180823,0
1050,0.0,,,,,,,,,,,,,2017_SBU4_05180824,0
1051,1.0,,,,,,,,,,,,,2017_SBU4_05180825,0
1052,2.0,,,,,,,,,,,,,2017_SBU4_05180826,0
1053,3.0,,,,,,,,,,,,,2017_SBU4_05180827,0
1054,4.0,,,,,,,,,,,,,2017_SBU4_05180828,0
1055,5.0,,,,,,,,,,,,,2017_SBU4_05180829,0
1056,6.0,,,,,,,,,,,,,2017_SBU4_05180830,0
1057,7.0,,,,,,,,,,,,,2017_SBU4_05180831,0
1058,8.0,,,,,,,,,,,,,2017_SBU4_05180832,3
1059,9.0,,,,,,,,,,,,,2017_SBU4_05180833,0
1060,0.0,,,,,,,,,,,,,2017_SBU4_05180834,0
1061,1.0,,,,,,,,,,,,,2017_SBU4_05180835,0
1062,2.0,,,,,,,,,,,,,2017_SBU4_05180836,0
1063,3.0,,,,,,,,,,,,,2017_SBU4_05180837,0
1064,4.0,,,,,,,,,,,,,2017_SBU4_05180838,0
1065,5.0,,,,,,,,,,,,,2017_SBU4_05180839,0
1066,6.0,,,,,,,,,,,,,2017_SBU4_05180840,0
1067,7.0,,,,,,,,,,,,,2017_SBU4_05180841,0
1068,8.0,,,,,,,,,,,,,2017_SBU4_05180842,0
1069,9.0,,,,,,,,,,,,,2017_SBU4_05180843,0
1070,0.0,,,,,,,,,,,,,2017_SBU4_05180844,0
1071,1.0,,,,,,,,,,,,,2017_SBU4_05180845,0
1072,2.0,,,,,,,,,,,,,2017_SBU4_05180846,0
1073,3.0,,,,,,,,,,,,,2017_SBU4_05180847,0
1074,4.0,,,,,,,,,,,,,2017_SBU4_05180848,4
1075,5.0,,,,,,,,,,,,,2017_SBU4_05180849,0
1076,6.0,,,,,,,,,,,,,2017_SBU4_05180850,0
1077,7.0,,,,,,,,,,,,,2017_SBU4_05180851,0
1078,8.0,,,,,,,,,,,,,2017_SBU4_05180852,0
1079,9.0,,,,,,,,,,,,,2017_SBU4_05180853,2
1080,0.0,,,,,,,,,,,,,2017_SBU4_05180854,0
1081,1.0,,,,,,,,,,,,,2017_SBU4_05180855,0
1082,2.0,,,,,,,,,,,,,2017_SBU4_05180856,0
1083,3.0,,,,,,,,,,,,,2017_SBU4_05180857,0
1084,4.0,,,,,,,,,,,,,2017_SBU4_05180858,0
1085,5.0,,,,,,,,,,,,,2017_SBU4_05180859,0
1086,6.0,,,,,,,,,,,,,2017_SBU4_05180860,0
1087,7.0,,,,,,,,,,,,,2017_SBU4_05180861,0
1088,8.0,,,,,,,,,,,,,2017_SBU4_05180862,0
1089,9.0,,,,,,,,,,,,,2017_SBU4_05180863,0
1090,0.0,,,,,,,,,,,,,2017_SBU4_05180864,0
1091,1.0,,,,,,,,,,,,,2017_SBU4_05180865,0
1092,2.0,,,,,,,,,,,,,2017_SBU4_05180866,0
1093,3.0,,,,,,,,,,,,,2017_SBU4_05180867,0
1094,4.0,,,,,,,,,,,,,2017_SBU4_05180868,0
1095,5.0,,,,,,,,,,,,,2017_SBU4_05180869,0
1096,6.0,,,,,,,,,,,,,2017_SBU4_05180870,0
1097,7.0,,,,,,,,,,,,,2017_SBU4_05180871,0
1098,8.0,,,,,,,,,,,,,2017_SBU4_05180872,0
1099,9.0,,,,,,,,,,,,,2017_SBU4_05180873,0
1100,0.0,,,,,,,,,,,,,2017_SBU4_05180874,0
1101,1.0,,,,,,,,,,,,,2017_SBU4_05180875,0
1102,2.0,,,,,,,,,,,,,2017_SBU4_05180876,0
1103,3.0,,,,,,,,,,,,,2017_SBU4_05180877,0
1104,4.0,,,,,,,,,,,,,2017_SBU4_05180878,0
1105,5.0,,,,,,,,,,,,,2017_SBU4_05180879,0
1106,6.0,,,,,,,,,,,,,2017_SBU4_05180880,0
1107,7.0,,,,,,,,,,,,,2017_SBU4_05180881,0
1108,8.0,,,,,,,,,,,,,2017_SBU4_05180882,0
1109,9.0,,,,,,,,,,,,,2017_SBU4_05180883,0
1110,0.0,,,,,,,,,,,,,2017_SBU4_05190001,0
1111,1.0,,,,,,,,,,,,,2017_SBU4_05190002,0
1112,2.0,,,,,,,,,,,,,2017_SBU4_05190003,0
1113,3.0,,,,,,,,,,,,,2017_SBU4_05190004,0
1114,4.0,,,,,,,,,,,,,2017_SBU4_05190005,1
1115,5.0,,,,,,,,,,,,,2017_SBU4_05190006,1
1116,6.0,,,,,,,,,,,,,2017_SBU4_05190007,0
1117,7.0,,,,,,,,,,,,,2017_SBU4_05190008,0
1118,8.0,,,,,,,,,,,,,2017_SBU4_05190009,0
1119,9.0,,,,,,,,,,,,,2017_SBU4_05190010,0
1120,0.0,,,,,,,,,,,,,2017_SBU4_05190011,0
1121,1.0,,,,,,,,,,,,,2017_SBU4_05190012,0
1122,2.0,,,,,,,,,,,,,2017_SBU4_05190013,0
1123,3.0,,,,,,,,,,,,,2017_SBU4_05190014,0
1124,4.0,,,,,,,,,,,,,2017_SBU4_05190015,0
1125,5.0,,,,,,,,,,,,,2017_SBU4_05190016,0
1126,6.0,,,,,,,,,,,,,2017_SBU4_05190017,0
1127,7.0,,,,,,,,,,,,,2017_SBU4_05190018,0
1128,8.0,,,,,,,,,,,,,2017_SBU4_05190019,0
1129,9.0,,,,,,,,,,,,,2017_SBU4_05190020,0
1130,0.0,,,,,,,,,,,,,2017_SBU4_05190021,0
1131,1.0,,,,,,,,,,,,,2017_SBU4_05190022,0
1132,2.0,,,,,,,,,,,,,2017_SBU4_05190023,0
1133,3.0,,,,,,,,,,,,,2017_SBU4_05190024,0
1134,4.0,,,,,,,,,,,,,2017_SBU4_05190025,0
1135,5.0,,,,,,,,,,,,,2017_SBU4_05190026,0
1136,6.0,,,,,,,,,,,,,2017_SBU4_05190027,0
1137,7.0,,,,,,,,,,,,,2017_SBU4_05190028,0
1138,8.0,,,,,,,,,,,,,2017_SBU4_05190029,0
1139,9.0,,,,,,,,,,,,,2017_SBU4_05190030,0
1140,0.0,,,,,,,,,,,,,2017_SBU4_05190951,0
1141,1.0,,,,,,,,,,,,,2017_SBU4_05190952,1
1142,2.0,,,,,,,,,,,,,2017_SBU4_05190953,1
1143,3.0,,,,,,,,,,,,,2017_SBU4_05190954,0
1144,4.0,,,,,,,,,,,,,2017_SBU4_05190955,0
1145,5.0,,,,,,,,,,,,,2017_SBU4_05190956,0
1146,6.0,,,,,,,,,,,,,2017_SBU4_05190957,1
1147,7.0,,,,,,,,,,,,,2017_SBU4_05190958,1
1148,8.0,,,,,,,,,,,,,2017_SBU4_05190959,0
1149,9.0,,,,,,,,,,,,,2017_SBU4_05190960,1
0,,,,,,,,,,,,,,2017_SBU4_05190961,0
1,,,,,,,,,,,,,,2017_SBU4_05190962,0
2,,,,,,,,,,,,,,2017_SBU4_05190963,0
3,,,,,,,,,,,,,,2017_SBU4_05190964,1
4,,,,,,,,,,,,,,2017_SBU4_05190965,0
5,,,,,,,,,,,,,,2017_SBU4_05190966,0
6,,,,,,,,,,,,,,2017_SBU4_05190967,1
7,,,,,,,,,,,,,,2017_SBU4_05190968,1
8,,,,,,,,,,,,,,2017_SBU4_05190969,0
9,,,,,,,,,,,,,,2017_SBU4_05190970,1
0,,,,,,,,,,,,,,2017_SBU4_05190971,1
1,,,,,,,,,,,,,,2017_SBU4_05190972,0
2,,,,,,,,,,,,,,2017_SBU4_05190973,3
3,,,,,,,,,,,,,,2017_SBU4_05190974,3
4,,,,,,,,,,,,,,2017_SBU4_05190975,1
5,,,,,,,,,,,,,,2017_SBU4_05190976,0
6,,,,,,,,,,,,,,2017_SBU4_05190977,0
7,,,,,,,,,,,,,,2017_SBU4_05190978,0
8,,,,,,,,,,,,,,2017_SBU4_05190979,1
9,,,,,,,,,,,,,,2017_SBU4_05190980,1
0,,,,,,,,,,,,,,2017_SBU4_05190981,0
1,,,,,,,,,,,,,,2017_SBU4_05190982,0
2,,,,,,,,,,,,,,2017_SBU4_05190983,0
3,,,,,,,,,,,,,,2017_SBU4_05190984,1
4,,,,,,,,,,,,,,2017_SBU4_05190985,1
5,,,,,,,,,,,,,,2017_SBU4_05190986,0
6,,,,,,,,,,,,,,2017_SBU4_05190987,0
7,,,,,,,,,,,,,,2017_SBU4_05190988,0
8,,,,,,,,,,,,,,2017_SBU4_05190989,1
9,,,,,,,,,,,,,,2017_SBU4_05190990,0
0,,,,,,,,,,,,,,2017_SBU4_05190991,1
1,,,,,,,,,,,,,,2017_SBU4_05190992,0
2,,,,,,,,,,,,,,2017_SBU4_05190993,0
3,,,,,,,,,,,,,,2017_SBU4_05190994,0
4,,,,,,,,,,,,,,2017_SBU4_05190995,0
5,,,,,,,,,,,,,,2017_SBU4_05190996,0
6,,,,,,,,,,,,,,2017_SBU4_05190997,0
7,,,,,,,,,,,,,,2017_SBU4_05190998,0
8,,,,,,,,,,,,,,2017_SBU4_05190999,0
9,,,,,,,,,,,,,,2017_SBU4_05200065,0
0,,,,,,,,,,,,,,2017_SBU4_05200066,0
1,,,,,,,,,,,,,,2017_SBU4_05200067,0
2,,,,,,,,,,,,,,2017_SBU4_05200068,0
3,,,,,,,,,,,,,,2017_SBU4_05200069,0
4,,,,,,,,,,,,,,2017_SBU4_05200070,0
5,,,,,,,,,,,,,,2017_SBU4_05200071,0
6,,,,,,,,,,,,,,2017_SBU4_05200072,0
7,,,,,,,,,,,,,,2017_SBU4_05200073,1
8,,,,,,,,,,,,,,2017_SBU4_05200074,0
9,,,,,,,,,,,,,,2017_SBU4_05200075,0
0,,,,,,,,,,,,,,2017_SBU4_05200076,1
1,,,,,,,,,,,,,,2017_SBU4_05200077,0
2,,,,,,,,,,,,,,2017_SBU4_05200078,0
3,,,,,,,,,,,,,,2017_SBU4_05200079,0
4,,,,,,,,,,,,,,2017_SBU4_05200080,0
5,,,,,,,,,,,,,,2017_SBU4_05200081,0
6,,,,,,,,,,,,,,2017_SBU4_05200082,0
7,,,,,,,,,,,,,,2017_SBU4_05200083,0
8,,,,,,,,,,,,,,2017_SBU4_05200084,0
9,,,,,,,,,,,,,,2017_SBU4_05200085,0
0,,,,,,,,,,,,,,2017_SBU4_05200086,0
1,,,,,,,,,,,,,,2017_SBU4_05200087,1
2,,,,,,,,,,,,,,2017_SBU4_05200088,1
3,,,,,,,,,,,,,,2017_SBU4_05200089,1
4,,,,,,,,,,,,,,2017_SBU4_05200090,0
5,,,,,,,,,,,,,,2017_SBU4_05200091,1
6,,,,,,,,,,,,,,2017_SBU4_05200092,0
7,,,,,,,,,,,,,,2017_SBU4_05200093,0
8,,,,,,,,,,,,,,2017_SBU4_05200094,0
9,,,,,,,,,,,,,,2017_SBU4_05200095,0
0,,,,,,,,,,,,,,2017_SBU4_05200096,0
1,,,,,,,,,,,,,,2017_SBU4_05200097,0
2,,,,,,,,,,,,,,2017_SBU4_05200098,0
3,,,,,,,,,,,,,,2017_SBU4_05200099,0
4,,,,,,,,,,,,,,2017_SBU4_05200100,0
5,,,,,,,,,,,,,,2017_SBU4_05200101,0
6,,,,,,,,,,,,,,2017_SBU4_05200102,0
7,,,,,,,,,,,,,,2017_SBU4_05200103,3
8,,,,,,,,,,,,,,2017_SBU4_05200104,0
9,,,,,,,,,,,,,,2017_SBU4_05200105,0
0,,,,,,,,,,,,,,2017_SBU4_05200106,0
1,,,,,,,,,,,,,,2017_SBU4_05200107,0
2,,,,,,,,,,,,,,2017_SBU4_05200108,1
3,,,,,,,,,,,,,,2017_SBU4_05200109,1
4,,,,,,,,,,,,,,2017_SBU4_05200110,1
5,,,,,,,,,,,,,,2017_SBU4_05200111,1
6,,,,,,,,,,,,,,2017_SBU4_05200112,1
7,,,,,,,,,,,,,,2017_SBU4_05200113,0
8,,,,,,,,,,,,,,2017_SBU4_05200114,0
9,,,,,,,,,,,,,,2017_SBU4_05200115,0
0,,,,,,,,,,,,,,2017_SBU4_05200116,0
1,,,,,,,,,,,,,,2017_SBU4_05200117,0
2,,,,,,,,,,,,,,2017_SBU4_05200118,0
3,,,,,,,,,,,,,,2017_SBU4_05200119,0
4,,,,,,,,,,,,,,2017_SBU4_05200120,1
5,,,,,,,,,,,,,,2017_SBU4_05200121,0
6,,,,,,,,,,,,,,2017_SBU4_05200122,0
7,,,,,,,,,,,,,,2017_SBU4_05200123,0
8,,,,,,,,,,,,,,2017_SBU4_05200124,0
9,,,,,,,,,,,,,,2017_SBU4_05200125,1
0,,,,,,,,,,,,,,2017_SBU4_05200126,1
1,,,,,,,,,,,,,,2017_SBU4_05200127,3
2,,,,,,,,,,,,,,2017_SBU4_05200128,3
3,,,,,,,,,,,,,,2017_SBU4_05200129,1
4,,,,,,,,,,,,,,2017_SBU4_05200130,1
5,,,,,,,,,,,,,,2017_SBU4_05200131,0
6,,,,,,,,,,,,,,2017_SBU4_05200132,0
7,,,,,,,,,,,,,,2017_SBU4_05200133,0
8,,,,,,,,,,,,,,2017_SBU4_05200134,0
9,,,,,,,,,,,,,,2017_SBU4_05200135,0
0,,,,,,,,,,,,,,2017_SBU4_05200136,0
1,,,,,,,,,,,,,,2017_SBU4_05200137,0
2,,,,,,,,,,,,,,2017_SBU4_05200138,0
3,,,,,,,,,,,,,,2017_SBU4_05210177,0
4,,,,,,,,,,,,,,2017_SBU4_05210178,0
5,,,,,,,,,,,,,,2017_SBU4_05210179,0
6,,,,,,,,,,,,,,2017_SBU4_05210180,0
7,,,,,,,,,,,,,,2017_SBU4_05210181,0
8,,,,,,,,,,,,,,2017_SBU4_05210182,0
9,,,,,,,,,,,,,,2017_SBU4_05210183,0
0,,,,,,,,,,,,,,2017_SBU4_05210184,0
1,,,,,,,,,,,,,,2017_SBU4_05210185,0
2,,,,,,,,,,,,,,2017_SBU4_05210186,0
3,,,,,,,,,,,,,,2017_SBU4_05210187,1
4,,,,,,,,,,,,,,2017_SBU4_05210188,3
5,,,,,,,,,,,,,,2017_SBU4_05210189,0
6,,,,,,,,,,,,,,2017_SBU4_05210190,0
7,,,,,,,,,,,,,,2017_SBU4_05210191,0
8,,,,,,,,,,,,,,2017_SBU4_05210192,0
9,,,,,,,,,,,,,,2017_SBU4_05210193,0
0,,,,,,,,,,,,,,2017_SBU4_05210194,0
1,,,,,,,,,,,,,,2017_SBU4_05210195,0
2,,,,,,,,,,,,,,2017_SBU4_05210196,0
3,,,,,,,,,,,,,,2017_SBU4_05210197,0
4,,,,,,,,,,,,,,2017_SBU4_05210198,0
5,,,,,,,,,,,,,,2017_SBU4_05210199,0
6,,,,,,,,,,,,,,2017_SBU4_05210200,0
7,,,,,,,,,,,,,,2017_SBU4_05210201,0
8,,,,,,,,,,,,,,2017_SBU4_05210202,0
9,,,,,,,,,,,,,,2017_SBU4_05210203,0
0,,,,,,,,,,,,,,2017_SBU4_05210204,0
1,,,,,,,,,,,,,,2017_SBU4_05210205,0
2,,,,,,,,,,,,,,2017_SBU4_05210206,1
3,,,,,,,,,,,,,,2017_SBU4_05210207,2
4,,,,,,,,,,,,,,2017_SBU4_05210208,2
5,,,,,,,,,,,,,,2017_SBU4_05210209,1
6,,,,,,,,,,,,,,2017_SBU4_05210210,1
7,,,,,,,,,,,,,,2017_SBU4_05210211,1
8,,,,,,,,,,,,,,2017_SBU4_05210212,1
9,,,,,,,,,,,,,,2017_SBU4_05210213,1
0,,,,,,,,,,,,,,2017_SBU4_05210214,1
1,,,,,,,,,,,,,,2017_SBU4_05210215,1
2,,,,,,,,,,,,,,2017_SBU4_05210216,2
3,,,,,,,,,,,,,,2017_SBU4_05210217,1
4,,,,,,,,,,,,,,2017_SBU4_05210218,1
5,,,,,,,,,,,,,,2017_SBU4_05210219,3
6,,,,,,,,,,,,,,2017_SBU4_05210220,1
7,,,,,,,,,,,,,,2017_SBU4_05210221,1
8,,,,,,,,,,,,,,2017_SBU4_05210222,1
9,,,,,,,,,,,,,,2017_SBU4_05210223,2
0,,,,,,,,,,,,,,2017_SBU4_05210224,0
1,,,,,,,,,,,,,,2017_SBU4_05210225,0
2,,,,,,,,,,,,,,2017_SBU4_05210226,0
3,,,,,,,,,,,,,,2017_SBU4_05210227,0
4,,,,,,,,,,,,,,2017_SBU4_05210228,0
5,,,,,,,,,,,,,,2017_SBU4_05210229,0
6,,,,,,,,,,,,,,2017_SBU4_05210230,0
7,,,,,,,,,,,,,,2017_SBU4_05210231,0
8,,,,,,,,,,,,,,2017_SBU4_05210232,0
9,,,,,,,,,,,,,,2017_SBU4_05210233,0
0,,,,,,,,,,,,,,2017_SBU4_05210234,0
1,,,,,,,,,,,,,,2017_SBU4_05210235,0
2,,,,,,,,,,,,,,2017_SBU4_05210236,0
3,,,,,,,,,,,,,,2017_SBU4_05210237,0
4,,,,,,,,,,,,,,2017_SBU4_05210238,0
5,,,,,,,,,,,,,,2017_SBU4_05210239,3
6,,,,,,,,,,,,,,2017_SBU4_05210240,3
7,,,,,,,,,,,,,,2017_SBU4_05210241,0
8,,,,,,,,,,,,,,2017_SBU4_05210242,0
9,,,,,,,,,,,,,,2017_SBU4_05210243,0
0,,,,,,,,,,,,,,2017_SBU4_05210244,0
1,,,,,,,,,,,,,,2017_SBU4_05210245,0
2,,,,,,,,,,,,,,2017_SBU4_05210246,0
3,,,,,,,,,,,,,,2017_SBU4_05210247,0
4,,,,,,,,,,,,,,2017_SBU4_05210248,0
5,,,,,,,,,,,,,,2017_SBU4_05210249,0
6,,,,,,,,,,,,,,2017_SBU4_05220286,0
7,,,,,,,,,,,,,,2017_SBU4_05220287,0
8,,,,,,,,,,,,,,2017_SBU4_05220288,0
9,,,,,,,,,,,,,,2017_SBU4_05220289,0
0,,,,,,,,,,,,,,2017_SBU4_05220290,0
1,,,,,,,,,,,,,,2017_SBU4_05220291,0
2,,,,,,,,,,,,,,2017_SBU4_05220292,0
3,,,,,,,,,,,,,,2017_SBU4_05220293,3
4,,,,,,,,,,,,,,2017_SBU4_05220294,0
5,,,,,,,,,,,,,,2017_SBU4_05220295,0
6,,,,,,,,,,,,,,2017_SBU4_05220296,0
7,,,,,,,,,,,,,,2017_SBU4_05220297,0
8,,,,,,,,,,,,,,2017_SBU4_05220298,0
9,,,,,,,,,,,,,,2017_SBU4_05220299,0
