step,train_loss,epoch,val_loss
1,69308.0625,0,
3,47934.3984375,0,
5,40357.125,0,
7,34569.31640625,0,
9,27591.404296875,0,
11,25664.5390625,0,
13,24604.568359375,0,
15,22004.310546875,0,
17,19403.984375,0,
19,20518.291015625,0,
21,19812.501953125,0,
23,22727.150390625,0,
25,18715.333984375,0,
27,19335.740234375,0,
29,18513.751953125,0,
31,16851.798828125,0,
33,15255.822265625,0,
35,16210.095703125,0,
37,17558.583984375,0,
39,17588.455078125,0,
41,16490.5,0,
43,16883.9140625,0,
45,15207.388671875,0,
47,15367.1923828125,0,
49,15924.712890625,0,
51,14629.830078125,0,
53,13977.2646484375,0,
55,14560.8828125,0,
57,16791.2421875,0,
59,17341.13671875,0,
61,14229.189453125,0,
63,13664.947265625,0,
65,15684.01171875,0,
67,13717.9208984375,0,
69,13678.2265625,0,
71,13954.244140625,0,
73,16869.2578125,0,
75,16414.34375,0,
77,14879.1640625,0,
79,14307.189453125,0,
81,15037.2548828125,0,
83,14689.724609375,0,
85,13780.2900390625,0,
87,13616.26953125,0,
89,12968.9169921875,0,
91,13231.40234375,0,
93,12278.208984375,0,
95,13401.5283203125,0,
97,11469.802734375,0,
99,15273.5419921875,0,
101,11774.4453125,0,
103,11469.994140625,0,
105,12698.4921875,0,
107,10835.4541015625,0,
109,12314.2646484375,0,
111,11898.3447265625,0,
113,10679.8984375,0,
115,11726.4677734375,0,
117,12681.1123046875,0,
119,12599.27734375,0,
121,11942.88671875,0,
123,11420.4853515625,0,
125,11051.7529296875,0,
127,9824.23828125,0,
129,12640.5859375,0,
131,13840.30859375,0,
133,12700.26171875,0,
135,11035.3046875,0,
137,11342.509765625,0,
139,11661.2177734375,0,
141,11113.4130859375,0,
143,12463.138671875,0,
145,11382.05859375,0,
147,10226.7177734375,0,
149,10093.3984375,0,
151,9360.134765625,0,
153,9349.2451171875,0,
155,8900.7587890625,0,
157,12136.15625,0,
159,9537.876953125,0,
161,10480.216796875,0,
163,9927.1162109375,0,
165,10171.8828125,0,
167,9194.314453125,0,
169,9814.8017578125,0,
171,11300.1396484375,0,
173,11543.978515625,0,
175,10923.873046875,0,
177,9752.513671875,0,
179,12492.4697265625,0,
181,10619.458984375,0,
183,9944.54296875,0,
185,10184.09375,0,
187,10146.861328125,0,
189,11413.994140625,0,
191,11173.947265625,0,
192,,0,10511.9482421875
193,10593.1953125,1,
195,10932.5634765625,1,
197,11235.6416015625,1,
199,10898.796875,1,
201,9705.06640625,1,
203,9841.326171875,1,
205,11986.130859375,1,
207,11883.5517578125,1,
209,9607.7412109375,1,
211,10768.9853515625,1,
213,10954.611328125,1,
215,10663.45703125,1,
217,10225.818359375,1,
219,9654.2080078125,1,
221,8712.0625,1,
223,8260.296875,1,
225,12143.0849609375,1,
227,8647.068359375,1,
229,10145.2685546875,1,
231,10391.89453125,1,
233,10345.775390625,1,
235,9973.7978515625,1,
237,8758.28515625,1,
239,9237.6015625,1,
241,9214.04296875,1,
243,9051.291015625,1,
245,9686.3681640625,1,
247,9764.17578125,1,
249,9847.4814453125,1,
251,11180.912109375,1,
253,9772.49609375,1,
255,9741.6416015625,1,
257,9125.20703125,1,
259,9218.51953125,1,
261,9525.0,1,
263,9707.7373046875,1,
265,8251.5966796875,1,
267,9234.708984375,1,
269,8795.455078125,1,
271,7792.630859375,1,
273,9488.078125,1,
275,9357.318359375,1,
277,7883.4423828125,1,
279,10160.5458984375,1,
281,7884.6787109375,1,
283,9600.33203125,1,
285,8742.3125,1,
287,9780.478515625,1,
289,11225.0888671875,1,
291,9405.3828125,1,
293,8918.599609375,1,
295,8605.5283203125,1,
297,8853.16796875,1,
299,9469.466796875,1,
301,8428.79296875,1,
303,8983.009765625,1,
305,8970.05859375,1,
307,9675.240234375,1,
309,8627.77734375,1,
311,8785.2021484375,1,
313,9448.9375,1,
315,9622.5390625,1,
317,8972.2587890625,1,
319,10291.38671875,1,
321,9871.732421875,1,
323,8675.775390625,1,
325,9031.0361328125,1,
327,8919.6513671875,1,
329,6903.701171875,1,
331,9869.30078125,1,
333,7620.56298828125,1,
335,10497.51953125,1,
337,9566.173828125,1,
339,8347.0810546875,1,
341,7830.0830078125,1,
343,7834.44140625,1,
345,7470.55859375,1,
347,10216.576171875,1,
349,8093.541015625,1,
351,8083.9892578125,1,
353,8747.7333984375,1,
355,8086.84375,1,
357,7467.46044921875,1,
359,7568.1611328125,1,
361,6340.53759765625,1,
363,9508.75,1,
365,6874.39111328125,1,
367,7605.2666015625,1,
369,9056.640625,1,
371,8045.8154296875,1,
373,7737.8115234375,1,
375,7173.88330078125,1,
377,8387.236328125,1,
379,7590.6328125,1,
381,7343.6650390625,1,
383,7007.466796875,1,
385,8340.6171875,1,
385,,1,7971.0859375
387,6973.16064453125,2,
389,8225.4248046875,2,
391,6983.4501953125,2,
393,7438.470703125,2,
395,7323.47802734375,2,
397,8306.931640625,2,
399,7787.427734375,2,
401,7738.5751953125,2,
403,7479.560546875,2,
405,7889.1298828125,2,
407,7734.08447265625,2,
409,8601.185546875,2,
411,7679.6435546875,2,
413,8639.4990234375,2,
415,6991.5498046875,2,
417,7542.73046875,2,
419,7870.9306640625,2,
421,7483.541015625,2,
423,8982.794921875,2,
425,7328.1708984375,2,
427,7488.68994140625,2,
429,7601.76513671875,2,
431,7342.7958984375,2,
433,6651.00244140625,2,
435,7273.2412109375,2,
437,8047.81640625,2,
439,8194.1640625,2,
441,6560.58837890625,2,
443,8616.7451171875,2,
445,7407.0302734375,2,
447,6874.7470703125,2,
449,7024.232421875,2,
451,7099.5302734375,2,
453,7935.431640625,2,
455,7128.1220703125,2,
457,6811.3984375,2,
459,6242.0302734375,2,
461,8331.3818359375,2,
463,7393.5419921875,2,
465,7614.44580078125,2,
467,9651.9951171875,2,
469,6898.7451171875,2,
471,7295.4423828125,2,
473,7114.2958984375,2,
475,6784.11767578125,2,
477,5724.1640625,2,
479,7782.65478515625,2,
481,7317.5732421875,2,
483,6762.0595703125,2,
485,8559.640625,2,
487,7370.2392578125,2,
489,7092.56005859375,2,
491,6381.8095703125,2,
493,7305.77685546875,2,
495,6277.890625,2,
497,6459.87646484375,2,
499,7056.4423828125,2,
501,7964.44921875,2,
503,6391.3740234375,2,
505,7094.37939453125,2,
507,7835.2568359375,2,
509,7044.0029296875,2,
511,6703.06103515625,2,
513,7033.7314453125,2,
515,7596.677734375,2,
517,8081.8359375,2,
519,7497.3486328125,2,
521,6344.41455078125,2,
523,6087.21044921875,2,
525,6370.08251953125,2,
527,6090.1953125,2,
529,7469.43701171875,2,
531,7507.359375,2,
533,7973.109375,2,
535,6199.0712890625,2,
537,5935.77099609375,2,
539,8679.90625,2,
541,6010.4130859375,2,
543,7397.90673828125,2,
545,8567.5927734375,2,
547,7751.7900390625,2,
549,7601.76171875,2,
551,6416.90673828125,2,
553,7625.1650390625,2,
555,6944.77587890625,2,
557,8354.890625,2,
559,6525.1767578125,2,
561,6138.9375,2,
563,8598.880859375,2,
565,7618.986328125,2,
567,6363.7822265625,2,
569,5613.36181640625,2,
571,8441.9453125,2,
573,6867.9189453125,2,
575,7390.4638671875,2,
577,7913.591796875,2,
578,,2,6753.41943359375
579,8511.130859375,3,
581,6402.9091796875,3,
583,6675.884765625,3,
585,6982.49755859375,3,
587,7112.001953125,3,
589,7180.1962890625,3,
591,5967.91796875,3,
593,6715.1708984375,3,
595,5449.81640625,3,
597,6400.751953125,3,
599,6009.16796875,3,
601,6671.7314453125,3,
603,8075.4091796875,3,
605,7449.25341796875,3,
607,6862.205078125,3,
609,6424.2841796875,3,
611,6716.8818359375,3,
613,6152.5908203125,3,
615,6881.5439453125,3,
617,6605.1611328125,3,
619,6625.2158203125,3,
621,5674.21728515625,3,
623,7135.92919921875,3,
625,6598.2626953125,3,
627,6152.09326171875,3,
629,8220.9306640625,3,
631,5363.94921875,3,
633,7224.0673828125,3,
635,6294.6455078125,3,
637,5998.37255859375,3,
639,5864.30322265625,3,
641,6125.21728515625,3,
643,8291.548828125,3,
645,6629.13671875,3,
647,7498.2314453125,3,
649,7005.1455078125,3,
651,7254.8798828125,3,
653,6598.392578125,3,
655,8095.94140625,3,
657,6708.2119140625,3,
659,6996.384765625,3,
661,6258.109375,3,
663,5506.978515625,3,
665,6124.9716796875,3,
667,6667.962890625,3,
669,7499.8134765625,3,
671,6203.9794921875,3,
673,6344.009765625,3,
675,7448.6240234375,3,
677,7071.55517578125,3,
679,5776.8779296875,3,
681,6155.529296875,3,
683,6822.6943359375,3,
685,7080.94091796875,3,
687,6705.45654296875,3,
689,5952.9140625,3,
691,6043.36767578125,3,
693,6441.6318359375,3,
695,6518.46630859375,3,
697,7769.732421875,3,
699,7789.54833984375,3,
701,6311.54736328125,3,
703,7480.9560546875,3,
705,5636.8212890625,3,
707,5988.2041015625,3,
709,6141.1796875,3,
711,7104.2607421875,3,
713,5452.29443359375,3,
715,5712.740234375,3,
717,5993.50927734375,3,
719,6897.1298828125,3,
721,6460.3193359375,3,
723,7827.66015625,3,
725,8728.078125,3,
727,5814.89990234375,3,
729,6460.8857421875,3,
731,5939.49609375,3,
733,6260.349609375,3,
735,5890.27685546875,3,
737,6220.94775390625,3,
739,5758.4658203125,3,
741,9100.373046875,3,
743,7203.9345703125,3,
745,6441.658203125,3,
747,6442.2578125,3,
749,6828.3447265625,3,
751,6763.7001953125,3,
753,5173.470703125,3,
755,6440.6806640625,3,
757,6279.6513671875,3,
759,7141.83740234375,3,
761,5928.7119140625,3,
763,7961.4306640625,3,
765,7029.73193359375,3,
767,7917.2392578125,3,
769,6018.2763671875,3,
771,8461.896484375,3,
771,,3,6228.16064453125
773,7106.6357421875,4,
775,7258.57421875,4,
777,6510.8935546875,4,
779,5683.50146484375,4,
781,7120.259765625,4,
783,6124.7060546875,4,
785,6132.9072265625,4,
787,6003.41162109375,4,
789,5423.16015625,4,
791,6853.84765625,4,
793,6157.4580078125,4,
795,6374.6884765625,4,
797,6947.52978515625,4,
799,7778.78076171875,4,
801,6979.943359375,4,
803,6179.0234375,4,
805,6178.115234375,4,
807,5648.2080078125,4,
809,6678.8857421875,4,
811,6967.16650390625,4,
813,6653.412109375,4,
815,5855.2353515625,4,
817,6358.515625,4,
819,5515.115234375,4,
821,4826.4033203125,4,
823,6980.43212890625,4,
825,6289.74365234375,4,
827,6583.72119140625,4,
829,6175.89453125,4,
831,5737.00634765625,4,
833,6414.765625,4,
835,7260.64794921875,4,
837,6309.2333984375,4,
839,5831.466796875,4,
841,7692.341796875,4,
843,6264.498046875,4,
845,5933.154296875,4,
847,6301.0771484375,4,
849,6130.65380859375,4,
851,6562.6982421875,4,
853,6621.5322265625,4,
855,5678.912109375,4,
857,6904.38916015625,4,
859,6670.7314453125,4,
861,5661.46875,4,
863,6118.40283203125,4,
865,7421.1044921875,4,
867,5799.09521484375,4,
869,6734.6328125,4,
871,5282.65234375,4,
873,6235.4833984375,4,
875,5971.73681640625,4,
877,6551.41015625,4,
879,5730.85986328125,4,
881,7251.28173828125,4,
883,6769.4091796875,4,
885,5881.72705078125,4,
887,5642.4453125,4,
889,5612.7197265625,4,
891,6041.5927734375,4,
893,5935.74609375,4,
895,7742.9462890625,4,
897,6188.4287109375,4,
899,5938.88330078125,4,
901,5841.654296875,4,
903,7006.6572265625,4,
905,5187.6044921875,4,
907,5960.2587890625,4,
909,6362.3525390625,4,
911,5362.9580078125,4,
913,6543.84716796875,4,
915,6450.166015625,4,
917,5337.30859375,4,
919,5667.041015625,4,
921,5969.7451171875,4,
923,6147.70556640625,4,
925,5997.47265625,4,
927,5347.54296875,4,
929,5877.62109375,4,
931,5602.34912109375,4,
933,7885.5595703125,4,
935,5418.197265625,4,
937,6261.4638671875,4,
939,5665.029296875,4,
941,6812.84130859375,4,
943,5361.517578125,4,
945,6362.9169921875,4,
947,5242.40869140625,4,
949,6510.9013671875,4,
951,5736.52978515625,4,
953,6625.23681640625,4,
955,6363.2841796875,4,
957,6136.75927734375,4,
959,5812.42529296875,4,
961,5648.49365234375,4,
963,6104.8974609375,4,
964,,4,5993.67041015625
965,5597.8701171875,5,
967,6417.7763671875,5,
969,5849.12548828125,5,
971,5227.365234375,5,
973,6219.1962890625,5,
975,6487.2822265625,5,
977,5257.71875,5,
979,6078.0302734375,5,
981,5825.8935546875,5,
983,6979.181640625,5,
985,5529.8974609375,5,
987,5995.0966796875,5,
989,6737.123046875,5,
991,5556.4541015625,5,
993,5837.01953125,5,
995,5213.3154296875,5,
997,6702.212890625,5,
999,5314.41796875,5,
1001,5280.095703125,5,
1003,5563.8896484375,5,
1005,5432.369140625,5,
1007,6101.3623046875,5,
1009,6182.0751953125,5,
1011,5489.20068359375,5,
1013,5506.12109375,5,
1015,5367.189453125,5,
1017,7009.3134765625,5,
1019,6774.99609375,5,
1021,6079.7265625,5,
1023,6292.9111328125,5,
1025,6409.189453125,5,
1027,6189.0234375,5,
1029,5804.01220703125,5,
1031,6312.7314453125,5,
1033,5965.2353515625,5,
1035,6346.1943359375,5,
1037,6725.54248046875,5,
1039,5667.25390625,5,
1041,6205.84130859375,5,
1043,5550.7060546875,5,
1045,5488.93505859375,5,
1047,5534.2939453125,5,
1049,6756.748046875,5,
1051,6234.509765625,5,
1053,6081.86865234375,5,
1055,7901.009765625,5,
1057,6140.4716796875,5,
1059,6077.26513671875,5,
1061,5833.6513671875,5,
1063,5472.24365234375,5,
1065,5004.2041015625,5,
1067,5658.50244140625,5,
1069,5661.1064453125,5,
1071,5644.5712890625,5,
1073,5387.470703125,5,
1075,5485.0673828125,5,
1077,6602.36181640625,5,
1079,5395.12109375,5,
1081,5002.408203125,5,
1083,5148.015625,5,
1085,5795.998046875,5,
1087,6070.15380859375,5,
1089,5481.4970703125,5,
1091,5713.8984375,5,
1093,5085.0478515625,5,
1095,6174.11083984375,5,
1097,4572.7841796875,5,
1099,6138.65966796875,5,
1101,5378.56005859375,5,
1103,5945.08447265625,5,
1105,6242.05078125,5,
1107,5841.85546875,5,
1109,6114.21923828125,5,
1111,6129.08642578125,5,
1113,5379.8203125,5,
1115,5294.880859375,5,
1117,6041.00439453125,5,
1119,5811.6064453125,5,
1121,6489.4013671875,5,
1123,5538.46240234375,5,
1125,4800.5,5,
1127,5827.224609375,5,
1129,6048.77099609375,5,
1131,5837.8779296875,5,
1133,6681.64111328125,5,
1135,5824.5439453125,5,
1137,5659.16650390625,5,
1139,5480.5888671875,5,
1141,7253.3525390625,5,
1143,5914.9931640625,5,
1145,5459.517578125,5,
1147,5050.7373046875,5,
1149,5484.41259765625,5,
1151,4983.89208984375,5,
1153,6854.87158203125,5,
1155,6159.62890625,5,
1157,7563.15478515625,5,
1157,,5,5739.2626953125
1159,6460.408203125,6,
1161,6665.96630859375,6,
1163,6194.4267578125,6,
1165,4527.96630859375,6,
1167,4976.744140625,6,
1169,5947.78759765625,6,
1171,5818.12353515625,6,
1173,5566.205078125,6,
1175,7188.345703125,6,
1177,5618.55859375,6,
1179,5235.81884765625,6,
1181,5151.0263671875,6,
1183,6051.5205078125,6,
1185,6202.7421875,6,
1187,5172.91455078125,6,
1189,5983.6474609375,6,
1191,6096.8779296875,6,
1193,4297.1396484375,6,
1195,6376.0498046875,6,
1197,5945.9619140625,6,
1199,5416.5712890625,6,
1201,5751.90576171875,6,
1203,5650.76171875,6,
1205,5651.5537109375,6,
1207,5504.4892578125,6,
1209,5649.884765625,6,
1211,7519.32958984375,6,
1213,7076.56640625,6,
1215,5633.515625,6,
1217,5705.943359375,6,
1219,6028.58837890625,6,
1221,5254.18798828125,6,
1223,5319.44140625,6,
1225,5458.46875,6,
1227,5748.4423828125,6,
1229,5875.2109375,6,
1231,5582.0078125,6,
1233,7433.2724609375,6,
1235,6215.44921875,6,
1237,6071.193359375,6,
1239,5565.2373046875,6,
1241,5884.02197265625,6,
1243,5766.4619140625,6,
1245,5388.388671875,6,
1247,5377.4287109375,6,
1249,4794.5693359375,6,
1251,5868.2646484375,6,
1253,4985.328125,6,
1255,5461.1796875,6,
1257,5514.5888671875,6,
1259,5863.349609375,6,
1261,5619.5419921875,6,
1263,6660.453125,6,
1265,5938.384765625,6,
1267,6756.73095703125,6,
1269,5655.9619140625,6,
1271,5168.7490234375,6,
1273,4943.67333984375,6,
1275,5345.900390625,6,
1277,5292.35205078125,6,
1279,5872.8701171875,6,
1281,6086.89208984375,6,
1283,6404.517578125,6,
1285,4631.302734375,6,
1287,6024.8037109375,6,
1289,5666.2587890625,6,
1291,6537.1337890625,6,
1293,5134.5693359375,6,
1295,5113.9326171875,6,
1297,5103.7001953125,6,
1299,6570.7119140625,6,
1301,4845.080078125,6,
1303,6059.19287109375,6,
1305,4667.45703125,6,
1307,5861.22216796875,6,
1309,6304.4638671875,6,
1311,5878.966796875,6,
1313,7237.0166015625,6,
1315,5328.1298828125,6,
1317,5864.0478515625,6,
1319,5788.2431640625,6,
1321,5386.3349609375,6,
1323,5417.017578125,6,
1325,5598.2294921875,6,
1327,5144.61962890625,6,
1329,5777.1083984375,6,
1331,5912.263671875,6,
1333,5605.39697265625,6,
1335,5109.86279296875,6,
1337,5360.046875,6,
1339,5271.0927734375,6,
1341,7319.80810546875,6,
1343,5139.4794921875,6,
1345,5903.146484375,6,
1347,6117.27197265625,6,
1349,4900.66162109375,6,
1350,,6,5688.7763671875
1351,5603.2265625,7,
1353,5888.21923828125,7,
1355,5479.755859375,7,
1357,6106.63232421875,7,
1359,5490.28955078125,7,
1361,6312.71044921875,7,
1363,5041.11328125,7,
1365,6620.1708984375,7,
1367,5482.4228515625,7,
1369,5198.625,7,
1371,5607.38134765625,7,
1373,6303.0322265625,7,
1375,5391.14013671875,7,
1377,4565.1513671875,7,
1379,4661.94775390625,7,
1381,5097.63232421875,7,
1383,6043.66015625,7,
1385,4941.154296875,7,
1387,5775.60791015625,7,
1389,4880.53271484375,7,
1391,5227.47216796875,7,
1393,5486.3525390625,7,
1395,6089.03564453125,7,
1397,5740.42138671875,7,
1399,5192.048828125,7,
1401,5449.3486328125,7,
1403,5508.55224609375,7,
1405,5050.330078125,7,
1407,5679.7978515625,7,
1409,5984.1044921875,7,
1411,6111.93994140625,7,
1413,5634.3203125,7,
1415,5665.46337890625,7,
1417,5376.7216796875,7,
1419,7364.5048828125,7,
1421,4849.47412109375,7,
1423,5324.755859375,7,
1425,5350.8642578125,7,
1427,6447.09814453125,7,
1429,5214.66748046875,7,
1431,5459.5390625,7,
1433,5119.2734375,7,
1435,5218.7978515625,7,
1437,4696.26708984375,7,
1439,5305.31591796875,7,
1441,5451.1728515625,7,
1443,6404.6962890625,7,
1445,5881.46142578125,7,
1447,5714.20703125,7,
1449,5071.46630859375,7,
1451,4878.7490234375,7,
1453,5669.1640625,7,
1455,5674.82421875,7,
1457,6183.994140625,7,
1459,5250.634765625,7,
1461,5501.875,7,
1463,6058.0888671875,7,
1465,5022.78271484375,7,
1467,5743.716796875,7,
1469,6291.7509765625,7,
1471,5501.37060546875,7,
1473,6006.5791015625,7,
1475,4781.705078125,7,
1477,5857.61181640625,7,
1479,4704.92333984375,7,
1481,5339.5068359375,7,
1483,6288.8271484375,7,
1485,6051.3994140625,7,
1487,5976.92626953125,7,
1489,4259.1201171875,7,
1491,5609.341796875,7,
1493,4927.1025390625,7,
1495,6285.94921875,7,
1497,5180.03125,7,
1499,6179.9609375,7,
1501,4936.72314453125,7,
1503,6393.365234375,7,
1505,4497.87646484375,7,
1507,4921.52880859375,7,
1509,5919.224609375,7,
1511,5874.5908203125,7,
1513,6234.7802734375,7,
1515,5183.2421875,7,
1517,4394.568359375,7,
1519,4893.408203125,7,
1521,5404.1787109375,7,
1523,6338.6083984375,7,
1525,5097.71044921875,7,
1527,5402.84521484375,7,
1529,5489.3486328125,7,
1531,5885.02001953125,7,
1533,5131.78857421875,7,
1535,4631.935546875,7,
1537,5041.7431640625,7,
1539,5901.248046875,7,
1541,5848.1103515625,7,
1543,4361.22314453125,7,
1543,,7,5407.16943359375
1545,5674.89453125,8,
1547,5611.5849609375,8,
1549,5513.7353515625,8,
1551,6138.34423828125,8,
1553,6397.51318359375,8,
1555,5549.3369140625,8,
1557,6521.1826171875,8,
1559,5722.66064453125,8,
1561,5719.1015625,8,
1563,4768.0185546875,8,
1565,5497.78369140625,8,
1567,6522.70166015625,8,
1569,6508.19140625,8,
1571,4430.70751953125,8,
1573,6131.87548828125,8,
1575,4733.7275390625,8,
1577,5292.2744140625,8,
1579,5412.412109375,8,
1581,4892.5390625,8,
1583,5047.890625,8,
1585,5257.4169921875,8,
1587,6280.939453125,8,
1589,5258.408203125,8,
1591,5718.494140625,8,
1593,7698.8974609375,8,
1595,6160.87890625,8,
1597,4968.5498046875,8,
1599,5606.6943359375,8,
1601,5703.9296875,8,
1603,4688.16015625,8,
1605,5784.890625,8,
1607,5259.73876953125,8,
1609,4921.83056640625,8,
1611,5568.1875,8,
1613,5450.81396484375,8,
1615,5591.39794921875,8,
1617,5609.1015625,8,
1619,4754.7353515625,8,
1621,5759.755859375,8,
1623,5065.05224609375,8,
1625,4636.890625,8,
1627,5184.5625,8,
1629,6605.9501953125,8,
1631,4968.29248046875,8,
1633,4379.466796875,8,
1635,4904.1357421875,8,
1637,5052.8017578125,8,
1639,5421.5244140625,8,
1641,5116.82275390625,8,
1643,5235.5751953125,8,
1645,4922.54736328125,8,
1647,5197.45556640625,8,
1649,7035.5888671875,8,
1651,5759.357421875,8,
1653,5574.279296875,8,
1655,4250.845703125,8,
1657,6064.0087890625,8,
1659,5030.212890625,8,
1661,5558.310546875,8,
1663,5011.6650390625,8,
1665,5825.037109375,8,
1667,5068.5771484375,8,
1669,4996.2490234375,8,
1671,6497.9638671875,8,
1673,5929.1357421875,8,
1675,5818.5634765625,8,
1677,5610.5302734375,8,
1679,4198.107421875,8,
1681,7126.04345703125,8,
1683,5525.212890625,8,
1685,5675.5546875,8,
1687,5547.61083984375,8,
1689,5107.04736328125,8,
1691,5177.36328125,8,
1693,5612.2802734375,8,
1695,4753.544921875,8,
1697,5408.357421875,8,
1699,5504.9150390625,8,
1701,5288.6416015625,8,
1703,5172.3896484375,8,
1705,5620.974609375,8,
1707,5645.0380859375,8,
1709,4857.34375,8,
1711,6085.306640625,8,
1713,5128.08251953125,8,
1715,5049.18212890625,8,
1717,4733.2529296875,8,
1719,5676.298828125,8,
1721,4953.4365234375,8,
1723,5078.33642578125,8,
1725,4822.79052734375,8,
1727,4373.59814453125,8,
1729,5576.4609375,8,
1731,5491.35595703125,8,
1733,5436.86181640625,8,
1735,4962.59375,8,
1736,,8,5433.71240234375
1737,5765.07275390625,9,
1739,5412.568359375,9,
1741,5448.72021484375,9,
1743,5589.322265625,9,
1745,6241.814453125,9,
1747,4954.9296875,9,
1749,5103.7685546875,9,
1751,5705.208984375,9,
1753,5655.70556640625,9,
1755,5726.3916015625,9,
1757,5213.7744140625,9,
1759,4765.74560546875,9,
1761,5647.6904296875,9,
1763,4111.77490234375,9,
1765,5966.1650390625,9,
1767,5012.1337890625,9,
1769,5487.146484375,9,
1771,5078.46484375,9,
1773,5002.53125,9,
1775,5204.5712890625,9,
1777,5015.7783203125,9,
1779,5746.107421875,9,
1781,4907.0380859375,9,
1783,6002.20556640625,9,
1785,5562.234375,9,
1787,4827.9228515625,9,
1789,5219.9423828125,9,
1791,6616.9267578125,9,
1793,4377.314453125,9,
1795,4621.486328125,9,
1797,5199.96826171875,9,
1799,5498.7939453125,9,
1801,6673.8701171875,9,
1803,4834.146484375,9,
1805,5355.2978515625,9,
1807,4701.5654296875,9,
1809,5458.60546875,9,
1811,5097.54541015625,9,
1813,4527.83642578125,9,
1815,4446.9765625,9,
1817,4806.4658203125,9,
1819,4559.8984375,9,
1821,4915.9072265625,9,
1823,5061.7919921875,9,
1825,5601.119140625,9,
1827,5000.1171875,9,
1829,5748.9208984375,9,
1831,5645.54736328125,9,
1833,5144.6298828125,9,
1835,5868.0087890625,9,
1837,5032.130859375,9,
1839,5311.37255859375,9,
1841,5738.94873046875,9,
1843,7537.1357421875,9,
1845,4853.623046875,9,
1847,5355.765625,9,
1849,5317.681640625,9,
1851,5452.39208984375,9,
1853,4527.73828125,9,
1855,4679.87158203125,9,
1857,4430.59619140625,9,
1859,4861.31787109375,9,
1861,4867.05078125,9,
1863,4909.3759765625,9,
1865,3828.041748046875,9,
1867,5386.23583984375,9,
1869,5163.3359375,9,
1871,4410.37060546875,9,
1873,6380.92041015625,9,
1875,6801.98681640625,9,
1877,5126.1142578125,9,
1879,6724.21044921875,9,
1881,7191.2314453125,9,
1883,4354.2919921875,9,
1885,5339.64501953125,9,
1887,5946.2197265625,9,
1889,5566.3427734375,9,
1891,5813.298828125,9,
1893,5100.0341796875,9,
1895,5508.8349609375,9,
1897,6179.052734375,9,
1899,5150.52734375,9,
1901,5400.8037109375,9,
1903,5399.48486328125,9,
1905,5855.6689453125,9,
1907,4721.095703125,9,
1909,5658.28662109375,9,
1911,4579.3046875,9,
1913,5373.861328125,9,
1915,5563.8955078125,9,
1917,5064.48486328125,9,
1919,5588.052734375,9,
1921,5870.5966796875,9,
1923,4674.1806640625,9,
1925,4582.66162109375,9,
1927,5557.8310546875,9,
1929,5932.66552734375,9,
1929,,9,5221.93798828125
1931,4243.29296875,10,
1933,4851.6591796875,10,
1935,4957.353515625,10,
1937,5147.744140625,10,
1939,5523.72509765625,10,
1941,4915.60302734375,10,
1943,5294.7001953125,10,
1945,5073.1396484375,10,
1947,4906.619140625,10,
1949,3769.403076171875,10,
1951,4708.3779296875,10,
1953,5275.5205078125,10,
1955,5569.56982421875,10,
1957,5000.3427734375,10,
1959,5748.2783203125,10,
1961,4751.6669921875,10,
1963,5352.30859375,10,
1965,4449.43017578125,10,
1967,5690.42578125,10,
1969,5671.2705078125,10,
1971,5255.69482421875,10,
1973,4701.90478515625,10,
1975,4932.8505859375,10,
1977,6315.07763671875,10,
1979,5373.22607421875,10,
1981,4985.01904296875,10,
1983,5881.787109375,10,
1985,5631.1923828125,10,
1987,5055.3349609375,10,
1989,5465.02099609375,10,
1991,5497.2265625,10,
1993,4922.95703125,10,
1995,5659.8828125,10,
1997,5468.2294921875,10,
1999,5566.88818359375,10,
2001,5367.8876953125,10,
2003,5022.51025390625,10,
2005,4452.87890625,10,
2007,6778.3876953125,10,
2009,5147.12646484375,10,
2011,6027.0400390625,10,
2013,5317.7685546875,10,
2015,5228.34765625,10,
2017,6152.06982421875,10,
2019,5138.34375,10,
2021,4753.6484375,10,
2023,4495.06640625,10,
2025,5550.16162109375,10,
2027,5557.99853515625,10,
2029,5413.96923828125,10,
2031,5217.77978515625,10,
2033,4491.083984375,10,
2035,4964.62548828125,10,
2037,5512.9892578125,10,
2039,4911.5888671875,10,
2041,4649.73291015625,10,
2043,4785.888671875,10,
2045,5894.4384765625,10,
2047,5587.9033203125,10,
2049,5406.64453125,10,
2051,5313.09765625,10,
2053,4379.19091796875,10,
2055,4477.16162109375,10,
2057,5299.72314453125,10,
2059,5036.33349609375,10,
2061,5649.037109375,10,
2063,5165.251953125,10,
2065,5636.59423828125,10,
2067,5106.189453125,10,
2069,5237.876953125,10,
2071,5129.41650390625,10,
2073,6041.02685546875,10,
2075,5697.68359375,10,
2077,5058.74072265625,10,
2079,4937.5546875,10,
2081,6056.146484375,10,
2083,5368.62890625,10,
2085,5413.31494140625,10,
2087,4814.8505859375,10,
2089,4805.92919921875,10,
2091,5159.8955078125,10,
2093,4697.51611328125,10,
2095,5599.6259765625,10,
2097,5537.2646484375,10,
2099,5065.8818359375,10,
2101,4526.83740234375,10,
2103,4919.41552734375,10,
2105,5824.611328125,10,
2107,5165.56640625,10,
2109,5692.9560546875,10,
2111,4479.7705078125,10,
2113,4354.7255859375,10,
2115,5521.3955078125,10,
2117,4721.1875,10,
2119,4952.45654296875,10,
2121,6279.337890625,10,
2122,,10,5165.4296875
2123,5054.681640625,11,
2125,5176.1767578125,11,
2127,5326.056640625,11,
2129,5702.6376953125,11,
2131,5181.8857421875,11,
2133,5907.34814453125,11,
2135,4373.77392578125,11,
2137,5367.693359375,11,
2139,4513.16357421875,11,
2141,5014.5322265625,11,
2143,5321.314453125,11,
2145,5362.6748046875,11,
2147,4791.14306640625,11,
2149,4630.751953125,11,
2151,5311.841796875,11,
2153,6093.06982421875,11,
2155,5658.02734375,11,
2157,4998.6748046875,11,
2159,5667.08349609375,11,
2161,5999.45703125,11,
2163,6650.87890625,11,
2165,4660.22509765625,11,
2167,5537.43359375,11,
2169,5696.900390625,11,
2171,4704.8408203125,11,
2173,5581.544921875,11,
2175,6082.7744140625,11,
2177,5187.55126953125,11,
2179,4898.35546875,11,
2181,4528.0771484375,11,
2183,5518.66015625,11,
2185,4773.4609375,11,
2187,4977.30078125,11,
2189,4987.982421875,11,
2191,4799.87451171875,11,
2193,4089.2294921875,11,
2195,4550.81787109375,11,
2197,4844.4609375,11,
2199,4691.154296875,11,
2201,5235.287109375,11,
2203,6576.91455078125,11,
2205,4484.0498046875,11,
2207,5014.56884765625,11,
2209,5435.341796875,11,
2211,4959.96630859375,11,
2213,5583.50146484375,11,
2215,4938.41943359375,11,
2217,4667.888671875,11,
2219,5144.39501953125,11,
2221,4620.4521484375,11,
2223,4887.6591796875,11,
2225,4845.5458984375,11,
2227,5538.7646484375,11,
2229,5021.64990234375,11,
2231,5415.9873046875,11,
2233,5584.63671875,11,
2235,5318.1005859375,11,
2237,5421.85546875,11,
2239,5282.4833984375,11,
2241,5530.19775390625,11,
2243,4912.814453125,11,
2245,4610.1064453125,11,
2247,5296.314453125,11,
2249,5269.35986328125,11,
2251,5922.66064453125,11,
2253,5399.98974609375,11,
2255,6380.630859375,11,
2257,4632.81494140625,11,
2259,4902.58642578125,11,
2261,5525.498046875,11,
2263,4660.724609375,11,
2265,4402.3291015625,11,
2267,5064.7744140625,11,
2269,4683.5029296875,11,
2271,5488.06884765625,11,
2273,4457.11376953125,11,
2275,5305.51953125,11,
2277,4882.84375,11,
2279,5144.94140625,11,
2281,4772.578125,11,
2283,5745.7294921875,11,
2285,5999.1982421875,11,
2287,5993.55078125,11,
2289,3801.75341796875,11,
2291,5779.39501953125,11,
2293,5241.3125,11,
2295,4582.94384765625,11,
2297,4910.53271484375,11,
2299,4346.5361328125,11,
2301,4790.6455078125,11,
2303,4702.2236328125,11,
2305,4950.94140625,11,
2307,5573.57568359375,11,
2309,6326.8857421875,11,
2311,5045.85546875,11,
2313,4518.8115234375,11,
2315,2965.6845703125,11,
2315,,11,5179.89697265625
2317,4270.72021484375,12,
2319,4740.19921875,12,
2321,5855.96240234375,12,
2323,4748.28271484375,12,
2325,5114.375,12,
2327,5009.87451171875,12,
2329,4290.560546875,12,
2331,5455.6220703125,12,
2333,5268.923828125,12,
2335,4428.740234375,12,
2337,5194.14794921875,12,
2339,4807.81396484375,12,
2341,4588.89892578125,12,
2343,4804.287109375,12,
2345,5076.39794921875,12,
2347,5853.7265625,12,
2349,5522.40380859375,12,
2351,4411.814453125,12,
2353,4527.3330078125,12,
2355,5928.63671875,12,
2357,5088.10302734375,12,
2359,5117.91650390625,12,
2361,4705.16015625,12,
2363,4469.5029296875,12,
2365,5731.34521484375,12,
2367,4472.642578125,12,
2369,5014.0849609375,12,
2371,5440.564453125,12,
2373,4790.0830078125,12,
2375,4938.49853515625,12,
2377,4808.552734375,12,
2379,4684.47265625,12,
2381,4527.162109375,12,
2383,5249.318359375,12,
2385,4706.2919921875,12,
2387,4522.36962890625,12,
2389,4863.0673828125,12,
2391,4917.84375,12,
2393,5925.0439453125,12,
2395,5359.2763671875,12,
2397,5023.4296875,12,
2399,6235.78759765625,12,
2401,5130.2724609375,12,
2403,5184.6875,12,
2405,6064.0498046875,12,
2407,5796.150390625,12,
2409,5016.9833984375,12,
2411,4537.15234375,12,
2413,4964.68115234375,12,
2415,6125.0009765625,12,
2417,4483.86669921875,12,
2419,4980.71240234375,12,
2421,5288.935546875,12,
2423,5527.2412109375,12,
2425,4720.83837890625,12,
2427,4437.71435546875,12,
2429,5128.716796875,12,
2431,5468.79833984375,12,
2433,5605.923828125,12,
2435,5831.609375,12,
2437,5535.3876953125,12,
2439,5855.5478515625,12,
2441,5166.5849609375,12,
2443,4064.4794921875,12,
2445,5301.994140625,12,
2447,4944.646484375,12,
2449,4910.1748046875,12,
2451,4740.63671875,12,
2453,5326.953125,12,
2455,5086.017578125,12,
2457,4743.6337890625,12,
2459,5125.29296875,12,
2461,7391.912109375,12,
2463,5282.34765625,12,
2465,5134.17822265625,12,
2467,5179.5693359375,12,
2469,4331.51123046875,12,
2471,4943.634765625,12,
2473,5781.61669921875,12,
2475,4745.32421875,12,
2477,4671.05029296875,12,
2479,4248.7548828125,12,
2481,4668.3828125,12,
2483,4882.16015625,12,
2485,4676.26123046875,12,
2487,5359.05029296875,12,
2489,4850.6455078125,12,
2491,5011.443359375,12,
2493,6029.64990234375,12,
2495,4959.68701171875,12,
2497,5816.767578125,12,
2499,5001.8203125,12,
2501,4958.8310546875,12,
2503,4043.92138671875,12,
2505,4570.427734375,12,
2507,5361.8896484375,12,
2508,,12,5106.26611328125
2509,4943.03857421875,13,
2511,5266.18359375,13,
2513,5680.9052734375,13,
2515,5488.865234375,13,
2517,5204.97216796875,13,
2519,5373.6416015625,13,
2521,4737.361328125,13,
2523,4565.6904296875,13,
2525,4591.75146484375,13,
2527,5668.8916015625,13,
2529,4665.90673828125,13,
2531,4805.02685546875,13,
2533,5171.3740234375,13,
2535,5310.09423828125,13,
2537,4724.8896484375,13,
2539,4589.2861328125,13,
2541,4927.416015625,13,
2543,4856.5625,13,
2545,6621.95703125,13,
2547,5097.7265625,13,
2549,4399.53759765625,13,
2551,4661.458984375,13,
2553,5860.91796875,13,
2555,4809.814453125,13,
2557,5372.12939453125,13,
2559,4400.2841796875,13,
2561,5354.2646484375,13,
2563,5320.98681640625,13,
2565,5492.763671875,13,
2567,5364.76953125,13,
2569,4736.6025390625,13,
2571,5386.5107421875,13,
2573,5451.76611328125,13,
2575,5259.4892578125,13,
2577,4565.0908203125,13,
2579,5025.7822265625,13,
2581,4952.576171875,13,
2583,5316.0068359375,13,
2585,4349.5595703125,13,
2587,4748.87353515625,13,
2589,4826.2900390625,13,
2591,4455.388671875,13,
2593,4793.0791015625,13,
2595,5930.14208984375,13,
2597,6030.60595703125,13,
2599,5040.9140625,13,
2601,4427.2001953125,13,
2603,5474.1328125,13,
2605,5989.6015625,13,
2607,5308.4677734375,13,
2609,6540.966796875,13,
2611,5542.85986328125,13,
2613,4856.3701171875,13,
2615,5573.79736328125,13,
2617,4792.2998046875,13,
2619,4930.716796875,13,
2621,5563.9169921875,13,
2623,5040.642578125,13,
2625,4519.7353515625,13,
2627,4985.880859375,13,
2629,5683.26123046875,13,
2631,5113.611328125,13,
2633,4220.234375,13,
2635,4514.42333984375,13,
2637,5034.115234375,13,
2639,5741.8994140625,13,
2641,5396.8603515625,13,
2643,5668.89208984375,13,
2645,5265.0205078125,13,
2647,4952.14111328125,13,
2649,5348.6455078125,13,
2651,5049.3203125,13,
2653,5382.20947265625,13,
2655,4759.82373046875,13,
2657,5009.42919921875,13,
2659,5723.4599609375,13,
2661,5366.42529296875,13,
2663,5512.57373046875,13,
2665,5085.3623046875,13,
2667,4662.8466796875,13,
2669,4093.075439453125,13,
2671,5549.041015625,13,
2673,5033.3798828125,13,
2675,4762.1572265625,13,
2677,3967.770751953125,13,
2679,4227.9482421875,13,
2681,6488.30419921875,13,
2683,4816.26806640625,13,
2685,4737.916015625,13,
2687,4390.75732421875,13,
2689,5456.5390625,13,
2691,4769.046875,13,
2693,5386.572265625,13,
2695,4969.13037109375,13,
2697,4389.193359375,13,
2699,4462.8662109375,13,
2701,7984.98193359375,13,
2701,,13,5011.44091796875
2703,5095.3193359375,14,
2705,4795.931640625,14,
2707,4576.9423828125,14,
2709,5511.4384765625,14,
2711,4246.310546875,14,
2713,4620.9638671875,14,
2715,4972.36181640625,14,
2717,5670.52978515625,14,
2719,4567.78564453125,14,
2721,5823.48046875,14,
2723,4914.44970703125,14,
2725,5596.9765625,14,
2727,5120.109375,14,
2729,4226.017578125,14,
2731,4614.1318359375,14,
2733,4262.3681640625,14,
2735,5903.56103515625,14,
2737,4404.810546875,14,
2739,4707.7236328125,14,
2741,6339.15673828125,14,
2743,4113.3515625,14,
2745,5143.7548828125,14,
2747,5316.18359375,14,
2749,4064.302001953125,14,
2751,5152.0517578125,14,
2753,4479.6484375,14,
2755,4703.69091796875,14,
2757,6115.6689453125,14,
2759,5058.3046875,14,
2761,4963.46484375,14,
2763,5807.474609375,14,
2765,6137.8505859375,14,
2767,5277.724609375,14,
2769,4609.4326171875,14,
2771,4361.529296875,14,
2773,4619.16796875,14,
2775,4230.91357421875,14,
2777,4785.96630859375,14,
2779,4085.16162109375,14,
2781,4741.85595703125,14,
2783,4809.44287109375,14,
2785,5189.45068359375,14,
2787,4445.4404296875,14,
2789,4671.44677734375,14,
2791,5038.8671875,14,
2793,3676.6455078125,14,
2795,5068.576171875,14,
2797,4874.4599609375,14,
2799,5343.91796875,14,
2801,4666.4033203125,14,
2803,5427.5361328125,14,
2805,5277.6064453125,14,
2807,5054.4599609375,14,
2809,4563.8974609375,14,
2811,5069.5224609375,14,
2813,4982.8154296875,14,
2815,4916.330078125,14,
2817,4507.2373046875,14,
2819,5231.0712890625,14,
2821,5387.82666015625,14,
2823,4316.34765625,14,
2825,5910.43994140625,14,
2827,4900.79638671875,14,
2829,5644.39990234375,14,
2831,5025.7822265625,14,
2833,5274.42724609375,14,
2835,4304.203125,14,
2837,3875.3623046875,14,
2839,5549.81640625,14,
2841,4693.4775390625,14,
2843,4776.81494140625,14,
2845,5287.2099609375,14,
2847,4736.75244140625,14,
2849,5148.25830078125,14,
2851,5231.51171875,14,
2853,5534.169921875,14,
2855,4625.14599609375,14,
2857,4204.93798828125,14,
2859,5783.50927734375,14,
2861,4464.80810546875,14,
2863,4290.94482421875,14,
2865,5538.84326171875,14,
2867,4794.44140625,14,
2869,4870.640625,14,
2871,6212.6376953125,14,
2873,5342.5302734375,14,
2875,4531.75,14,
2877,6074.5986328125,14,
2879,5215.8720703125,14,
2881,5090.99072265625,14,
2883,4707.810546875,14,
2885,4653.54931640625,14,
2887,4618.861328125,14,
2889,5079.5546875,14,
2891,5309.63818359375,14,
2893,6012.4248046875,14,
2894,,14,5111.8642578125
2895,4806.166015625,15,
2897,6641.64453125,15,
2899,4721.5419921875,15,
2901,5843.00341796875,15,
2903,4807.1279296875,15,
2905,5207.65478515625,15,
2907,4413.9267578125,15,
2909,4772.7216796875,15,
2911,4262.7568359375,15,
2913,5269.3095703125,15,
2915,4562.751953125,15,
2917,5038.8662109375,15,
2919,5317.62060546875,15,
2921,4806.6044921875,15,
2923,4866.6513671875,15,
2925,5078.7333984375,15,
2927,4403.98876953125,15,
2929,4406.83544921875,15,
2931,5059.9267578125,15,
2933,4215.6396484375,15,
2935,4247.939453125,15,
2937,4540.4912109375,15,
2939,4623.73779296875,15,
2941,6011.7333984375,15,
2943,4414.978515625,15,
2945,4463.6357421875,15,
2947,5864.8369140625,15,
2949,5501.197265625,15,
2951,5052.20751953125,15,
2953,4933.24755859375,15,
2955,4285.73193359375,15,
2957,4142.89453125,15,
2959,5795.87890625,15,
2961,4850.5283203125,15,
2963,4635.89453125,15,
2965,4955.98681640625,15,
2967,5104.888671875,15,
2969,4491.3876953125,15,
2971,4818.75634765625,15,
2973,5108.6787109375,15,
2975,4790.0703125,15,
2977,5792.0009765625,15,
2979,5458.53125,15,
2981,5381.689453125,15,
2983,5996.7060546875,15,
2985,4909.087890625,15,
2987,5222.62646484375,15,
2989,4182.56005859375,15,
2991,5402.94384765625,15,
2993,4352.05419921875,15,
2995,4839.1357421875,15,
2997,4343.181640625,15,
2999,4962.130859375,15,
3001,5025.826171875,15,
3003,5571.26171875,15,
3005,4418.111328125,15,
3007,5286.4384765625,15,
3009,5173.3974609375,15,
3011,5215.1884765625,15,
3013,5079.255859375,15,
3015,5386.07666015625,15,
3017,4688.91015625,15,
3019,5561.890625,15,
3021,5880.076171875,15,
3023,4111.3798828125,15,
3025,4510.3671875,15,
3027,4897.7236328125,15,
3029,4586.4970703125,15,
3031,4802.0498046875,15,
3033,5157.78125,15,
3035,4817.564453125,15,
3037,4972.0107421875,15,
3039,4672.98095703125,15,
3041,5154.12841796875,15,
3043,5167.44287109375,15,
3045,4809.63232421875,15,
3047,6002.78076171875,15,
3049,4343.302734375,15,
3051,4722.23095703125,15,
3053,3967.3251953125,15,
3055,5106.419921875,15,
3057,4621.404296875,15,
3059,4574.126953125,15,
3061,5657.12646484375,15,
3063,4651.7412109375,15,
3065,6095.46875,15,
3067,4460.443359375,15,
3069,4668.7607421875,15,
3071,5007.044921875,15,
3073,5201.951171875,15,
3075,5071.541015625,15,
3077,4686.4091796875,15,
3079,4847.3994140625,15,
3081,4197.3896484375,15,
3083,4647.5166015625,15,
3085,4921.146484375,15,
3087,3824.08203125,15,
3087,,15,5190.52099609375
3089,5010.63671875,16,
3091,4557.1259765625,16,
3093,4621.9091796875,16,
3095,4799.3701171875,16,
3097,5158.7568359375,16,
3099,4970.9931640625,16,
3101,5158.5478515625,16,
3103,4708.8662109375,16,
3105,5265.85498046875,16,
3107,4915.8212890625,16,
3109,5324.14013671875,16,
3111,4709.4794921875,16,
3113,4210.42724609375,16,
3115,4557.1826171875,16,
3117,4814.17138671875,16,
3119,4218.53564453125,16,
3121,5872.52490234375,16,
3123,4417.16259765625,16,
3125,5761.52734375,16,
3127,4893.4677734375,16,
3129,5191.0087890625,16,
3131,4395.2060546875,16,
3133,4400.0439453125,16,
3135,4800.0654296875,16,
3137,6228.966796875,16,
3139,4604.98974609375,16,
3141,4681.01953125,16,
3143,5295.841796875,16,
3145,5296.3056640625,16,
3147,4768.35888671875,16,
3149,4488.53369140625,16,
3151,4591.5986328125,16,
3153,5323.5771484375,16,
3155,4990.427734375,16,
3157,4780.5146484375,16,
3159,5204.4033203125,16,
3161,5036.7041015625,16,
3163,4576.1123046875,16,
3165,4256.087890625,16,
3167,5354.83251953125,16,
3169,4797.7392578125,16,
3171,4864.70703125,16,
3173,5653.08740234375,16,
3175,4552.015625,16,
3177,4987.375,16,
3179,4521.74169921875,16,
3181,4690.66796875,16,
3183,4976.619140625,16,
3185,4927.18359375,16,
3187,4290.90966796875,16,
3189,4565.443359375,16,
3191,6064.22509765625,16,
3193,5289.83349609375,16,
3195,4588.1904296875,16,
3197,3705.16943359375,16,
3199,5037.12255859375,16,
3201,4720.3388671875,16,
3203,5280.49755859375,16,
3205,4918.666015625,16,
3207,4342.3095703125,16,
3209,5036.8251953125,16,
3211,4335.3662109375,16,
3213,5021.248046875,16,
3215,3810.40087890625,16,
3217,3740.632568359375,16,
3219,5041.5771484375,16,
3221,5664.55224609375,16,
3223,4918.1943359375,16,
3225,4807.330078125,16,
3227,4900.3916015625,16,
3229,4910.4794921875,16,
3231,4960.822265625,16,
3233,4609.50927734375,16,
3235,5170.50390625,16,
3237,4499.53515625,16,
3239,4770.3994140625,16,
3241,5284.89453125,16,
3243,5104.2138671875,16,
3245,4365.416015625,16,
3247,4719.89208984375,16,
3249,4598.69775390625,16,
3251,4218.1533203125,16,
3253,4748.11181640625,16,
3255,5165.40869140625,16,
3257,4382.3974609375,16,
3259,5280.6572265625,16,
3261,4690.548828125,16,
3263,4708.287109375,16,
3265,5292.17529296875,16,
3267,4380.3544921875,16,
3269,5570.228515625,16,
3271,4779.9140625,16,
3273,4757.7587890625,16,
3275,5485.3388671875,16,
3277,4388.7578125,16,
3279,4480.62109375,16,
3280,,16,4895.49951171875
3281,5673.564453125,17,
3283,5237.2939453125,17,
3285,4697.08642578125,17,
3287,4931.73974609375,17,
3289,4347.9365234375,17,
3291,4982.4365234375,17,
3293,5610.30615234375,17,
3295,3996.520263671875,17,
3297,4504.177734375,17,
3299,6120.19140625,17,
3301,4768.10107421875,17,
3303,4354.6884765625,17,
3305,5115.2666015625,17,
3307,4116.048828125,17,
3309,4891.7236328125,17,
3311,5093.6240234375,17,
3313,5768.3916015625,17,
3315,6123.11865234375,17,
3317,5141.3837890625,17,
3319,4881.31982421875,17,
3321,5201.548828125,17,
3323,4923.61279296875,17,
3325,4981.4208984375,17,
3327,5028.4638671875,17,
3329,4305.34716796875,17,
3331,4497.98291015625,17,
3333,4942.83984375,17,
3335,4463.42333984375,17,
3337,5248.49560546875,17,
3339,4398.10009765625,17,
3341,4558.74072265625,17,
3343,4889.8349609375,17,
3345,5033.529296875,17,
3347,4471.654296875,17,
3349,4702.251953125,17,
3351,5034.7529296875,17,
3353,4712.0234375,17,
3355,4427.251953125,17,
3357,4771.47021484375,17,
3359,4799.623046875,17,
3361,4598.4052734375,17,
3363,4175.138671875,17,
3365,4467.84033203125,17,
3367,4767.369140625,17,
3369,4683.65478515625,17,
3371,5482.19921875,17,
3373,4317.4853515625,17,
3375,4397.1689453125,17,
3377,3953.832275390625,17,
3379,5068.96484375,17,
3381,4918.615234375,17,
3383,4344.7666015625,17,
3385,4604.099609375,17,
3387,5999.998046875,17,
3389,4475.865234375,17,
3391,6242.62646484375,17,
3393,5367.9609375,17,
3395,4695.48388671875,17,
3397,3938.7646484375,17,
3399,4139.775390625,17,
3401,4744.71923828125,17,
3403,4257.3662109375,17,
3405,5501.42919921875,17,
3407,5267.14453125,17,
3409,5242.8251953125,17,
3411,6433.474609375,17,
3413,4667.1005859375,17,
3415,5055.68408203125,17,
3417,4581.6943359375,17,
3419,4597.4443359375,17,
3421,4502.6044921875,17,
3423,4198.41845703125,17,
3425,5358.21826171875,17,
3427,5073.2646484375,17,
3429,4706.82958984375,17,
3431,4750.81640625,17,
3433,4620.18359375,17,
3435,5151.671875,17,
3437,5165.15380859375,17,
3439,4419.6015625,17,
3441,5060.2744140625,17,
3443,4069.177734375,17,
3445,4839.62109375,17,
3447,5802.3330078125,17,
3449,4539.1591796875,17,
3451,5627.3984375,17,
3453,5185.48828125,17,
3455,4964.97265625,17,
3457,4508.97802734375,17,
3459,5268.302734375,17,
3461,4123.72705078125,17,
3463,5165.10498046875,17,
3465,4660.0390625,17,
3467,5366.8857421875,17,
3469,4299.8642578125,17,
3471,4923.2998046875,17,
3473,5391.52294921875,17,
3473,,17,4910.77783203125
3475,5937.009765625,18,
3477,4291.0224609375,18,
3479,4547.44921875,18,
3481,3915.414794921875,18,
3483,4050.323974609375,18,
3485,5321.796875,18,
3487,4337.32080078125,18,
3489,4079.71826171875,18,
3491,4879.5166015625,18,
3493,5141.16064453125,18,
3495,4999.00537109375,18,
3497,4830.9951171875,18,
3499,5173.94970703125,18,
3501,5907.794921875,18,
3503,5041.654296875,18,
3505,5491.8984375,18,
3507,5459.013671875,18,
3509,4644.1201171875,18,
3511,4510.9951171875,18,
3513,5434.0205078125,18,
3515,4969.6474609375,18,
3517,5232.0283203125,18,
3519,4656.6162109375,18,
3521,3637.841064453125,18,
3523,5550.8115234375,18,
3525,4767.82958984375,18,
3527,5083.3427734375,18,
3529,4909.03955078125,18,
3531,5390.1552734375,18,
3533,4877.5751953125,18,
3535,4344.15234375,18,
3537,4825.11669921875,18,
3539,4883.50146484375,18,
3541,5411.80517578125,18,
3543,4686.54736328125,18,
3545,6427.90283203125,18,
3547,5324.0576171875,18,
3549,3911.01025390625,18,
3551,4871.98193359375,18,
3553,4775.3447265625,18,
3555,4146.28759765625,18,
3557,5111.908203125,18,
3559,4996.57861328125,18,
3561,4740.31884765625,18,
3563,4042.17529296875,18,
3565,4240.953125,18,
3567,4389.66064453125,18,
3569,4120.6787109375,18,
3571,3833.96630859375,18,
3573,4511.53466796875,18,
3575,4522.1943359375,18,
3577,5139.29541015625,18,
3579,4394.41455078125,18,
3581,4103.3671875,18,
3583,4691.2783203125,18,
3585,3913.003662109375,18,
3587,4607.5537109375,18,
3589,5680.45703125,18,
3591,4442.88720703125,18,
3593,5005.9287109375,18,
3595,4426.1572265625,18,
3597,4786.119140625,18,
3599,4217.310546875,18,
3601,4755.9150390625,18,
3603,5090.8271484375,18,
3605,4858.50732421875,18,
3607,5728.02685546875,18,
3609,4557.50439453125,18,
3611,5843.74169921875,18,
3613,4619.7333984375,18,
3615,4097.6572265625,18,
3617,5174.955078125,18,
3619,4721.40234375,18,
3621,4953.564453125,18,
3623,4917.72021484375,18,
3625,4351.69775390625,18,
3627,4697.6279296875,18,
3629,4524.30517578125,18,
3631,5756.09423828125,18,
3633,5688.15478515625,18,
3635,6313.5517578125,18,
3637,4892.5849609375,18,
3639,4614.849609375,18,
3641,4840.51953125,18,
3643,5147.55615234375,18,
3645,5171.2060546875,18,
3647,5013.87841796875,18,
3649,4453.18115234375,18,
3651,5365.84423828125,18,
3653,5378.787109375,18,
3655,4280.6142578125,18,
3657,4811.8232421875,18,
3659,5061.462890625,18,
3661,4303.54345703125,18,
3663,4242.5263671875,18,
3665,4236.14794921875,18,
3666,,18,4808.43408203125
3667,5062.611328125,19,
3669,5074.705078125,19,
3671,4829.486328125,19,
3673,4311.6484375,19,
3675,4500.35107421875,19,
3677,4493.20703125,19,
3679,4896.181640625,19,
3681,3783.31494140625,19,
3683,4890.84765625,19,
3685,4449.62841796875,19,
3687,4087.335693359375,19,
3689,5476.67529296875,19,
3691,6004.0625,19,
3693,3907.008056640625,19,
3695,4614.24267578125,19,
3697,6251.08837890625,19,
3699,5106.296875,19,
3701,5681.4560546875,19,
3703,5042.99560546875,19,
3705,5773.94580078125,19,
3707,5336.498046875,19,
3709,4850.38818359375,19,
3711,5120.97119140625,19,
3713,5023.03125,19,
3715,5345.5791015625,19,
3717,4487.4375,19,
3719,4468.15771484375,19,
3721,5237.42919921875,19,
3723,4826.1728515625,19,
3725,4797.98583984375,19,
3727,4799.7763671875,19,
3729,4210.0087890625,19,
3731,4499.40673828125,19,
3733,3927.10986328125,19,
3735,4296.2314453125,19,
3737,4604.708984375,19,
3739,4214.96337890625,19,
3741,5823.60009765625,19,
3743,4384.4296875,19,
3745,4381.55224609375,19,
3747,5231.62841796875,19,
3749,4972.7216796875,19,
3751,4656.5693359375,19,
3753,4513.08251953125,19,
3755,5357.009765625,19,
3757,4236.98388671875,19,
3759,5466.42822265625,19,
3761,4938.216796875,19,
3763,5946.78564453125,19,
3765,4425.50439453125,19,
3767,4445.7919921875,19,
3769,5509.8828125,19,
3771,4472.92578125,19,
3773,4159.41357421875,19,
3775,5048.541015625,19,
3777,5534.6015625,19,
3779,4535.0498046875,19,
3781,4168.486328125,19,
3783,4668.9365234375,19,
3785,4811.9365234375,19,
3787,4972.74560546875,19,
3789,5417.169921875,19,
3791,4783.78125,19,
3793,4202.90625,19,
3795,4312.44140625,19,
3797,5278.5224609375,19,
3799,4599.857421875,19,
3801,4954.578125,19,
3803,4629.322265625,19,
3805,4564.86767578125,19,
3807,4275.42822265625,19,
3809,4245.009765625,19,
3811,4620.39453125,19,
3813,5200.8681640625,19,
3815,4443.9248046875,19,
3817,5407.86083984375,19,
3819,4824.39501953125,19,
3821,4393.89013671875,19,
3823,4827.095703125,19,
3825,5017.203125,19,
3827,5437.68359375,19,
3829,4340.5078125,19,
3831,4575.06103515625,19,
3833,4982.1748046875,19,
3835,5543.5751953125,19,
3837,4357.373046875,19,
3839,5210.060546875,19,
3841,5002.0810546875,19,
3843,5007.5927734375,19,
3845,4397.73828125,19,
3847,4879.349609375,19,
3849,4511.029296875,19,
3851,5317.083984375,19,
3853,4628.0810546875,19,
3855,4607.380859375,19,
3857,4827.69580078125,19,
3859,3997.95263671875,19,
3859,,19,4855.22509765625
3861,5337.8916015625,20,
3863,4458.5224609375,20,
3865,4321.125,20,
3867,4786.2041015625,20,
3869,4257.73779296875,20,
3871,4746.9736328125,20,
3873,4746.5107421875,20,
3875,4069.0908203125,20,
3877,4896.87890625,20,
3879,4241.4501953125,20,
3881,4677.90234375,20,
3883,5249.4501953125,20,
3885,5316.888671875,20,
3887,4566.1298828125,20,
3889,4954.4697265625,20,
3891,5404.40380859375,20,
3893,4599.8759765625,20,
3895,5329.9228515625,20,
3897,4451.71826171875,20,
3899,4678.486328125,20,
3901,5416.4453125,20,
3903,4695.17919921875,20,
3905,4952.7822265625,20,
3907,4044.060791015625,20,
3909,4387.03125,20,
3911,5392.8125,20,
3913,5013.66162109375,20,
3915,4035.396240234375,20,
3917,4259.3017578125,20,
3919,4254.5380859375,20,
3921,5447.47607421875,20,
3923,6147.28466796875,20,
3925,4087.56591796875,20,
3927,3742.597900390625,20,
3929,4913.041015625,20,
3931,5072.46923828125,20,
3933,4228.6103515625,20,
3935,4518.8203125,20,
3937,5228.40625,20,
3939,4632.9052734375,20,
3941,5021.318359375,20,
3943,4924.86767578125,20,
3945,4988.408203125,20,
3947,5451.9560546875,20,
3949,5646.54248046875,20,
3951,4691.14453125,20,
3953,4947.8310546875,20,
3955,4746.2080078125,20,
3957,4491.3515625,20,
3959,4374.8671875,20,
3961,4892.708984375,20,
3963,3766.0947265625,20,
3965,4007.511962890625,20,
3967,4368.080078125,20,
3969,4606.6875,20,
3971,4648.4658203125,20,
3973,4953.810546875,20,
3975,4638.9990234375,20,
3977,5028.5341796875,20,
3979,5056.16796875,20,
3981,5479.2890625,20,
3983,5422.69091796875,20,
3985,4391.07421875,20,
3987,4472.6513671875,20,
3989,4636.42333984375,20,
3991,4760.9189453125,20,
3993,5309.44287109375,20,
3995,3945.70751953125,20,
3997,4585.88720703125,20,
3999,4136.978515625,20,
4001,5109.43115234375,20,
4003,5030.30859375,20,
4005,4658.2763671875,20,
4007,4577.251953125,20,
4009,3979.02587890625,20,
4011,4634.79345703125,20,
4013,4564.27294921875,20,
4015,4892.919921875,20,
4017,4667.3017578125,20,
4019,4636.841796875,20,
4021,5359.921875,20,
4023,4887.50634765625,20,
4025,4861.001953125,20,
4027,4692.28125,20,
4029,4655.80078125,20,
4031,3992.93603515625,20,
4033,4768.3896484375,20,
4035,4565.12548828125,20,
4037,5248.3349609375,20,
4039,4125.23876953125,20,
4041,5618.775390625,20,
4043,4679.56689453125,20,
4045,4095.9619140625,20,
4047,4508.5234375,20,
4049,4212.8857421875,20,
4051,4292.4970703125,20,
4052,,20,4774.18115234375
4053,4633.1552734375,21,
4055,4590.20361328125,21,
4057,4903.234375,21,
4059,5028.7705078125,21,
4061,5070.32080078125,21,
4063,5136.6669921875,21,
4065,4345.5068359375,21,
4067,4280.025390625,21,
4069,4734.4248046875,21,
4071,4387.00927734375,21,
4073,4728.326171875,21,
4075,5257.93359375,21,
4077,4960.2578125,21,
4079,4280.53271484375,21,
4081,4867.0048828125,21,
4083,5091.33984375,21,
4085,5592.80859375,21,
4087,4822.4716796875,21,
4089,4244.91064453125,21,
4091,4147.1259765625,21,
4093,4617.27734375,21,
4095,4892.29638671875,21,
4097,5730.34716796875,21,
4099,4593.2900390625,21,
4101,3773.6142578125,21,
4103,4446.35009765625,21,
4105,5386.119140625,21,
4107,4755.17333984375,21,
4109,4889.662109375,21,
4111,4396.35791015625,21,
4113,4773.4970703125,21,
4115,5318.34423828125,21,
4117,5105.87109375,21,
4119,4363.9814453125,21,
4121,4879.060546875,21,
4123,4725.23046875,21,
4125,5559.83935546875,21,
4127,4384.9716796875,21,
4129,4208.3408203125,21,
4131,5324.7978515625,21,
4133,5022.47216796875,21,
4135,4655.5068359375,21,
4137,4335.93896484375,21,
4139,4897.126953125,21,
4141,4840.478515625,21,
4143,4150.283203125,21,
4145,5132.466796875,21,
4147,5520.1943359375,21,
4149,4606.9013671875,21,
4151,5037.880859375,21,
4153,5126.04296875,21,
4155,5277.8173828125,21,
4157,4401.4130859375,21,
4159,3793.690673828125,21,
4161,4530.140625,21,
4163,4456.451171875,21,
4165,4583.14599609375,21,
4167,4611.3486328125,21,
4169,5031.50048828125,21,
4171,5466.92236328125,21,
4173,5125.1376953125,21,
4175,4593.58056640625,21,
4177,5161.5390625,21,
4179,4941.14501953125,21,
4181,4898.19384765625,21,
4183,3933.082763671875,21,
4185,5375.39208984375,21,
4187,5205.001953125,21,
4189,5219.67431640625,21,
4191,4116.177734375,21,
4193,4213.9267578125,21,
4195,4551.2880859375,21,
4197,4829.3525390625,21,
4199,4478.8359375,21,
4201,4977.3935546875,21,
4203,4993.0146484375,21,
4205,4502.01171875,21,
4207,4754.57177734375,21,
4209,4222.232421875,21,
4211,4671.154296875,21,
4213,5081.37939453125,21,
4215,5040.857421875,21,
4217,4767.2890625,21,
4219,4841.919921875,21,
4221,4267.5458984375,21,
4223,4583.2412109375,21,
4225,4381.4384765625,21,
4227,4544.359375,21,
4229,5142.802734375,21,
4231,4165.509765625,21,
4233,4700.4052734375,21,
4235,4283.6171875,21,
4237,4377.2294921875,21,
4239,4438.111328125,21,
4241,4191.73486328125,21,
4243,5280.14794921875,21,
4245,5759.546875,21,
4245,,21,4759.4609375
4247,4455.1220703125,22,
4249,3900.63330078125,22,
4251,4727.513671875,22,
4253,3889.251953125,22,
4255,6012.255859375,22,
4257,4344.26904296875,22,
4259,5029.32421875,22,
4261,4233.39404296875,22,
4263,4962.84912109375,22,
4265,4731.6728515625,22,
4267,4197.1279296875,22,
4269,5265.306640625,22,
4271,5486.0673828125,22,
4273,5275.009765625,22,
4275,6063.1552734375,22,
4277,5082.6142578125,22,
4279,4267.794921875,22,
4281,4995.80419921875,22,
4283,4327.826171875,22,
4285,4419.125,22,
4287,4554.18408203125,22,
4289,4999.64794921875,22,
4291,4661.814453125,22,
4293,4656.6005859375,22,
4295,4787.8818359375,22,
4297,5017.91259765625,22,
4299,4702.8671875,22,
4301,4625.7978515625,22,
4303,4377.8759765625,22,
4305,5129.576171875,22,
4307,4693.02685546875,22,
4309,4454.076171875,22,
4311,4430.0361328125,22,
4313,5342.31591796875,22,
4315,5062.6171875,22,
4317,4886.740234375,22,
4319,5250.41748046875,22,
4321,3897.69677734375,22,
4323,5323.46240234375,22,
4325,4649.810546875,22,
4327,5465.0947265625,22,
4329,5492.4658203125,22,
4331,4411.748046875,22,
4333,4007.95654296875,22,
4335,4926.42578125,22,
4337,4898.0283203125,22,
4339,4599.79541015625,22,
4341,4335.14599609375,22,
4343,4584.27392578125,22,
4345,5088.365234375,22,
4347,4477.47998046875,22,
4349,5076.69189453125,22,
4351,4897.09814453125,22,
4353,4747.3916015625,22,
4355,5098.150390625,22,
4357,3644.65478515625,22,
4359,5357.24658203125,22,
4361,5358.509765625,22,
4363,4596.2119140625,22,
4365,4671.83642578125,22,
4367,4480.22412109375,22,
4369,4536.80419921875,22,
4371,5266.810546875,22,
4373,4554.03125,22,
4375,4073.1669921875,22,
4377,4977.72509765625,22,
4379,4841.8876953125,22,
4381,3600.231201171875,22,
4383,4732.736328125,22,
4385,4733.8193359375,22,
4387,4864.62060546875,22,
4389,4796.6064453125,22,
4391,4294.53564453125,22,
4393,4185.599609375,22,
4395,3724.3017578125,22,
4397,3904.334228515625,22,
4399,4395.35986328125,22,
4401,5164.240234375,22,
4403,4709.42041015625,22,
4405,4503.58154296875,22,
4407,4833.9443359375,22,
4409,4950.03125,22,
4411,4968.88427734375,22,
4413,5204.92578125,22,
4415,4563.4755859375,22,
4417,4132.8603515625,22,
4419,5134.34375,22,
4421,4857.740234375,22,
4423,4340.5556640625,22,
4425,5428.53369140625,22,
4427,3693.6591796875,22,
4429,4667.40234375,22,
4431,4199.37158203125,22,
4433,5270.541015625,22,
4435,5120.0498046875,22,
4437,4230.517578125,22,
4438,,22,4768.90234375
4439,3910.890869140625,23,
4441,4835.3251953125,23,
4443,4654.64453125,23,
4445,4802.8984375,23,
4447,5073.6787109375,23,
4449,4132.322265625,23,
4451,5018.2275390625,23,
4453,4034.48046875,23,
4455,4300.751953125,23,
4457,4021.191162109375,23,
4459,5378.2861328125,23,
4461,3959.900390625,23,
4463,4202.6123046875,23,
4465,4087.0732421875,23,
4467,5013.45361328125,23,
4469,4867.0419921875,23,
4471,4429.556640625,23,
4473,5213.03759765625,23,
4475,4847.5400390625,23,
4477,5471.78466796875,23,
4479,5211.51318359375,23,
4481,4099.0126953125,23,
4483,3795.20654296875,23,
4485,5136.970703125,23,
4487,5270.2412109375,23,
4489,4805.8828125,23,
4491,4788.5576171875,23,
4493,4318.7041015625,23,
4495,4262.99169921875,23,
4497,4843.3486328125,23,
4499,5218.677734375,23,
4501,4311.5576171875,23,
4503,4603.91943359375,23,
4505,4609.79931640625,23,
4507,6117.94921875,23,
4509,4827.1162109375,23,
4511,3799.489990234375,23,
4513,3661.0166015625,23,
4515,4894.1005859375,23,
4517,4338.7373046875,23,
4519,4611.70361328125,23,
4521,4766.986328125,23,
4523,5783.0517578125,23,
4525,4664.51025390625,23,
4527,4047.97900390625,23,
4529,4787.251953125,23,
4531,5501.68359375,23,
4533,4499.28466796875,23,
4535,5460.70263671875,23,
4537,4213.74267578125,23,
4539,5557.85546875,23,
4541,4523.1669921875,23,
4543,4845.18359375,23,
4545,4539.486328125,23,
4547,3601.35986328125,23,
4549,4091.104736328125,23,
4551,5660.162109375,23,
4553,4487.52099609375,23,
4555,4664.5283203125,23,
4557,5078.87744140625,23,
4559,5329.8720703125,23,
4561,4441.77001953125,23,
4563,5479.20654296875,23,
4565,4541.884765625,23,
4567,4643.8271484375,23,
4569,5167.55517578125,23,
4571,4784.361328125,23,
4573,4399.61083984375,23,
4575,4895.75390625,23,
4577,4367.81396484375,23,
4579,4762.98046875,23,
4581,4192.048828125,23,
4583,4894.869140625,23,
4585,4123.31884765625,23,
4587,5235.1630859375,23,
4589,4161.0537109375,23,
4591,5802.4892578125,23,
4593,4866.3759765625,23,
4595,5072.880859375,23,
4597,4826.52099609375,23,
4599,3892.10546875,23,
4601,5031.8525390625,23,
4603,6061.2490234375,23,
4605,5018.61376953125,23,
4607,4072.4560546875,23,
4609,4947.20703125,23,
4611,4976.4072265625,23,
4613,5517.25927734375,23,
4615,5663.021484375,23,
4617,4095.6552734375,23,
4619,4352.18212890625,23,
4621,4204.982421875,23,
4623,3552.75048828125,23,
4625,4941.4970703125,23,
4627,5288.09765625,23,
4629,4803.73388671875,23,
4631,3727.185546875,23,
4631,,23,4858.818359375
4633,4484.025390625,24,
4635,4093.324951171875,24,
4637,4738.611328125,24,
4639,4278.333984375,24,
4641,4812.173828125,24,
4643,4761.2490234375,24,
4645,4793.35546875,24,
4647,4210.99072265625,24,
4649,4761.56298828125,24,
4651,4247.822265625,24,
4653,4300.40283203125,24,
4655,4336.98828125,24,
4657,4124.34130859375,24,
4659,4932.515625,24,
4661,5508.03564453125,24,
4663,4749.609375,24,
4665,5013.78076171875,24,
4667,4086.115234375,24,
4669,4087.645751953125,24,
4671,4661.173828125,24,
4673,5810.0634765625,24,
4675,4154.03466796875,24,
4677,5380.4541015625,24,
4679,4168.5849609375,24,
4681,4278.29931640625,24,
4683,4661.1796875,24,
4685,4630.0576171875,24,
4687,4271.7880859375,24,
4689,4779.2783203125,24,
4691,4773.666015625,24,
4693,4395.6875,24,
4695,4868.1552734375,24,
4697,4213.97705078125,24,
4699,4830.703125,24,
4701,4065.50146484375,24,
4703,5427.3720703125,24,
4705,4561.4736328125,24,
4707,4818.13916015625,24,
4709,4820.3359375,24,
4711,5430.7431640625,24,
4713,5795.07421875,24,
4715,4553.6337890625,24,
4717,4067.84326171875,24,
4719,4248.4736328125,24,
4721,4394.2236328125,24,
4723,4323.279296875,24,
4725,4296.123046875,24,
4727,3728.176025390625,24,
4729,5096.1865234375,24,
4731,5511.22900390625,24,
4733,4585.083984375,24,
4735,4453.3623046875,24,
4737,5084.9765625,24,
4739,5508.7685546875,24,
4741,5095.0224609375,24,
4743,4258.80029296875,24,
4745,4336.611328125,24,
4747,4680.640625,24,
4749,4969.361328125,24,
4751,4763.369140625,24,
4753,4754.72119140625,24,
4755,4463.04248046875,24,
4757,4783.224609375,24,
4759,4669.359375,24,
4761,4560.8857421875,24,
4763,5106.912109375,24,
4765,4700.0322265625,24,
4767,4803.05126953125,24,
4769,4518.6923828125,24,
4771,5546.947265625,24,
4773,4155.9150390625,24,
4775,4357.1181640625,24,
4777,5053.3935546875,24,
4779,4633.1953125,24,
4781,4839.1962890625,24,
4783,3615.446533203125,24,
4785,4562.01708984375,24,
4787,4664.365234375,24,
4789,4627.2548828125,24,
4791,3570.665283203125,24,
4793,5169.078125,24,
4795,4393.30322265625,24,
4797,4878.443359375,24,
4799,5089.90576171875,24,
4801,4481.0537109375,24,
4803,4264.4375,24,
4805,4924.4814453125,24,
4807,5189.892578125,24,
4809,5162.6630859375,24,
4811,5071.22021484375,24,
4813,4477.8134765625,24,
4815,4475.728515625,24,
4817,4822.7763671875,24,
4819,4333.36328125,24,
4821,4669.017578125,24,
4823,5183.01611328125,24,
4824,,24,4687.626953125
4825,5087.388671875,25,
4827,5238.79541015625,25,
4829,4317.3291015625,25,
4831,4835.384765625,25,
4833,4247.83740234375,25,
4835,4339.56201171875,25,
4837,4311.00390625,25,
4839,4833.93798828125,25,
4841,4437.03759765625,25,
4843,4566.5517578125,25,
4845,4493.509765625,25,
4847,3925.69970703125,25,
4849,3848.66357421875,25,
4851,3672.29931640625,25,
4853,4575.9521484375,25,
4855,5304.6962890625,25,
4857,4966.6748046875,25,
4859,3777.07861328125,25,
4861,5209.8857421875,25,
4863,4821.740234375,25,
4865,4731.1826171875,25,
4867,4007.69580078125,25,
4869,4444.4658203125,25,
4871,3976.7939453125,25,
4873,4005.345703125,25,
4875,4848.4326171875,25,
4877,4970.14794921875,25,
4879,4844.037109375,25,
4881,4837.12451171875,25,
4883,5800.69970703125,25,
4885,4487.1396484375,25,
4887,4303.78369140625,25,
4889,4160.25390625,25,
4891,4520.63134765625,25,
4893,4051.9443359375,25,
4895,4958.85693359375,25,
4897,4894.31396484375,25,
4899,3788.87939453125,25,
4901,4727.1005859375,25,
4903,5690.71875,25,
4905,4821.958984375,25,
4907,4379.19921875,25,
4909,4887.74365234375,25,
4911,4693.68359375,25,
4913,5621.0322265625,25,
4915,5052.5166015625,25,
4917,4600.67822265625,25,
4919,5132.333984375,25,
4921,4273.3720703125,25,
4923,5498.37646484375,25,
4925,4547.30859375,25,
4927,5290.201171875,25,
4929,4580.76953125,25,
4931,4127.294921875,25,
4933,4881.0703125,25,
4935,4416.28759765625,25,
4937,5488.1064453125,25,
4939,4472.8388671875,25,
4941,3966.51318359375,25,
4943,4162.92529296875,25,
4945,4860.1396484375,25,
4947,5341.30859375,25,
4949,4825.4619140625,25,
4951,4967.658203125,25,
4953,3942.607666015625,25,
4955,3994.990478515625,25,
4957,5450.96875,25,
4959,5370.0400390625,25,
4961,4998.955078125,25,
4963,4359.95751953125,25,
4965,4832.79296875,25,
4967,5068.82080078125,25,
4969,4789.33056640625,25,
4971,4464.9638671875,25,
4973,3762.34619140625,25,
4975,4378.2177734375,25,
4977,4548.92578125,25,
4979,4949.90576171875,25,
4981,4352.7060546875,25,
4983,4354.90234375,25,
4985,4269.787109375,25,
4987,5560.2900390625,25,
4989,4634.17626953125,25,
4991,3760.093017578125,25,
4993,3943.765869140625,25,
4995,4360.41943359375,25,
4997,4527.0712890625,25,
4999,5062.603515625,25,
5001,4147.47021484375,25,
5003,4157.35595703125,25,
5005,4230.75390625,25,
5007,4616.9033203125,25,
5009,4302.0537109375,25,
5011,4787.6845703125,25,
5013,4971.7607421875,25,
5015,4661.85546875,25,
5017,5599.38623046875,25,
5017,,25,4729.61376953125
5019,4012.990966796875,26,
5021,5353.46875,26,
5023,4980.43505859375,26,
5025,4226.31591796875,26,
5027,5169.19677734375,26,
5029,4780.4228515625,26,
5031,4581.61328125,26,
5033,5890.96484375,26,
5035,4703.703125,26,
5037,5587.234375,26,
5039,4861.6748046875,26,
5041,5404.34619140625,26,
5043,4721.544921875,26,
5045,4022.454833984375,26,
5047,4950.1064453125,26,
5049,4953.6142578125,26,
5051,4292.3837890625,26,
5053,5154.1103515625,26,
5055,4751.4873046875,26,
5057,4789.80078125,26,
5059,5436.287109375,26,
5061,4348.6171875,26,
5063,4616.80078125,26,
5065,4830.42919921875,26,
5067,4481.6005859375,26,
5069,4218.84765625,26,
5071,4377.904296875,26,
5073,4765.61962890625,26,
5075,4651.27001953125,26,
5077,4967.8505859375,26,
5079,4927.634765625,26,
5081,4892.7490234375,26,
5083,5814.572265625,26,
5085,4983.3603515625,26,
5087,6807.3359375,26,
5089,4459.2685546875,26,
5091,5069.263671875,26,
5093,4875.4755859375,26,
5095,4400.37255859375,26,
5097,4886.5,26,
5099,4065.577880859375,26,
5101,3927.03662109375,26,
5103,6445.640625,26,
5105,4258.38037109375,26,
5107,4112.484375,26,
5109,3589.3076171875,26,
5111,4681.27294921875,26,
5113,4431.0966796875,26,
5115,4226.94921875,26,
5117,4304.05712890625,26,
5119,4805.58203125,26,
5121,4582.76416015625,26,
5123,4679.732421875,26,
5125,4070.7685546875,26,
5127,4135.880859375,26,
5129,4608.6171875,26,
5131,4427.701171875,26,
5133,4579.35986328125,26,
5135,4990.0146484375,26,
5137,4147.5625,26,
5139,4566.8994140625,26,
5141,5160.23291015625,26,
5143,3953.58935546875,26,
5145,5827.28662109375,26,
5147,4530.80712890625,26,
5149,4444.0771484375,26,
5151,4975.9150390625,26,
5153,5597.6728515625,26,
5155,4362.890625,26,
5157,4741.3486328125,26,
5159,4828.5048828125,26,
5161,4066.4560546875,26,
5163,4733.53515625,26,
5165,5193.21044921875,26,
5167,5521.0869140625,26,
5169,4443.08154296875,26,
5171,4402.0810546875,26,
5173,5323.4892578125,26,
5175,4088.47021484375,26,
5177,4651.29296875,26,
5179,4140.50390625,26,
5181,4557.1318359375,26,
5183,5026.04541015625,26,
5185,4687.0078125,26,
5187,4957.85302734375,26,
5189,4116.13720703125,26,
5191,4090.873779296875,26,
5193,5315.1044921875,26,
5195,3883.85693359375,26,
5197,4526.42333984375,26,
5199,4654.7861328125,26,
5201,5548.2822265625,26,
5203,4729.3759765625,26,
5205,5493.68212890625,26,
5207,4892.626953125,26,
5209,4142.16259765625,26,
5210,,26,4674.45361328125
5211,4815.06591796875,27,
5213,5460.27734375,27,
5215,4420.654296875,27,
5217,4913.3134765625,27,
5219,4340.314453125,27,
5221,5209.8935546875,27,
5223,5540.263671875,27,
5225,5086.5859375,27,
5227,5070.2568359375,27,
5229,5486.669921875,27,
5231,3990.8017578125,27,
5233,4060.093017578125,27,
5235,4644.06640625,27,
5237,5082.95263671875,27,
5239,4580.732421875,27,
5241,5212.15625,27,
5243,5075.2998046875,27,
5245,5260.1806640625,27,
5247,4457.94921875,27,
5249,4696.578125,27,
5251,4541.5751953125,27,
5253,4257.25,27,
5255,4024.88232421875,27,
5257,4807.662109375,27,
5259,4446.427734375,27,
5261,4447.705078125,27,
5263,4576.7001953125,27,
5265,5140.08984375,27,
5267,4184.5087890625,27,
5269,4525.7158203125,27,
5271,5166.57373046875,27,
5273,4056.822265625,27,
5275,4654.66357421875,27,
5277,5011.935546875,27,
5279,4778.0263671875,27,
5281,4702.00732421875,27,
5283,5252.7060546875,27,
5285,4630.1796875,27,
5287,4136.1455078125,27,
5289,4883.685546875,27,
5291,4574.2021484375,27,
5293,4671.5947265625,27,
5295,5642.15283203125,27,
5297,4796.6875,27,
5299,5092.0830078125,27,
5301,4934.6875,27,
5303,4119.92041015625,27,
5305,4456.81689453125,27,
5307,5072.8154296875,27,
5309,5301.845703125,27,
5311,4642.3798828125,27,
5313,4234.5908203125,27,
5315,4832.9111328125,27,
5317,4789.7333984375,27,
5319,4450.57470703125,27,
5321,4045.746337890625,27,
5323,4398.9150390625,27,
5325,4835.5224609375,27,
5327,4774.30322265625,27,
5329,4894.4404296875,27,
5331,4440.3349609375,27,
5333,4858.4384765625,27,
5335,4355.6337890625,27,
5337,4166.9619140625,27,
5339,5428.54150390625,27,
5341,4615.31494140625,27,
5343,4785.04931640625,27,
5345,4444.9462890625,27,
5347,4440.1279296875,27,
5349,4394.1708984375,27,
5351,5293.65869140625,27,
5353,4710.6181640625,27,
5355,4560.32080078125,27,
5357,3750.4912109375,27,
5359,4683.65625,27,
5361,5289.0009765625,27,
5363,4244.06396484375,27,
5365,4385.14501953125,27,
5367,4391.28369140625,27,
5369,4003.4384765625,27,
5371,4148.837890625,27,
5373,4265.720703125,27,
5375,4241.24755859375,27,
5377,3519.75830078125,27,
5379,4853.576171875,27,
5381,4176.8515625,27,
5383,4270.8740234375,27,
5385,4864.962890625,27,
5387,4566.00048828125,27,
5389,4187.7060546875,27,
5391,4699.64453125,27,
5393,4271.22998046875,27,
5395,4236.9072265625,27,
5397,4127.67578125,27,
5399,4237.458984375,27,
5401,4743.51953125,27,
5403,4329.7568359375,27,
5403,,27,4698.236328125
5405,5074.986328125,28,
5407,4739.03515625,28,
5409,3987.9384765625,28,
5411,4277.833984375,28,
5413,5139.2607421875,28,
5415,3856.042724609375,28,
5417,4842.03466796875,28,
5419,4066.65283203125,28,
5421,4216.32080078125,28,
5423,4060.304443359375,28,
5425,4859.69921875,28,
5427,4720.0712890625,28,
5429,4251.35009765625,28,
5431,4992.4697265625,28,
5433,4741.2958984375,28,
5435,4889.482421875,28,
5437,4543.58349609375,28,
5439,4702.3046875,28,
5441,4921.2763671875,28,
5443,3749.9716796875,28,
5445,4690.435546875,28,
5447,4360.53564453125,28,
5449,4330.94921875,28,
5451,4830.1806640625,28,
5453,4436.748046875,28,
5455,4173.05029296875,28,
5457,3957.6474609375,28,
5459,4257.3056640625,28,
5461,5081.5009765625,28,
5463,5725.48876953125,28,
5465,5400.2080078125,28,
5467,4251.56982421875,28,
5469,5018.7880859375,28,
5471,5282.99462890625,28,
5473,4672.52099609375,28,
5475,4001.50537109375,28,
5477,3983.25244140625,28,
5479,4777.51318359375,28,
5481,5296.8779296875,28,
5483,3685.458984375,28,
5485,4144.2255859375,28,
5487,4200.6142578125,28,
5489,4021.94091796875,28,
5491,4459.181640625,28,
5493,4072.8994140625,28,
5495,5129.2392578125,28,
5497,4509.5107421875,28,
5499,4639.4609375,28,
5501,4853.10546875,28,
5503,5217.25927734375,28,
5505,4692.2041015625,28,
5507,4486.111328125,28,
5509,4549.42529296875,28,
5511,4361.4609375,28,
5513,4878.82373046875,28,
5515,5411.1875,28,
5517,3909.511474609375,28,
5519,4299.8193359375,28,
5521,4408.28759765625,28,
5523,4041.12109375,28,
5525,4021.63525390625,28,
5527,4388.89892578125,28,
5529,4215.451171875,28,
5531,5816.576171875,28,
5533,5246.673828125,28,
5535,4257.07373046875,28,
5537,4036.2783203125,28,
5539,4597.3642578125,28,
5541,4494.01123046875,28,
5543,5138.6181640625,28,
5545,3855.46142578125,28,
5547,5064.4111328125,28,
5549,4802.5712890625,28,
5551,4698.54248046875,28,
5553,4498.87109375,28,
5555,4677.8095703125,28,
5557,4494.166015625,28,
5559,4139.9990234375,28,
5561,5447.21044921875,28,
5563,5298.3984375,28,
5565,4370.7998046875,28,
5567,4455.99853515625,28,
5569,4198.619140625,28,
5571,5508.3828125,28,
5573,4432.076171875,28,
5575,4356.177734375,28,
5577,4567.634765625,28,
5579,5633.0966796875,28,
5581,5004.00341796875,28,
5583,4025.310546875,28,
5585,4308.05908203125,28,
5587,4733.18603515625,28,
5589,4814.9091796875,28,
5591,4591.2744140625,28,
5593,3786.52294921875,28,
5595,5031.94140625,28,
5596,,28,4761.02490234375
5597,4301.8935546875,29,
5599,4715.24560546875,29,
5601,5163.4111328125,29,
5603,5602.54150390625,29,
5605,4452.5771484375,29,
5607,4919.23974609375,29,
5609,5970.9921875,29,
5611,4805.27392578125,29,
5613,4377.94970703125,29,
5615,4452.8232421875,29,
5617,3803.303955078125,29,
5619,5389.755859375,29,
5621,4956.1748046875,29,
5623,4468.009765625,29,
5625,5099.6357421875,29,
5627,3969.155029296875,29,
5629,5545.4794921875,29,
5631,4930.4853515625,29,
5633,4777.3603515625,29,
5635,3980.448974609375,29,
5637,5203.263671875,29,
5639,5269.650390625,29,
5641,4823.55615234375,29,
5643,4408.4599609375,29,
5645,4073.509521484375,29,
5647,4895.2080078125,29,
5649,4377.7529296875,29,
5651,5192.365234375,29,
5653,5185.7666015625,29,
5655,4492.09375,29,
5657,4676.6083984375,29,
5659,5159.77587890625,29,
5661,4922.0361328125,29,
5663,4265.830078125,29,
5665,4361.78955078125,29,
5667,3537.58935546875,29,
5669,5704.7939453125,29,
5671,4482.5234375,29,
5673,4504.6396484375,29,
5675,3651.537109375,29,
5677,4774.82275390625,29,
5679,3628.0859375,29,
5681,4947.9501953125,29,
5683,5292.4140625,29,
5685,4393.25439453125,29,
5687,4173.96630859375,29,
5689,4573.28466796875,29,
5691,4498.70458984375,29,
5693,4622.1669921875,29,
5695,4385.6181640625,29,
5697,4503.0166015625,29,
5699,4579.607421875,29,
5701,5078.93701171875,29,
5703,4421.37744140625,29,
5705,5084.24169921875,29,
5707,5447.7841796875,29,
5709,4256.375,29,
5711,3967.0859375,29,
5713,4919.060546875,29,
5715,4255.25390625,29,
5717,5396.654296875,29,
5719,4963.68359375,29,
5721,4670.69140625,29,
5723,4546.6806640625,29,
5725,4572.50439453125,29,
5727,3942.9521484375,29,
5729,4060.902099609375,29,
5731,4858.4072265625,29,
5733,4416.7099609375,29,
5735,4390.75927734375,29,
5737,4185.93505859375,29,
5739,4457.4814453125,29,
5741,4168.607421875,29,
5743,5082.3916015625,29,
5745,4602.32568359375,29,
5747,4697.5205078125,29,
5749,5125.77197265625,29,
5751,3931.5625,29,
5753,4144.65869140625,29,
5755,4441.8056640625,29,
5757,4232.2265625,29,
5759,5104.5849609375,29,
5761,5018.4052734375,29,
5763,5051.564453125,29,
5765,5218.4287109375,29,
5767,4602.66552734375,29,
5769,5354.9326171875,29,
5771,4848.3173828125,29,
5773,4685.3369140625,29,
5775,4530.1103515625,29,
5777,4171.5078125,29,
5779,4270.3486328125,29,
5781,4072.326904296875,29,
5783,4826.767578125,29,
5785,4717.421875,29,
5787,4701.58642578125,29,
5789,5021.8427734375,29,
5789,,29,4612.23779296875
5791,3715.346435546875,30,
5793,4305.64404296875,30,
5795,4725.03076171875,30,
5797,4755.841796875,30,
5799,4839.73291015625,30,
5801,4620.0244140625,30,
5803,4864.4658203125,30,
5805,4527.9111328125,30,
5807,4286.0517578125,30,
5809,4132.48095703125,30,
5811,4704.95556640625,30,
5813,4293.494140625,30,
5815,4000.60986328125,30,
5817,3881.15576171875,30,
5819,4068.243408203125,30,
5821,5031.5478515625,30,
5823,4943.9619140625,30,
5825,5090.06689453125,30,
5827,5546.8916015625,30,
5829,4068.01123046875,30,
5831,4887.64794921875,30,
5833,4914.2041015625,30,
5835,3921.117919921875,30,
5837,4193.2626953125,30,
5839,4070.4921875,30,
5841,4271.26953125,30,
5843,4218.6826171875,30,
5845,4110.8125,30,
5847,3714.833740234375,30,
5849,4446.75048828125,30,
5851,3833.575439453125,30,
5853,4791.4052734375,30,
5855,4301.48193359375,30,
5857,4513.908203125,30,
5859,4050.60986328125,30,
5861,4763.6982421875,30,
5863,4817.935546875,30,
5865,4748.083984375,30,
5867,4398.92919921875,30,
5869,4417.865234375,30,
5871,4774.0224609375,30,
5873,3848.74365234375,30,
5875,4958.21240234375,30,
5877,5012.01025390625,30,
5879,4598.07177734375,30,
5881,4805.3779296875,30,
5883,4310.06005859375,30,
5885,3891.78564453125,30,
5887,4391.26220703125,30,
5889,4231.708984375,30,
5891,3913.53271484375,30,
5893,4610.0224609375,30,
5895,4796.8671875,30,
5897,4476.654296875,30,
5899,4627.4619140625,30,
5901,4577.00634765625,30,
5903,3973.28271484375,30,
5905,5240.84423828125,30,
5907,4870.240234375,30,
5909,3672.043701171875,30,
5911,5443.0205078125,30,
5913,5137.708984375,30,
5915,5320.44580078125,30,
5917,4724.6953125,30,
5919,4130.1513671875,30,
5921,4297.94580078125,30,
5923,4315.5390625,30,
5925,4099.08984375,30,
5927,3713.5625,30,
5929,4632.3896484375,30,
5931,4936.52734375,30,
5933,4298.6435546875,30,
5935,4024.87890625,30,
5937,5104.0908203125,30,
5939,4156.548828125,30,
5941,4631.2646484375,30,
5943,4292.189453125,30,
5945,4091.30712890625,30,
5947,4399.0107421875,30,
5949,4834.39208984375,30,
5951,4192.3447265625,30,
5953,4926.5673828125,30,
5955,4348.8173828125,30,
5957,4071.7021484375,30,
5959,4867.1982421875,30,
5961,4767.912109375,30,
5963,5187.2998046875,30,
5965,4860.5,30,
5967,4437.78173828125,30,
5969,4902.900390625,30,
5971,4152.220703125,30,
5973,4189.48046875,30,
5975,5227.3173828125,30,
5977,4106.533203125,30,
5979,4286.33203125,30,
5981,4843.84130859375,30,
5982,,30,4602.39599609375
5983,4434.36083984375,31,
5985,4192.38720703125,31,
5987,4597.03369140625,31,
5989,4096.43359375,31,
5991,4248.86962890625,31,
5993,4759.85107421875,31,
