step,epoch,train_loss,train_acc,val_acc,val_loss,tst_acc,tst_loss
0,0,0.666640043258667,0.5625,,,,
1,0,12.670278549194336,0.4375,,,,
2,0,0.9339624047279358,0.3125,,,,
3,0,2.333178997039795,0.5,,,,
4,0,3.7866768836975098,0.5,,,,
5,0,2.7839395999908447,0.5625,,,,
6,0,1.4781301021575928,0.5,,,,
7,0,0.8945789337158203,0.5625,,,,
8,0,0.6793214082717896,0.5,,,,
9,0,0.9359132051467896,0.3125,,,,
10,0,0.8636631965637207,0.5625,,,,
11,0,0.7934856414794922,0.5,,,,
12,0,1.0587489604949951,0.375,,,,
13,0,0.809646487236023,0.5,,,,
14,0,1.02134370803833,0.3125,,,,
15,0,0.7844539880752563,0.4375,,,,
16,0,0.8420816659927368,0.25,,,,
17,0,0.6853784322738647,0.5,,,,
18,0,0.6780065894126892,0.8125,,,,
19,0,0.7534788250923157,0.375,,,,
20,0,0.8080719709396362,0.4375,,,,
21,0,0.873206377029419,0.25,,,,
22,0,0.8879302740097046,0.3125,,,,
23,0,0.746904730796814,0.625,,,,
24,0,0.8012329339981079,0.4375,,,,
25,0,0.770116925239563,0.375,,,,
26,0,0.7245016098022461,0.625,,,,
27,0,0.7153835296630859,0.4375,,,,
28,0,0.6954154372215271,0.4375,,,,
29,0,0.6990373134613037,0.5625,,,,
30,0,0.7330944538116455,0.375,,,,
31,0,0.719578742980957,0.4375,,,,
32,0,0.7578451037406921,0.5,,,,
33,0,0.7405019998550415,0.6875,,,,
34,0,0.7184661626815796,0.625,,,,
35,0,0.6870527267456055,0.5625,,,,
36,0,0.7573714256286621,0.25,,,,
37,0,0.6785508990287781,0.5,,,,
38,0,0.6969718933105469,0.375,,,,
39,0,0.6833031177520752,0.5,,,,
40,0,0.7559738755226135,0.25,,,,
41,0,0.6542055606842041,0.625,,,,
42,0,0.7807026505470276,0.375,,,,
43,0,0.7138721942901611,0.4375,,,,
44,0,0.6983802914619446,0.5,,,,
45,0,0.7050343751907349,0.5,,,,
46,0,0.7216506004333496,0.25,,,,
47,0,0.7054236531257629,0.5,,,,
48,0,0.6974927186965942,0.4375,,,,
49,0,0.7066143751144409,0.3125,,,,
50,0,0.6913757920265198,0.625,,,,
51,0,0.6856805086135864,0.4375,,,,
52,0,0.6853621006011963,0.5,,,,
53,0,0.7018904089927673,0.625,,,,
54,0,0.7023969888687134,0.4375,,,,
55,0,0.6693230271339417,0.5625,,,,
56,0,0.6771320104598999,0.5625,,,,
57,0,0.7462536096572876,0.3125,,,,
58,0,0.6988111734390259,0.5,,,,
59,0,0.6869819164276123,0.5625,,,,
60,0,0.6938450336456299,0.4375,,,,
61,0,0.69481360912323,0.375,,,,
62,0,0.6913542747497559,0.4375,,,,
63,0,0.691642165184021,0.4375,,,,
64,0,0.727057933807373,0.375,,,,
65,0,0.7030167579650879,0.5,,,,
66,0,0.7189135551452637,0.4375,,,,
67,0,0.7311145067214966,0.1875,,,,
68,0,0.6962447762489319,0.5625,,,,
69,0,0.7034708857536316,0.375,,,,
70,0,0.7142757177352905,0.3125,,,,
71,0,0.6945611238479614,0.6875,,,,
72,0,0.6889022588729858,0.5,,,,
73,0,0.7008113861083984,0.4375,,,,
74,0,0.6971081495285034,0.3125,,,,
75,0,0.6940062046051025,0.4375,,,,
76,0,0.7022502422332764,0.5625,,,,
77,0,0.6994255781173706,0.4285714328289032,,,,
77,0,,,0.47562724351882935,0.7008920311927795,,
78,1,0.7086806893348694,0.5625,,,,
79,1,0.6926819086074829,0.4375,,,,
80,1,0.6855183243751526,0.75,,,,
81,1,0.6977897882461548,0.625,,,,
82,1,0.666740357875824,0.6875,,,,
83,1,0.7206282019615173,0.375,,,,
84,1,0.7000468969345093,0.5,,,,
85,1,0.6961346864700317,0.5,,,,
86,1,0.6929166316986084,0.375,,,,
87,1,0.705924391746521,0.3125,,,,
88,1,0.6912239193916321,0.5625,,,,
89,1,0.699027955532074,0.5625,,,,
90,1,0.7018573880195618,0.5625,,,,
91,1,0.6936684250831604,0.4375,,,,
92,1,0.6944243907928467,0.375,,,,
93,1,0.6938364505767822,0.5625,,,,
94,1,0.6821423768997192,0.5,,,,
95,1,0.6926887035369873,0.625,,,,
96,1,0.6856540441513062,0.625,,,,
97,1,0.7206015586853027,0.5625,,,,
98,1,0.6979782581329346,0.5625,,,,
99,1,0.6861311793327332,0.625,,,,
100,1,0.6762269735336304,0.5625,,,,
101,1,0.711570143699646,0.4375,,,,
102,1,0.6652979254722595,0.625,,,,
103,1,0.7173811793327332,0.375,,,,
104,1,0.6911938190460205,0.375,,,,
105,1,0.7047842741012573,0.25,,,,
106,1,0.7058257460594177,0.25,,,,
107,1,0.7016013264656067,0.375,,,,
108,1,0.7161719799041748,0.375,,,,
109,1,0.6913336515426636,0.5625,,,,
110,1,0.6988368034362793,0.5625,,,,
111,1,0.6917054057121277,0.5,,,,
112,1,0.6927621364593506,0.5,,,,
113,1,0.6942805051803589,0.5,,,,
114,1,0.6914077401161194,0.5625,,,,
115,1,0.7000393867492676,0.25,,,,
116,1,0.7016706466674805,0.3125,,,,
117,1,0.6928538084030151,0.375,,,,
118,1,0.6972789764404297,0.6875,,,,
119,1,0.710263192653656,0.375,,,,
120,1,0.6780484914779663,0.6875,,,,
121,1,0.7076745629310608,0.5625,,,,
122,1,0.6960275173187256,0.4375,,,,
123,1,0.7019798159599304,0.5,,,,
124,1,0.689763605594635,0.625,,,,
125,1,0.692319393157959,0.625,,,,
126,1,0.6932359933853149,0.5625,,,,
127,1,0.6945748925209045,0.5625,,,,
128,1,0.6913238763809204,0.5625,,,,
129,1,0.6950296759605408,0.4375,,,,
130,1,0.6919737458229065,0.6875,,,,
131,1,0.6967313289642334,0.4375,,,,
132,1,0.6931980848312378,0.375,,,,
133,1,0.6938502788543701,0.4375,,,,
134,1,0.6940098404884338,0.375,,,,
135,1,0.6879905462265015,0.5625,,,,
136,1,0.7112284302711487,0.375,,,,
137,1,0.7314488887786865,0.375,,,,
138,1,0.6859244108200073,0.6875,,,,
139,1,0.6875004768371582,0.75,,,,
140,1,0.6936841011047363,0.4375,,,,
141,1,0.696597158908844,0.375,,,,
142,1,0.6938039660453796,0.5625,,,,
143,1,0.688452959060669,0.625,,,,
144,1,0.7060588598251343,0.4375,,,,
145,1,0.6934881210327148,0.5,,,,
146,1,0.6937167048454285,0.5625,,,,
147,1,0.6911949515342712,0.5625,,,,
148,1,0.7147200107574463,0.375,,,,
149,1,0.7015637159347534,0.5625,,,,
150,1,0.7045704126358032,0.4375,,,,
151,1,0.6925908327102661,0.5625,,,,
152,1,0.686457097530365,0.5,,,,
153,1,0.723392128944397,0.375,,,,
154,1,0.732280969619751,0.4375,,,,
155,1,0.6104186773300171,0.8571428656578064,,,,
155,1,,,0.49426522850990295,0.715316891670227,,
156,2,0.7417352199554443,0.4375,,,,
157,2,0.7784002423286438,0.25,,,,
158,2,0.7021484971046448,0.375,,,,
159,2,0.6879351139068604,0.6875,,,,
160,2,0.688939094543457,0.6875,,,,
161,2,0.7288928627967834,0.375,,,,
162,2,0.7369741797447205,0.375,,,,
163,2,0.7159875631332397,0.4375,,,,
164,2,0.6691437363624573,0.6875,,,,
165,2,0.678029477596283,0.4375,,,,
166,2,0.6781653761863708,0.6875,,,,
167,2,0.7083808183670044,0.3125,,,,
168,2,0.6921246647834778,0.5,,,,
169,2,0.6967383623123169,0.4375,,,,
170,2,0.7048890590667725,0.5,,,,
171,2,0.6928860545158386,0.5,,,,
172,2,0.6911963224411011,0.5,,,,
173,2,0.7003188133239746,0.375,,,,
174,2,0.6952794194221497,0.5,,,,
175,2,0.7292764782905579,0.4375,,,,
176,2,0.7135000228881836,0.4375,,,,
177,2,0.6981720924377441,0.5,,,,
178,2,0.6913813352584839,0.5,,,,
179,2,0.6927952170372009,0.5625,,,,
180,2,0.6984275579452515,0.5,,,,
181,2,0.691524088382721,0.5,,,,
182,2,0.6783651113510132,0.5625,,,,
183,2,0.7397035360336304,0.375,,,,
184,2,0.6928343176841736,0.625,,,,
185,2,0.714131236076355,0.4375,,,,
186,2,0.690267026424408,0.625,,,,
187,2,0.6933286190032959,0.5,,,,
188,2,0.7089663147926331,0.25,,,,
189,2,0.7004600167274475,0.5625,,,,
190,2,0.6955624222755432,0.5,,,,
191,2,0.6917396187782288,0.6875,,,,
192,2,0.6960988640785217,0.5625,,,,
193,2,0.7127177715301514,0.4375,,,,
194,2,0.7053521871566772,0.4375,,,,
195,2,0.6963192820549011,0.5,,,,
196,2,0.6941626667976379,0.375,,,,
197,2,0.6922296285629272,0.6875,,,,
198,2,0.693196177482605,0.625,,,,
199,2,0.6919244527816772,0.4375,,,,
200,2,0.6967183947563171,0.4375,,,,
201,2,0.6941322684288025,0.5,,,,
202,2,0.6839994192123413,0.625,,,,
203,2,0.6911963224411011,0.4375,,,,
204,2,0.7189593315124512,0.375,,,,
205,2,0.6987535953521729,0.375,,,,
206,2,0.6887218952178955,0.5,,,,
207,2,0.694896936416626,0.5,,,,
208,2,0.6897884011268616,0.5625,,,,
209,2,0.7101707458496094,0.4375,,,,
210,2,0.7038136124610901,0.4375,,,,
211,2,0.6916415691375732,0.375,,,,
212,2,0.707366943359375,0.4375,,,,
213,2,0.6822912693023682,0.5625,,,,
214,2,0.6968320608139038,0.25,,,,
215,2,0.6949824094772339,0.5,,,,
216,2,0.6934885382652283,0.4375,,,,
217,2,0.6892058849334717,0.75,,,,
218,2,0.7065984010696411,0.5,,,,
219,2,0.6911940574645996,0.5625,,,,
220,2,0.6836093664169312,0.625,,,,
221,2,0.6814733743667603,0.625,,,,
222,2,0.6784842610359192,0.5,,,,
223,2,0.7045384645462036,0.5,,,,
224,2,0.6964461207389832,0.375,,,,
225,2,0.7064844369888306,0.5,,,,
226,2,0.6853913068771362,0.625,,,,
227,2,0.6924738883972168,0.5625,,,,
228,2,0.691411554813385,0.4375,,,,
229,2,0.6811879873275757,0.5625,,,,
230,2,0.7120712995529175,0.25,,,,
231,2,0.6933469176292419,0.5625,,,,
232,2,0.7080869674682617,0.375,,,,
233,2,0.7035860419273376,0.4285714328289032,,,,
233,2,,,0.5014336705207825,0.6937960982322693,,
234,3,0.6960477828979492,0.5,,,,
235,3,0.6931473016738892,0.5625,,,,
236,3,0.685355007648468,0.5625,,,,
237,3,0.7155416011810303,0.5,,,,
238,3,0.6718394756317139,0.75,,,,
239,3,0.7032376527786255,0.4375,,,,
240,3,0.666725218296051,0.5625,,,,
241,3,0.730063796043396,0.625,,,,
242,3,0.6950294971466064,0.5625,,,,
243,3,0.6853593587875366,0.5,,,,
244,3,0.7400704622268677,0.1875,,,,
245,3,0.6969643235206604,0.5,,,,
246,3,0.6720515489578247,0.4375,,,,
247,3,0.6880762577056885,0.375,,,,
248,3,0.6959931254386902,0.5,,,,
249,3,0.7431291341781616,0.5,,,,
250,3,0.7412663698196411,0.4375,,,,
251,3,0.7924811244010925,0.3125,,,,
252,3,0.6854254603385925,0.4375,,,,
253,3,0.7045499682426453,0.1875,,,,
254,3,0.7344881296157837,0.4375,,,,
255,3,0.7304878830909729,0.375,,,,
256,3,0.6935433149337769,0.5625,,,,
257,3,0.7801473140716553,0.3125,,,,
258,3,0.7300839424133301,0.5625,,,,
259,3,0.7411445379257202,0.25,,,,
260,3,0.6910871267318726,0.5625,,,,
261,3,0.6757676601409912,0.6875,,,,
262,3,0.7565546035766602,0.4375,,,,
263,3,0.6908154487609863,0.625,,,,
264,3,0.8765344619750977,0.25,,,,
265,3,0.8397951126098633,0.1875,,,,
266,3,0.6756449341773987,0.625,,,,
267,3,0.6913557052612305,0.4375,,,,
268,3,0.6820458769798279,0.5625,,,,
269,3,0.6985834836959839,0.5625,,,,
270,3,0.6624760627746582,0.625,,,,
271,3,0.7948794364929199,0.5,,,,
272,3,0.8051035404205322,0.5,,,,
273,3,0.7145235538482666,0.5625,,,,
274,3,0.7735978960990906,0.5,,,,
275,3,0.7071278095245361,0.625,,,,
276,3,0.6918255686759949,0.5,,,,
277,3,0.7272011637687683,0.1875,,,,
278,3,0.6764698028564453,0.8125,,,,
279,3,0.6754801273345947,0.5625,,,,
280,3,0.7971054315567017,0.25,,,,
281,3,0.7257909774780273,0.5,,,,
282,3,0.6853152513504028,0.5625,,,,
283,3,0.6761516332626343,0.5625,,,,
284,3,0.6938307285308838,0.5625,,,,
285,3,0.6978509426116943,0.125,,,,
286,3,0.6864014863967896,0.5,,,,
287,3,0.7484214901924133,0.25,,,,
288,3,0.7329328060150146,0.4375,,,,
289,3,0.6857315301895142,0.625,,,,
290,3,0.7164231538772583,0.5625,,,,
291,3,0.6760618686676025,0.625,,,,
292,3,0.6914461851119995,0.5,,,,
293,3,0.6903479695320129,0.6875,,,,
294,3,0.6934841275215149,0.5,,,,
295,3,0.6934142112731934,0.5,,,,
296,3,0.6965035200119019,0.4375,,,,
297,3,0.6909947395324707,0.5,,,,
298,3,0.6953636407852173,0.375,,,,
299,3,0.6918885707855225,0.625,,,,
300,3,0.7164549827575684,0.4375,,,,
301,3,0.6991385221481323,0.5625,,,,
302,3,0.7112823128700256,0.5,,,,
303,3,0.6924165487289429,0.4375,,,,
304,3,0.6864908337593079,0.4375,,,,
305,3,0.7127933502197266,0.3125,,,,
306,3,0.7110813856124878,0.4375,,,,
307,3,0.7349130511283875,0.4375,,,,
308,3,0.7000621557235718,0.3125,,,,
309,3,0.6928638219833374,0.5,,,,
310,3,0.6964550018310547,0.4375,,,,
311,3,0.7026776075363159,0.5714285969734192,,,,
311,3,,,0.49641576409339905,0.7073346972465515,,
312,4,0.7073347568511963,0.625,,,,
313,4,0.7077221870422363,0.625,,,,
314,4,0.7132282257080078,0.4375,,,,
315,4,0.7154095768928528,0.5625,,,,
316,4,0.6934477686882019,0.4375,,,,
317,4,0.6969113349914551,0.4375,,,,
318,4,0.7248023748397827,0.5,,,,
319,4,0.6865582466125488,0.5625,,,,
320,4,0.7104421854019165,0.5625,,,,
321,4,0.7281662821769714,0.5,,,,
322,4,0.6988450288772583,0.5625,,,,
323,4,0.6960060596466064,0.3125,,,,
324,4,0.6968207359313965,0.375,,,,
325,4,0.6856710910797119,0.5,,,,
326,4,0.6952055096626282,0.375,,,,
327,4,0.6637515425682068,0.5,,,,
328,4,0.7620096802711487,0.4375,,,,
329,4,0.7135723233222961,0.625,,,,
330,4,0.7320379614830017,0.4375,,,,
331,4,0.7004177570343018,0.3125,,,,
332,4,0.6869556307792664,0.6875,,,,
333,4,0.6982463002204895,0.5,,,,
334,4,0.6949578523635864,0.5625,,,,
335,4,0.7441478967666626,0.625,,,,
336,4,0.7042430639266968,0.5625,,,,
337,4,0.7736358642578125,0.375,,,,
338,4,0.6756378412246704,0.6875,,,,
339,4,0.6694948673248291,0.6875,,,,
340,4,0.7136234045028687,0.4375,,,,
341,4,0.6815849542617798,0.75,,,,
342,4,0.68671715259552,0.625,,,,
343,4,0.682104766368866,0.5,,,,
344,4,0.7229276299476624,0.5625,,,,
345,4,0.8221781253814697,0.375,,,,
346,4,0.7541678547859192,0.625,,,,
347,4,0.7728760242462158,0.625,,,,
348,4,0.7420088052749634,0.5,,,,
349,4,0.7019164562225342,0.5625,,,,
350,4,0.6855229735374451,0.5625,,,,
351,4,0.6826579570770264,0.5625,,,,
352,4,0.6778714656829834,0.6875,,,,
353,4,0.8654968738555908,0.4375,,,,
354,4,0.8312559127807617,0.5,,,,
355,4,0.7384841442108154,0.5625,,,,
356,4,0.795514702796936,0.5,,,,
357,4,0.7408792972564697,0.3125,,,,
358,4,0.6960228085517883,0.625,,,,
359,4,0.7675520181655884,0.4375,,,,
360,4,0.7181013226509094,0.5625,,,,
361,4,0.7716700434684753,0.4375,,,,
362,4,0.7441065311431885,0.625,,,,
363,4,0.6776530146598816,0.625,,,,
364,4,0.7109896540641785,0.4375,,,,
365,4,0.7106146812438965,0.5,,,,
366,4,0.6941831707954407,0.5,,,,
367,4,0.7187684178352356,0.375,,,,
368,4,0.6945094466209412,0.5,,,,
369,4,0.696510910987854,0.5625,,,,
370,4,0.6969423294067383,0.5,,,,
371,4,0.7154309749603271,0.375,,,,
372,4,0.7137019634246826,0.5625,,,,
373,4,0.6984173059463501,0.5625,,,,
374,4,0.6947631239891052,0.6875,,,,
375,4,0.7350488901138306,0.5,,,,
376,4,0.7210144400596619,0.375,,,,
377,4,0.6992178559303284,0.4375,,,,
378,4,0.6952382326126099,0.4375,,,,
379,4,0.695806622505188,0.375,,,,
380,4,0.7069680094718933,0.5,,,,
381,4,0.7092657685279846,0.375,,,,
382,4,0.6915121674537659,0.5625,,,,
383,4,0.6864013075828552,0.5,,,,
384,4,0.7107099890708923,0.5,,,,
385,4,0.7072211503982544,0.4375,,,,
386,4,0.6871436238288879,0.6875,,,,
387,4,0.665464460849762,0.75,,,,
388,4,0.728710412979126,0.375,,,,
389,4,0.7896801233291626,0.4285714328289032,,,,
389,4,,,0.4949820935726166,0.7371218800544739,,
390,5,0.6624366641044617,0.5,,,,
391,5,0.7468445897102356,0.4375,,,,
392,5,0.6755001544952393,0.4375,,,,
393,5,0.6771841645240784,0.625,,,,
394,5,0.7156258821487427,0.4375,,,,
395,5,0.6921043395996094,0.6875,,,,
396,5,0.6710724234580994,0.625,,,,
397,5,0.6621315479278564,0.5625,,,,
398,5,0.703783392906189,0.5625,,,,
399,5,0.7649856805801392,0.5,,,,
400,5,0.8603892922401428,0.4375,,,,
401,5,0.6979862451553345,0.6875,,,,
402,5,0.7200050354003906,0.625,,,,
403,5,0.6940486431121826,0.5,,,,
404,5,0.6968520879745483,0.5625,,,,
405,5,0.7462540864944458,0.375,,,,
406,5,0.6760075688362122,0.5625,,,,
407,5,0.708375096321106,0.5625,,,,
408,5,0.6309797763824463,0.75,,,,
409,5,0.6452175378799438,0.6875,,,,
410,5,0.6798475980758667,0.5625,,,,
411,5,0.7538350820541382,0.5,,,,
412,5,0.707730770111084,0.625,,,,
413,5,0.7195188403129578,0.4375,,,,
414,5,0.6912822723388672,0.6875,,,,
415,5,0.6942815780639648,0.5,,,,
416,5,0.7023400664329529,0.4375,,,,
417,5,0.7091967463493347,0.375,,,,
418,5,0.7021511793136597,0.5625,,,,
419,5,0.737783670425415,0.375,,,,
420,5,0.6964142918586731,0.375,,,,
421,5,0.6973558664321899,0.5625,,,,
422,5,0.7269289493560791,0.3125,,,,
423,5,0.6992328763008118,0.6875,,,,
424,5,0.680022120475769,0.5,,,,
425,5,0.7031534910202026,0.5625,,,,
426,5,0.6869991421699524,0.4375,,,,
427,5,0.6945972442626953,0.4375,,,,
428,5,0.7103757858276367,0.1875,,,,
429,5,0.695476770401001,0.4375,,,,
430,5,0.6482822895050049,0.6875,,,,
431,5,0.7259554266929626,0.5,,,,
432,5,0.6237882375717163,0.75,,,,
433,5,0.6448696851730347,0.625,,,,
434,5,0.8624311089515686,0.5,,,,
435,5,0.6686831116676331,0.75,,,,
436,5,0.7831223607063293,0.4375,,,,
437,5,0.737009584903717,0.3125,,,,
438,5,0.7008095979690552,0.5,,,,
439,5,0.7208331227302551,0.5,,,,
440,5,0.7268531322479248,0.5,,,,
441,5,0.6435057520866394,0.75,,,,
442,5,0.8643826246261597,0.4375,,,,
443,5,0.7088100910186768,0.5625,,,,
444,5,0.7136386632919312,0.6875,,,,
445,5,0.6868169903755188,0.5,,,,
446,5,0.6752539277076721,0.625,,,,
447,5,0.6951845288276672,0.375,,,,
448,5,0.6914279460906982,0.5625,,,,
449,5,0.6855195164680481,0.5625,,,,
450,5,0.7277354001998901,0.4375,,,,
451,5,0.7196069955825806,0.5,,,,
452,5,0.6670552492141724,0.5,,,,
453,5,0.6853985786437988,0.625,,,,
454,5,0.7174121141433716,0.5,,,,
455,5,0.706236720085144,0.4375,,,,
456,5,0.6925083994865417,0.5625,,,,
457,5,0.7005881667137146,0.4375,,,,
458,5,0.6961241364479065,0.5625,,,,
459,5,0.6961038708686829,0.4375,,,,
460,5,0.6923292875289917,0.5,,,,
461,5,0.6946777105331421,0.5,,,,
462,5,0.7069876194000244,0.3125,,,,
463,5,0.7054033279418945,0.625,,,,
464,5,0.6938236951828003,0.5625,,,,
465,5,0.6929181814193726,0.625,,,,
466,5,0.6943777799606323,0.5,,,,
467,5,0.7084630727767944,0.2857142984867096,,,,
467,5,,,0.5086021423339844,0.6961433291435242,,
468,6,0.7106648683547974,0.3125,,,,
469,6,0.693610429763794,0.5625,,,,
470,6,0.6985222101211548,0.4375,,,,
471,6,0.6914189457893372,0.625,,,,
472,6,0.6984175443649292,0.4375,,,,
473,6,0.6938650608062744,0.5,,,,
474,6,0.6875188946723938,0.75,,,,
475,6,0.7011736631393433,0.4375,,,,
476,6,0.7074254751205444,0.4375,,,,
477,6,0.6934088468551636,0.625,,,,
478,6,0.6717190742492676,0.625,,,,
479,6,0.6860989332199097,0.5,,,,
480,6,0.6914616823196411,0.625,,,,
481,6,0.6798697710037231,0.8125,,,,
482,6,0.7811559438705444,0.4375,,,,
483,6,0.7126575708389282,0.5,,,,
484,6,0.7006497383117676,0.5,,,,
485,6,0.6998026967048645,0.5625,,,,
486,6,0.7008888721466064,0.125,,,,
487,6,0.6853184700012207,0.5,,,,
488,6,0.661584734916687,0.5625,,,,
489,6,0.6450019478797913,0.625,,,,
490,6,0.8646540641784668,0.5625,,,,
491,6,0.713826596736908,0.6875,,,,
492,6,0.8123962879180908,0.5,,,,
493,6,0.7843413949012756,0.6875,,,,
494,6,0.7138819694519043,0.5,,,,
495,6,0.6845635175704956,0.625,,,,
496,6,0.6916704177856445,0.5625,,,,
497,6,0.7224373817443848,0.5,,,,
498,6,0.8192036151885986,0.6875,,,,
499,6,0.8964552879333496,0.375,,,,
500,6,0.7656599283218384,0.5,,,,
501,6,0.7674127817153931,0.4375,,,,
502,6,0.6564420461654663,0.75,,,,
503,6,0.7011154294013977,0.3125,,,,
504,6,0.6855391263961792,0.5,,,,
505,6,0.7743122577667236,0.375,,,,
506,6,0.7598036527633667,0.5,,,,
507,6,0.7627533674240112,0.5,,,,
508,6,0.6024523973464966,0.6875,,,,
509,6,0.7762844562530518,0.3125,,,,
510,6,0.6757655739784241,0.5,,,,
511,6,0.7017544507980347,0.5625,,,,
512,6,0.6982619762420654,0.3125,,,,
513,6,0.672387957572937,0.625,,,,
514,6,0.7556093335151672,0.3125,,,,
515,6,0.7302920818328857,0.5,,,,
516,6,0.7518537044525146,0.4375,,,,
517,6,0.7690637707710266,0.3125,,,,
518,6,0.7207095623016357,0.4375,,,,
519,6,0.6935127973556519,0.375,,,,
520,6,0.6853153705596924,0.5,,,,
521,6,0.6924206018447876,0.4375,,,,
522,6,0.7904860377311707,0.5,,,,
523,6,0.8165869116783142,0.5,,,,
524,6,0.7129981517791748,0.4375,,,,
525,6,0.6755485534667969,0.625,,,,
526,6,0.6973003149032593,0.5,,,,
527,6,0.6931556463241577,0.375,,,,
528,6,0.7110025882720947,0.4375,,,,
529,6,0.6956760883331299,0.8125,,,,
530,6,0.6875678300857544,0.6875,,,,
531,6,0.7027109265327454,0.5,,,,
532,6,0.7021501660346985,0.5625,,,,
533,6,0.7102110981941223,0.5,,,,
534,6,0.7185111045837402,0.5625,,,,
535,6,0.6829198002815247,0.75,,,,
536,6,0.6933704614639282,0.5,,,,
537,6,0.6934324502944946,0.375,,,,
538,6,0.6914458274841309,0.625,,,,
539,6,0.6912025809288025,0.625,,,,
540,6,0.7241601347923279,0.375,,,,
541,6,0.6933363676071167,0.5,,,,
542,6,0.7085179090499878,0.375,,,,
543,6,0.694562554359436,0.3125,,,,
544,6,0.7030900716781616,0.25,,,,
545,6,0.694898784160614,0.4285714328289032,,,,
545,6,,,0.49928316473960876,0.6949922442436218,,
546,7,0.6987899541854858,0.4375,,,,
547,7,0.7047359943389893,0.375,,,,
548,7,0.6933425068855286,0.5,,,,
549,7,0.7185954451560974,0.25,,,,
550,7,0.6986804604530334,0.5625,,,,
551,7,0.6899640560150146,0.5,,,,
552,7,0.6882785558700562,0.5625,,,,
553,7,0.7008895874023438,0.3125,,,,
554,7,0.6912188529968262,0.4375,,,,
555,7,0.6724260449409485,0.75,,,,
556,7,0.6996534466743469,0.5625,,,,
557,7,0.7126723527908325,0.375,,,,
558,7,0.6679292321205139,0.5,,,,
559,7,0.7812684774398804,0.1875,,,,
560,7,0.6757471561431885,0.8125,,,,
561,7,0.6921266317367554,0.4375,,,,
562,7,0.6954955458641052,0.4375,,,,
563,7,0.6931867003440857,0.375,,,,
564,7,0.6934425830841064,0.375,,,,
565,7,0.6944423317909241,0.375,,,,
566,7,0.6933544278144836,0.5625,,,,
567,7,0.685375988483429,0.6875,,,,
568,7,0.6977711915969849,0.625,,,,
569,7,0.6854855418205261,0.4375,,,,
570,7,0.7101165056228638,0.5,,,,
571,7,0.6634623408317566,0.625,,,,
572,7,0.6886473894119263,0.625,,,,
573,7,0.7281808853149414,0.375,,,,
574,7,0.7073116898536682,0.5625,,,,
575,7,0.7117280960083008,0.5,,,,
576,7,0.6918724179267883,0.625,,,,
577,7,0.7051882743835449,0.4375,,,,
578,7,0.6961025595664978,0.625,,,,
579,7,0.7018606662750244,0.5,,,,
580,7,0.6911994814872742,0.5625,,,,
581,7,0.6787630915641785,0.625,,,,
582,7,0.7058351039886475,0.4375,,,,
583,7,0.6999437808990479,0.4375,,,,
584,7,0.691411018371582,0.625,,,,
585,7,0.6945686340332031,0.5625,,,,
586,7,0.6940729022026062,0.5625,,,,
587,7,0.6897594332695007,0.5625,,,,
588,7,0.695061206817627,0.5,,,,
589,7,0.681363046169281,0.5625,,,,
590,7,0.6995609998703003,0.375,,,,
591,7,0.716657280921936,0.4375,,,,
592,7,0.6977308392524719,0.375,,,,
593,7,0.697950005531311,0.4375,,,,
594,7,0.6927816867828369,0.5625,,,,
595,7,0.7050950527191162,0.5,,,,
596,7,0.7118674516677856,0.4375,,,,
597,7,0.7279752492904663,0.3125,,,,
598,7,0.6877856254577637,0.5,,,,
599,7,0.6922474503517151,0.6875,,,,
600,7,0.6945711374282837,0.5625,,,,
601,7,0.7130028009414673,0.5,,,,
602,7,0.6956850290298462,0.4375,,,,
603,7,0.6855325102806091,0.6875,,,,
604,7,0.7117961645126343,0.3125,,,,
605,7,0.6867605447769165,0.625,,,,
606,7,0.733894407749176,0.3125,,,,
607,7,0.696448028087616,0.5625,,,,
608,7,0.6982032060623169,0.5625,,,,
609,7,0.7198173999786377,0.375,,,,
610,7,0.7441676259040833,0.4375,,,,
611,7,0.688948929309845,0.6875,,,,
612,7,0.6882128715515137,0.5625,,,,
613,7,0.6853153705596924,0.5625,,,,
614,7,0.7494997382164001,0.4375,,,,
615,7,0.7623067498207092,0.4375,,,,
616,7,0.7012235522270203,0.5,,,,
617,7,0.6913900375366211,0.5625,,,,
618,7,0.6973929405212402,0.4375,,,,
619,7,0.6823706030845642,0.5625,,,,
620,7,0.7011054754257202,0.4375,,,,
621,7,0.7052494287490845,0.4375,,,,
622,7,0.715317964553833,0.4375,,,,
623,7,0.7183151841163635,0.2857142984867096,,,,
623,7,,,0.49856629967689514,0.6943606734275818,,
624,8,0.6974402666091919,0.5,,,,
625,8,0.7004309892654419,0.4375,,,,
626,8,0.6912760138511658,0.4375,,,,
627,8,0.712810754776001,0.375,,,,
628,8,0.6919615268707275,0.5625,,,,
629,8,0.7026227712631226,0.5,,,,
630,8,0.6814588308334351,0.625,,,,
631,8,0.688025951385498,0.625,,,,
632,8,0.6990815997123718,0.4375,,,,
633,8,0.7143909931182861,0.25,,,,
634,8,0.6951183080673218,0.5625,,,,
635,8,0.696570634841919,0.375,,,,
636,8,0.7530300617218018,0.4375,,,,
637,8,0.6832879185676575,0.6875,,,,
638,8,0.6856443881988525,0.6875,,,,
639,8,0.6988727450370789,0.6875,,,,
640,8,0.6896917819976807,0.5,,,,
641,8,0.6917629241943359,0.5625,,,,
642,8,0.6860535740852356,0.625,,,,
643,8,0.7209219336509705,0.25,,,,
644,8,0.6823848485946655,0.5625,,,,
645,8,0.68796706199646,0.5,,,,
646,8,0.7126763463020325,0.3125,,,,
647,8,0.6975384950637817,0.4375,,,,
648,8,0.7128307223320007,0.1875,,,,
649,8,0.6871705055236816,0.5625,,,,
650,8,0.7291818857192993,0.25,,,,
651,8,0.7098640203475952,0.5,,,,
652,8,0.6924142837524414,0.5625,,,,
653,8,0.7406189441680908,0.25,,,,
654,8,0.6879788637161255,0.625,,,,
655,8,0.7060678005218506,0.625,,,,
656,8,0.7407267689704895,0.5625,,,,
657,8,0.6619986891746521,0.8125,,,,
658,8,0.7795289158821106,0.5,,,,
659,8,0.7276217937469482,0.375,,,,
660,8,0.7543874979019165,0.375,,,,
661,8,0.6937882900238037,0.4375,,,,
662,8,0.7231901288032532,0.1875,,,,
663,8,0.6653728485107422,0.4375,,,,
664,8,0.7064918279647827,0.5625,,,,
665,8,0.696391224861145,0.5625,,,,
666,8,0.6979963183403015,0.625,,,,
667,8,0.8147696256637573,0.3125,,,,
668,8,0.7066957354545593,0.4375,,,,
669,8,0.7045549154281616,0.3125,,,,
670,8,0.6564563512802124,0.6875,,,,
671,8,0.8122298717498779,0.375,,,,
672,8,0.7155702710151672,0.4375,,,,
673,8,0.54436856508255,0.8125,,,,
674,8,0.8275381922721863,0.6875,,,,
675,8,0.7588100433349609,0.625,,,,
676,8,0.7552915811538696,0.4375,,,,
677,8,0.6619231104850769,0.625,,,,
678,8,0.7216833829879761,0.4375,,,,
679,8,0.6998186111450195,0.4375,,,,
680,8,0.6771119832992554,0.625,,,,
681,8,0.690577507019043,0.625,,,,
682,8,0.7757370471954346,0.25,,,,
683,8,0.6999209523200989,0.6875,,,,
684,8,0.6786122918128967,0.5625,,,,
685,8,0.7782089710235596,0.4375,,,,
686,8,0.7157734632492065,0.4375,,,,
687,8,0.6911043524742126,0.5,,,,
688,8,0.6959283947944641,0.375,,,,
689,8,0.764275074005127,0.4375,,,,
690,8,0.8387446403503418,0.3125,,,,
691,8,0.6771397590637207,0.75,,,,
692,8,0.7554503679275513,0.375,,,,
693,8,0.7082971334457397,0.5,,,,
694,8,0.6990998983383179,0.625,,,,
695,8,0.7514756321907043,0.375,,,,
696,8,0.6437564492225647,0.75,,,,
697,8,0.688537061214447,0.75,,,,
698,8,0.7648891806602478,0.4375,,,,
699,8,0.7529144287109375,0.5,,,,
700,8,0.6450461149215698,0.5,,,,
701,8,0.8819402456283569,0.1428571492433548,,,,
701,8,,,0.49211469292640686,0.6935262680053711,,
702,9,0.6883633732795715,0.5625,,,,
703,9,0.7893012762069702,0.3125,,,,
704,9,0.8358162641525269,0.4375,,,,
705,9,0.5701122879981995,0.8125,,,,
706,9,0.9320378303527832,0.3125,,,,
707,9,0.6212717294692993,0.8125,,,,
708,9,0.7203808426856995,0.5,,,,
709,9,0.7283344864845276,0.625,,,,
710,9,0.70671147108078,0.3125,,,,
711,9,0.6828986406326294,0.375,,,,
712,9,0.6895442008972168,0.375,,,,
713,9,0.7291339635848999,0.5,,,,
714,9,0.7496993541717529,0.5625,,,,
715,9,0.7534399628639221,0.5,,,,
716,9,0.7637233138084412,0.4375,,,,
717,9,0.7690815925598145,0.5,,,,
718,9,0.7026245594024658,0.5,,,,
719,9,0.6932824850082397,0.375,,,,
720,9,0.6952379941940308,0.5,,,,
721,9,0.7434449195861816,0.4375,,,,
722,9,0.7793532609939575,0.5625,,,,
723,9,0.7339463233947754,0.5625,,,,
724,9,0.731899619102478,0.5625,,,,
725,9,0.7310546636581421,0.375,,,,
726,9,0.6918195486068726,0.5,,,,
727,9,0.7278845310211182,0.5,,,,
728,9,0.7234820127487183,0.375,,,,
729,9,0.7324953079223633,0.5,,,,
730,9,0.7632594108581543,0.3125,,,,
731,9,0.7755305767059326,0.25,,,,
732,9,0.6876218318939209,0.5625,,,,
733,9,0.6987776160240173,0.5,,,,
734,9,0.6670756340026855,0.625,,,,
735,9,0.6919443011283875,0.5625,,,,
736,9,0.7017055749893188,0.375,,,,
737,9,0.7725434303283691,0.4375,,,,
738,9,0.62399822473526,0.625,,,,
739,9,0.6808359622955322,0.5625,,,,
740,9,0.6947927474975586,0.5625,,,,
741,9,0.7436180710792542,0.5625,,,,
742,9,0.677790641784668,0.6875,,,,
743,9,0.7079685926437378,0.5,,,,
744,9,0.7113158702850342,0.25,,,,
745,9,0.7231144905090332,0.5625,,,,
746,9,0.6756439208984375,0.6875,,,,
747,9,0.7114322781562805,0.5625,,,,
748,9,0.6301319599151611,0.5625,,,,
749,9,0.7022606134414673,0.625,,,,
750,9,0.6350792646408081,0.75,,,,
751,9,0.769635796546936,0.375,,,,
752,9,0.727239727973938,0.4375,,,,
753,9,0.7094485759735107,0.4375,,,,
754,9,0.6935635805130005,0.5,,,,
755,9,0.7075925469398499,0.3125,,,,
756,9,0.720128059387207,0.4375,,,,
757,9,0.7184668183326721,0.3125,,,,
758,9,0.7083190679550171,0.1875,,,,
759,9,0.6890758275985718,0.625,,,,
760,9,0.6938644051551819,0.5625,,,,
761,9,0.7819162011146545,0.3125,,,,
762,9,0.7129482626914978,0.625,,,,
763,9,0.6956501603126526,0.5625,,,,
764,9,0.7117265462875366,0.4375,,,,
765,9,0.6933797597885132,0.4375,,,,
766,9,0.6912095546722412,0.4375,,,,
767,9,0.6933333873748779,0.4375,,,,
768,9,0.7097002267837524,0.5,,,,
769,9,0.7262951135635376,0.3125,,,,
770,9,0.6867762207984924,0.4375,,,,
771,9,0.6667056679725647,0.625,,,,
772,9,0.7295528650283813,0.3125,,,,
773,9,0.6963838338851929,0.4375,,,,
774,9,0.69240802526474,0.4375,,,,
775,9,0.693932294845581,0.375,,,,
776,9,0.7116157412528992,0.3125,,,,
777,9,0.7055437564849854,0.4375,,,,
778,9,0.691447377204895,0.4375,,,,
779,9,0.6916319727897644,0.5714285969734192,,,,
779,9,,,0.5007168650627136,0.6931636333465576,,
780,10,0.6945975422859192,0.25,,,,
781,10,0.6963791847229004,0.25,,,,
782,10,0.6951857209205627,0.3125,,,,
783,10,0.7007695436477661,0.625,,,,
784,10,0.7114777565002441,0.5,,,,
785,10,0.6944844126701355,0.4375,,,,
786,10,0.6970735788345337,0.4375,,,,
787,10,0.6759123206138611,0.5,,,,
788,10,0.7472966313362122,0.5625,,,,
789,10,0.7495153546333313,0.3125,,,,
790,10,0.7443300485610962,0.625,,,,
791,10,0.7113587260246277,0.4375,,,,
792,10,0.7050495147705078,0.25,,,,
793,10,0.659363329410553,0.5625,,,,
794,10,0.7220638990402222,0.5625,,,,
795,10,0.8107215166091919,0.5,,,,
796,10,0.7922691702842712,0.375,,,,
797,10,0.6480579376220703,0.5625,,,,
798,10,0.7021613717079163,0.4375,,,,
799,10,0.6942107081413269,0.375,,,,
800,10,0.6990801095962524,0.4375,,,,
801,10,0.7724498510360718,0.1875,,,,
802,10,0.7232297658920288,0.3125,,,,
803,10,0.704206645488739,0.5,,,,
804,10,0.7024967670440674,0.4375,,,,
805,10,0.6903021335601807,0.75,,,,
806,10,0.693243145942688,0.5,,,,
807,10,0.697735071182251,0.5,,,,
808,10,0.6949759721755981,0.4375,,,,
809,10,0.6931535005569458,0.5,,,,
810,10,0.6942631602287292,0.375,,,,
811,10,0.6959869265556335,0.5625,,,,
812,10,0.6929929256439209,0.4375,,,,
813,10,0.6925811767578125,0.625,,,,
814,10,0.6898399591445923,0.625,,,,
815,10,0.6912075877189636,0.375,,,,
816,10,0.7046113610267639,0.5625,,,,
817,10,0.7184731960296631,0.5,,,,
818,10,0.6951173543930054,0.625,,,,
819,10,0.6941515207290649,0.375,,,,
820,10,0.6965892314910889,0.375,,,,
821,10,0.677184522151947,0.5,,,,
822,10,0.7103429436683655,0.4375,,,,
823,10,0.6760586500167847,0.625,,,,
824,10,0.7091552019119263,0.5,,,,
825,10,0.6972657442092896,0.5625,,,,
826,10,0.6950275897979736,0.375,,,,
827,10,0.7143910527229309,0.3125,,,,
828,10,0.694240927696228,0.5,,,,
829,10,0.6905214786529541,0.625,,,,
830,10,0.7175809144973755,0.4375,,,,
831,10,0.7251517176628113,0.375,,,,
832,10,0.7106086611747742,0.375,,,,
833,10,0.7037043571472168,0.375,,,,
834,10,0.6873424053192139,0.625,,,,
835,10,0.706296980381012,0.5,,,,
836,10,0.7472932934761047,0.4375,,,,
837,10,0.6762614250183105,0.6875,,,,
838,10,0.718655526638031,0.625,,,,
839,10,0.792883038520813,0.375,,,,
840,10,0.6979451775550842,0.5625,,,,
841,10,0.6807527542114258,0.6875,,,,
842,10,0.732999324798584,0.5625,,,,
843,10,0.7209240198135376,0.4375,,,,
844,10,0.665290117263794,0.6875,,,,
845,10,0.758170485496521,0.4375,,,,
846,10,0.7046478986740112,0.5,,,,
847,10,0.8085364103317261,0.3125,,,,
848,10,0.6642617583274841,0.625,,,,
849,10,0.6911723017692566,0.8125,,,,
850,10,0.7044322490692139,0.5625,,,,
851,10,0.7046946287155151,0.4375,,,,
852,10,0.6876057386398315,0.4375,,,,
853,10,0.6946898102760315,0.625,,,,
854,10,0.6913490295410156,0.5625,,,,
855,10,0.6938717365264893,0.4375,,,,
856,10,0.6918652057647705,0.5625,,,,
857,10,0.6933619379997253,0.5714285969734192,,,,
857,10,,,0.4885304570198059,0.6932289004325867,,
858,11,0.6916314959526062,0.6875,,,,
859,11,0.6904758214950562,0.6875,,,,
860,11,0.7098757028579712,0.3125,,,,
861,11,0.6923226118087769,0.625,,,,
862,11,0.6921131610870361,0.6875,,,,
863,11,0.694320797920227,0.5,,,,
864,11,0.6769252419471741,0.625,,,,
865,11,0.6934380531311035,0.625,,,,
866,11,0.7279250621795654,0.5,,,,
867,11,0.7049418687820435,0.4375,,,,
868,11,0.6926887035369873,0.375,,,,
869,11,0.7149972915649414,0.375,,,,
870,11,0.6932437419891357,0.5,,,,
871,11,0.7032067775726318,0.4375,,,,
872,11,0.7632602453231812,0.25,,,,
873,11,0.6914961338043213,0.5625,,,,
874,11,0.6938408613204956,0.5625,,,,
875,11,0.6941044330596924,0.4375,,,,
876,11,0.6913062334060669,0.5,,,,
877,11,0.676297664642334,0.75,,,,
878,11,0.7196703553199768,0.375,,,,
879,11,0.7495111227035522,0.4375,,,,
880,11,0.7115597724914551,0.375,,,,
881,11,0.693372368812561,0.3125,,,,
882,11,0.6854395866394043,0.5,,,,
883,11,0.7714414000511169,0.3125,,,,
884,11,0.7101786136627197,0.5625,,,,
885,11,0.7229629755020142,0.5,,,,
886,11,0.6866591572761536,0.625,,,,
887,11,0.693236231803894,0.4375,,,,
888,11,0.6913843750953674,0.4375,,,,
889,11,0.7099384069442749,0.5,,,,
890,11,0.6580288410186768,0.75,,,,
891,11,0.7065356373786926,0.375,,,,
892,11,0.6871395707130432,0.6875,,,,
893,11,0.7619357109069824,0.5625,,,,
894,11,0.6938385367393494,0.4375,,,,
895,11,0.6954665780067444,0.5,,,,
896,11,0.6942851543426514,0.3125,,,,
897,11,0.6965142488479614,0.3125,,,,
898,11,0.6936113834381104,0.4375,,,,
899,11,0.6930458545684814,0.375,,,,
900,11,0.6956092715263367,0.4375,,,,
901,11,0.6965976357460022,0.5625,,,,
902,11,0.681621789932251,0.5625,,,,
903,11,0.709273099899292,0.3125,,,,
904,11,0.728159487247467,0.375,,,,
905,11,0.7004477381706238,0.4375,,,,
906,11,0.6951494216918945,0.3125,,,,
907,11,0.7100046277046204,0.5,,,,
908,11,0.671857476234436,0.5,,,,
909,11,0.7017844915390015,0.375,,,,
910,11,0.7156551480293274,0.4375,,,,
911,11,0.7502575516700745,0.375,,,,
912,11,0.6951807141304016,0.375,,,,
913,11,0.6906140446662903,0.5,,,,
914,11,0.6999009847640991,0.5,,,,
915,11,0.6754908561706543,0.6875,,,,
916,11,0.676821768283844,0.6875,,,,
917,11,0.7525160908699036,0.4375,,,,
918,11,0.6961600184440613,0.625,,,,
919,11,0.7364928722381592,0.5,,,,
920,11,0.7156468629837036,0.3125,,,,
921,11,0.681747555732727,0.4375,,,,
922,11,0.6932493448257446,0.375,,,,
923,11,0.7000449299812317,0.4375,,,,
924,11,0.7105599641799927,0.4375,,,,
925,11,0.6747881174087524,0.625,,,,
926,11,0.6921428442001343,0.4375,,,,
927,11,0.6996849775314331,0.625,,,,
928,11,0.7242922782897949,0.25,,,,
929,11,0.6870699524879456,0.625,,,,
930,11,0.6931750774383545,0.5,,,,
931,11,0.6939924955368042,0.5,,,,
932,11,0.6925195455551147,0.625,,,,
933,11,0.6921737194061279,0.6875,,,,
934,11,0.6936579942703247,0.625,,,,
935,11,0.6715608835220337,0.7142857313156128,,,,
935,11,,,0.4935483932495117,0.7018632292747498,,
936,12,0.710127055644989,0.5625,,,,
937,12,0.6870062351226807,0.4375,,,,
938,12,0.7592700719833374,0.4375,,,,
939,12,0.7348064184188843,0.4375,,,,
940,12,0.6923099756240845,0.4375,,,,
941,12,0.6993029713630676,0.375,,,,
942,12,0.6816927790641785,0.5,,,,
943,12,0.7352787256240845,0.375,,,,
944,12,0.768078088760376,0.4375,,,,
945,12,0.6759222745895386,0.5625,,,,
946,12,0.6754797101020813,0.6875,,,,
947,12,0.654158353805542,0.5625,,,,
948,12,0.7190039753913879,0.4375,,,,
949,12,0.7453929781913757,0.3125,,,,
950,12,0.6897232532501221,0.625,,,,
951,12,0.6821452975273132,0.625,,,,
952,12,0.7433207035064697,0.375,,,,
953,12,0.6754903793334961,0.625,,,,
954,12,0.7280269265174866,0.5,,,,
955,12,0.7348506450653076,0.5625,,,,
956,12,0.7081203460693359,0.375,,,,
957,12,0.6935992240905762,0.4375,,,,
958,12,0.6947859525680542,0.625,,,,
959,12,0.7090507745742798,0.375,,,,
960,12,0.6957266330718994,0.625,,,,
961,12,0.7827179431915283,0.375,,,,
962,12,0.7177619338035583,0.4375,,,,
963,12,0.6943169832229614,0.4375,,,,
964,12,0.6958919763565063,0.4375,,,,
965,12,0.738131582736969,0.4375,,,,
966,12,0.7636668086051941,0.5625,,,,
967,12,0.7054511904716492,0.625,,,,
968,12,0.7289226651191711,0.625,,,,
969,12,0.6953659057617188,0.5625,,,,
970,12,0.6962171196937561,0.375,,,,
971,12,0.6925787329673767,0.5,,,,
972,12,0.708699107170105,0.5,,,,
973,12,0.7010034918785095,0.3125,,,,
974,12,0.7396701574325562,0.375,,,,
975,12,0.6761159896850586,0.6875,,,,
976,12,0.6573950052261353,0.625,,,,
977,12,0.6927241086959839,0.5625,,,,
978,12,0.7068585157394409,0.4375,,,,
979,12,0.7223450541496277,0.4375,,,,
980,12,0.6932045817375183,0.625,,,,
981,12,0.7265133857727051,0.25,,,,
982,12,0.6730219125747681,0.6875,,,,
983,12,0.7018648386001587,0.5,,,,
984,12,0.6767100095748901,0.625,,,,
985,12,0.6952719688415527,0.4375,,,,
986,12,0.7424421310424805,0.375,,,,
987,12,0.7178031206130981,0.5,,,,
988,12,0.7069621086120605,0.3125,,,,
989,12,0.6912059187889099,0.75,,,,
990,12,0.7068688273429871,0.625,,,,
991,12,0.6867741346359253,0.5625,,,,
992,12,0.678101122379303,0.625,,,,
993,12,0.7040972709655762,0.4375,,,,
994,12,0.679621160030365,0.5625,,,,
995,12,0.6993463039398193,0.4375,,,,
996,12,0.7252426147460938,0.375,,,,
997,12,0.6860270500183105,0.6875,,,,
998,12,0.6944106817245483,0.375,,,,
999,12,0.696672260761261,0.4375,,,,
1000,12,0.7002068758010864,0.5,,,,
1001,12,0.691288411617279,0.5,,,,
1002,12,0.6913170218467712,0.5,,,,
1003,12,0.6961509585380554,0.4375,,,,
1004,12,0.7072142362594604,0.375,,,,
1005,12,0.6932038068771362,0.6875,,,,
1006,12,0.693916916847229,0.5,,,,
1007,12,0.7010212540626526,0.4375,,,,
1008,12,0.6971293687820435,0.375,,,,
1009,12,0.7127102613449097,0.375,,,,
1010,12,0.6983568072319031,0.3125,,,,
1011,12,0.6852153539657593,0.5625,,,,
1012,12,0.7186022996902466,0.375,,,,
1013,12,0.6065077781677246,0.8571428656578064,,,,
1013,12,,,0.4913978576660156,0.7336435317993164,,
1014,13,0.7515507936477661,0.5,,,,
1015,13,0.8066846132278442,0.4375,,,,
1016,13,0.801653265953064,0.5,,,,
1017,13,0.6666452884674072,0.5625,,,,
1018,13,0.6912341117858887,0.5,,,,
1019,13,0.6937206387519836,0.625,,,,
1020,13,0.6921725273132324,0.4375,,,,
1021,13,0.6343480348587036,0.5625,,,,
1022,13,0.7274010181427002,0.625,,,,
1023,13,0.7401037216186523,0.3125,,,,
1024,13,0.6813162565231323,0.625,,,,
1025,13,0.7308385372161865,0.5,,,,
1026,13,0.701913595199585,0.6875,,,,
1027,13,0.6932263374328613,0.4375,,,,
1028,13,0.6965523362159729,0.375,,,,
1029,13,0.6945545673370361,0.5,,,,
1030,13,0.7337251901626587,0.3125,,,,
1031,13,0.6769103407859802,0.6875,,,,
1032,13,0.7136062979698181,0.375,,,,
1033,13,0.7092244625091553,0.4375,,,,
1034,13,0.6769272089004517,0.6875,,,,
1035,13,0.6837764978408813,0.5625,,,,
1036,13,0.6993198394775391,0.5,,,,
1037,13,0.685154914855957,0.625,,,,
1038,13,0.6983966827392578,0.375,,,,
1039,13,0.6941757202148438,0.5625,,,,
1040,13,0.688463568687439,0.625,,,,
1041,13,0.6915227174758911,0.5,,,,
1042,13,0.6943997740745544,0.4375,,,,
1043,13,0.7012955546379089,0.3125,,,,
1044,13,0.6952279806137085,0.5,,,,
1045,13,0.6960361003875732,0.4375,,,,
1046,13,0.6922966241836548,0.4375,,,,
1047,13,0.6971196532249451,0.5,,,,
1048,13,0.6912053823471069,0.6875,,,,
1049,13,0.6968333721160889,0.4375,,,,
1050,13,0.7190704345703125,0.25,,,,
1051,13,0.6830717325210571,0.6875,,,,
1052,13,0.6956263780593872,0.4375,,,,
1053,13,0.6941061019897461,0.5,,,,
1054,13,0.6941918730735779,0.4375,,,,
1055,13,0.6848045587539673,0.5625,,,,
1056,13,0.6806180477142334,0.625,,,,
1057,13,0.7348160743713379,0.3125,,,,
1058,13,0.7470059990882874,0.4375,,,,
1059,13,0.6794171929359436,0.625,,,,
1060,13,0.6876083612442017,0.6875,,,,
1061,13,0.6916952729225159,0.3125,,,,
1062,13,0.6917142271995544,0.5625,,,,
1063,13,0.6923737525939941,0.5,,,,
1064,13,0.7023205161094666,0.3125,,,,
1065,13,0.691604733467102,0.5,,,,
1066,13,0.7028847932815552,0.5,,,,
1067,13,0.7143545746803284,0.25,,,,
1068,13,0.7042094469070435,0.5,,,,
1069,13,0.6841282844543457,0.625,,,,
1070,13,0.6939653158187866,0.625,,,,
1071,13,0.702889084815979,0.3125,,,,
1072,13,0.6752643585205078,0.5625,,,,
1073,13,0.766991913318634,0.4375,,,,
1074,13,0.7831010818481445,0.3125,,,,
1075,13,0.6875038146972656,0.5625,,,,
1076,13,0.6512760519981384,0.6875,,,,
1077,13,0.7088580131530762,0.5,,,,
1078,13,0.680848240852356,0.8125,,,,
1079,13,0.6993237733840942,0.5,,,,
1080,13,0.6934880018234253,0.625,,,,
1081,13,0.6948957443237305,0.4375,,,,
1082,13,0.6886536478996277,0.5625,,,,
1083,13,0.6911935806274414,0.5625,,,,
1084,13,0.6550540924072266,0.6875,,,,
1085,13,0.6754738688468933,0.6875,,,,
1086,13,0.6946927905082703,0.6875,,,,
1087,13,0.7612321972846985,0.6875,,,,
1088,13,0.7737399935722351,0.3125,,,,
1089,13,0.6757243871688843,0.6875,,,,
1090,13,0.7521499991416931,0.25,,,,
1091,13,0.6902398467063904,0.7142857313156128,,,,
1091,13,,,0.5086021423339844,0.7096760869026184,,
1092,14,0.686886191368103,0.6875,,,,
1093,14,0.7625529766082764,0.6875,,,,
1094,14,0.6919896006584167,0.75,,,,
1095,14,0.646292507648468,0.8125,,,,
1096,14,0.6729960441589355,0.5625,,,,
1097,14,0.7962664365768433,0.4375,,,,
1098,14,0.7614896893501282,0.5625,,,,
1099,14,0.6865774393081665,0.5,,,,
1100,14,0.7023137807846069,0.625,,,,
1101,14,0.7067684531211853,0.5625,,,,
1102,14,0.7612168788909912,0.75,,,,
1103,14,0.7428649663925171,0.5,,,,
1104,14,0.7507438659667969,0.375,,,,
1105,14,0.7055113911628723,0.375,,,,
1106,14,0.6837270259857178,0.6875,,,,
1107,14,0.6927284002304077,0.5625,,,,
1108,14,0.6960725784301758,0.5625,,,,
1109,14,0.6853144764900208,0.4375,,,,
1110,14,0.6756324768066406,0.6875,,,,
1111,14,0.742766797542572,0.5625,,,,
1112,14,0.7742115259170532,0.3125,,,,
1113,14,0.7101746797561646,0.3125,,,,
1114,14,0.6828237771987915,0.5625,,,,
1115,14,0.7379900813102722,0.4375,,,,
1116,14,0.6625109910964966,0.6875,,,,
1117,14,0.8612834215164185,0.3125,,,,
1118,14,0.7333476543426514,0.4375,,,,
1119,14,0.6620221138000488,0.6875,,,,
1120,14,0.7031596899032593,0.5,,,,
1121,14,0.710003674030304,0.4375,,,,
1122,14,0.6920382976531982,0.5625,,,,
1123,14,0.7134188413619995,0.4375,,,,
1124,14,0.6856141686439514,0.625,,,,
1125,14,0.7348484396934509,0.375,,,,
1126,14,0.6796742677688599,0.5,,,,
1127,14,0.6863365173339844,0.625,,,,
1128,14,0.709400475025177,0.375,,,,
1129,14,0.6934056878089905,0.6875,,,,
1130,14,0.6967302560806274,0.4375,,,,
1131,14,0.6997438669204712,0.4375,,,,
1132,14,0.7020813822746277,0.4375,,,,
1133,14,0.6949107646942139,0.5,,,,
1134,14,0.7064234614372253,0.5625,,,,
1135,14,0.6978787183761597,0.375,,,,
1136,14,0.6951906681060791,0.4375,,,,
1137,14,0.6917658448219299,0.5625,,,,
1138,14,0.6871254444122314,0.5625,,,,
1139,14,0.6930255889892578,0.4375,,,,
1140,14,0.6861015558242798,0.5,,,,
1141,14,0.638487696647644,0.75,,,,
1142,14,0.7095450758934021,0.4375,,,,
1143,14,0.6791126728057861,0.6875,,,,
1144,14,0.8208742141723633,0.375,,,,
1145,14,0.7584011554718018,0.5,,,,
1146,14,0.6978589296340942,0.5,,,,
1147,14,0.7104309797286987,0.5,,,,
1148,14,0.7873961329460144,0.375,,,,
1149,14,0.7133255004882812,0.4375,,,,
1150,14,0.6779605150222778,0.5625,,,,
1151,14,0.6616922616958618,0.6875,,,,
1152,14,0.6897054314613342,0.5,,,,
1153,14,0.7580530643463135,0.375,,,,
1154,14,0.6860257387161255,0.5625,,,,
1155,14,0.6933320164680481,0.5,,,,
1156,14,0.6492495536804199,0.9375,,,,
1157,14,0.7221828699111938,0.5,,,,
1158,14,0.9237914681434631,0.25,,,,
1159,14,0.7559880018234253,0.3125,,,,
1160,14,0.7255808115005493,0.4375,,,,
1161,14,0.6784075498580933,0.5,,,,
1162,14,0.6894991397857666,0.5,,,,
1163,14,0.6933239698410034,0.5,,,,
1164,14,0.6757530570030212,0.6875,,,,
1165,14,0.82401442527771,0.375,,,,
1166,14,0.693627119064331,0.5625,,,,
1167,14,0.7145159244537354,0.5625,,,,
1168,14,0.6853220462799072,0.4375,,,,
1169,14,0.6780523061752319,0.4285714328289032,,,,
1169,14,,,0.5050179362297058,0.6936790347099304,,
1170,15,0.6855249404907227,0.625,,,,
1171,15,0.685751736164093,0.6875,,,,
1172,15,0.7111550569534302,0.5,,,,
1173,15,0.699496865272522,0.5625,,,,
1174,15,0.6999884843826294,0.5,,,,
1175,15,0.6977483630180359,0.5,,,,
1176,15,0.6994536519050598,0.625,,,,
1177,15,0.7053247690200806,0.5,,,,
1178,15,0.713138997554779,0.4375,,,,
1179,15,0.6780831813812256,0.625,,,,
1180,15,0.6980894804000854,0.75,,,,
1181,15,0.7513250112533569,0.3125,,,,
1182,15,0.7042888402938843,0.5625,,,,
1183,15,0.6435004472732544,0.625,,,,
1184,15,0.7673521041870117,0.4375,,,,
1185,15,0.7290571928024292,0.6875,,,,
1186,15,0.6970751881599426,0.4375,,,,
1187,15,0.7076083421707153,0.375,,,,
1188,15,0.6867643594741821,0.5625,,,,
1189,15,0.7520017623901367,0.375,,,,
1190,15,0.726255476474762,0.5,,,,
1191,15,0.7615216970443726,0.375,,,,
1192,15,0.6887701749801636,0.625,,,,
1193,15,0.6491725444793701,0.625,,,,
1194,15,0.7166509628295898,0.4375,,,,
1195,15,0.7036083340644836,0.25,,,,
1196,15,0.6933203339576721,0.375,,,,
1197,15,0.7088522911071777,0.4375,,,,
1198,15,0.6700572967529297,0.625,,,,
1199,15,0.7289342284202576,0.375,,,,
1200,15,0.6757475733757019,0.6875,,,,
1201,15,0.727310299873352,0.5,,,,
1202,15,0.6853533983230591,0.5625,,,,
1203,15,0.7052853107452393,0.4375,,,,
1204,15,0.6921653151512146,0.6875,,,,
1205,15,0.6992877721786499,0.3125,,,,
1206,15,0.6942001581192017,0.5625,,,,
1207,15,0.7019205093383789,0.4375,,,,
1208,15,0.6932886838912964,0.4375,,,,
1209,15,0.691541314125061,0.4375,,,,
1210,15,0.7006525993347168,0.3125,,,,
1211,15,0.6696646213531494,0.6875,,,,
1212,15,0.6853641271591187,0.5,,,,
1213,15,0.7310618162155151,0.5,,,,
1214,15,0.7171348929405212,0.3125,,,,
1215,15,0.7072980403900146,0.375,,,,
1216,15,0.6913706064224243,0.5625,,,,
1217,15,0.692129373550415,0.4375,,,,
1218,15,0.6914027333259583,0.5,,,,
1219,15,0.7025368213653564,0.4375,,,,
1220,15,0.696216344833374,0.5625,,,,
1221,15,0.7820450663566589,0.375,,,,
1222,15,0.6865361332893372,0.6875,,,,
1223,15,0.6929894685745239,0.5,,,,
1224,15,0.6982333660125732,0.5,,,,
1225,15,0.7736653089523315,0.4375,,,,
1226,15,0.685594916343689,0.5625,,,,
1227,15,0.7161489129066467,0.5625,,,,
1228,15,0.7021971344947815,0.4375,,,,
1229,15,0.6935979127883911,0.625,,,,
1230,15,0.7117539644241333,0.375,,,,
1231,15,0.70212721824646,0.5625,,,,
1232,15,0.6680884957313538,0.6875,,,,
1233,15,0.69598388671875,0.5625,,,,
1234,15,0.7273404598236084,0.5625,,,,
1235,15,0.7381751537322998,0.3125,,,,
1236,15,0.6972129344940186,0.25,,,,
1237,15,0.6551176309585571,0.625,,,,
1238,15,0.7954472303390503,0.5625,,,,
1239,15,0.7302801609039307,0.5625,,,,
1240,15,0.5941348075866699,0.75,,,,
1241,15,0.8107841610908508,0.5625,,,,
1242,15,0.7890137434005737,0.5,,,,
1243,15,0.9126494526863098,0.3125,,,,
1244,15,0.6917207837104797,0.625,,,,
1245,15,0.7160080671310425,0.375,,,,
1246,15,0.7835764288902283,0.4375,,,,
1247,15,0.8487970232963562,0.2857142984867096,,,,
1247,15,,,0.49211469292640686,0.7375615239143372,,
1248,16,0.7375614643096924,0.5,,,,
1249,16,0.7159273624420166,0.5625,,,,
1250,16,0.6983786821365356,0.4375,,,,
1251,16,0.6960819959640503,0.3125,,,,
1252,16,0.7134172916412354,0.5,,,,
1253,16,0.698972225189209,0.5,,,,
1254,16,0.7058547735214233,0.5,,,,
1255,16,0.7066586017608643,0.375,,,,
1256,16,0.6905151605606079,0.5625,,,,
1257,16,0.6963868737220764,0.375,,,,
1258,16,0.6925557851791382,0.75,,,,
1259,16,0.6967668533325195,0.4375,,,,
1260,16,0.7108396291732788,0.125,,,,
1261,16,0.6972647905349731,0.375,,,,
1262,16,0.6853871941566467,0.6875,,,,
1263,16,0.7159853577613831,0.3125,,,,
1264,16,0.7391526103019714,0.4375,,,,
1265,16,0.6952529549598694,0.5,,,,
1266,16,0.700800359249115,0.1875,,,,
1267,16,0.6864662170410156,0.5,,,,
1268,16,0.6913778185844421,0.5625,,,,
1269,16,0.6912972927093506,0.625,,,,
1270,16,0.6937463283538818,0.4375,,,,
1271,16,0.6931873559951782,0.5625,,,,
1272,16,0.6993296146392822,0.25,,,,
1273,16,0.6896063089370728,0.6875,,,,
1274,16,0.7256864309310913,0.3125,,,,
1275,16,0.7112163305282593,0.375,,,,
1276,16,0.7516099810600281,0.3125,,,,
1277,16,0.6801286935806274,0.625,,,,
1278,16,0.6913557052612305,0.5625,,,,
1279,16,0.6954679489135742,0.25,,,,
1280,16,0.6972157955169678,0.375,,,,
1281,16,0.6913177967071533,0.6875,,,,
1282,16,0.7245208621025085,0.125,,,,
1283,16,0.6955220699310303,0.5625,,,,
1284,16,0.6918544173240662,0.5,,,,
1285,16,0.6923655271530151,0.75,,,,
1286,16,0.6946706175804138,0.4375,,,,
1287,16,0.691569447517395,0.5,,,,
1288,16,0.6926648020744324,0.625,,,,
1289,16,0.6936109066009521,0.5625,,,,
1290,16,0.6769273281097412,0.5625,,,,
1291,16,0.712867259979248,0.5,,,,
1292,16,0.723337709903717,0.3125,,,,
1293,16,0.6943496465682983,0.4375,,,,
1294,16,0.6873430013656616,0.625,,,,
1295,16,0.6853163242340088,0.625,,,,
1296,16,0.7310161590576172,0.5,,,,
1297,16,0.6293468475341797,0.75,,,,
1298,16,0.7214637994766235,0.5625,,,,
1299,16,0.8038202524185181,0.3125,,,,
1300,16,0.7541555166244507,0.375,,,,
1301,16,0.692833423614502,0.625,,,,
1302,16,0.6929357647895813,0.6875,,,,
1303,16,0.7164298295974731,0.375,,,,
1304,16,0.675467848777771,0.375,,,,
1305,16,0.8039288520812988,0.25,,,,
1306,16,0.7296550869941711,0.5,,,,
1307,16,0.7280259728431702,0.4375,,,,
1308,16,0.6916816830635071,0.75,,,,
1309,16,0.6964201331138611,0.6875,,,,
1310,16,0.7235642075538635,0.3125,,,,
1311,16,0.7394008040428162,0.3125,,,,
1312,16,0.7333089113235474,0.3125,,,,
1313,16,0.6917809844017029,0.375,,,,
1314,16,0.712199866771698,0.375,,,,
1315,16,0.6956785321235657,0.4375,,,,
1316,16,0.7049767971038818,0.5,,,,
1317,16,0.6913940906524658,0.5,,,,
1318,16,0.694442868232727,0.625,,,,
1319,16,0.6954325437545776,0.4375,,,,
1320,16,0.6855248212814331,0.5625,,,,
1321,16,0.68633633852005,0.4375,,,,
1322,16,0.7024856805801392,0.375,,,,
1323,16,0.6964389085769653,0.5625,,,,
1324,16,0.7083092927932739,0.5,,,,
1325,16,0.7931191921234131,0.0,,,,
1325,16,,,0.49211469292640686,0.6932928562164307,,
1326,17,0.6986280083656311,0.25,,,,
1327,17,0.7159765958786011,0.5,,,,
1328,17,0.8215517997741699,0.375,,,,
1329,17,0.7183097004890442,0.4375,,,,
1330,17,0.7473134398460388,0.5,,,,
1331,17,0.6631137132644653,0.5625,,,,
1332,17,0.6940787434577942,0.5625,,,,
1333,17,0.700385332107544,0.5,,,,
1334,17,0.6921427845954895,0.5,,,,
1335,17,0.6919170022010803,0.4375,,,,
1336,17,0.708867609500885,0.625,,,,
1337,17,0.6622140407562256,0.6875,,,,
1338,17,0.6778559684753418,0.625,,,,
1339,17,0.6979758739471436,0.625,,,,
1340,17,0.7156920433044434,0.625,,,,
1341,17,0.7240085601806641,0.625,,,,
1342,17,0.6645136475563049,0.625,,,,
1343,17,0.6776266098022461,0.5625,,,,
1344,17,0.6807583570480347,0.625,,,,
1345,17,0.6997933387756348,0.3125,,,,
1346,17,0.693653404712677,0.375,,,,
1347,17,0.691931962966919,0.625,,,,
1348,17,0.7089855670928955,0.25,,,,
1349,17,0.6860754489898682,0.625,,,,
1350,17,0.6721638441085815,0.5625,,,,
1351,17,0.6577104926109314,0.75,,,,
1352,17,0.6890918016433716,0.5,,,,
1353,17,0.7422195076942444,0.5625,,,,
1354,17,0.8307470083236694,0.3125,,,,
1355,17,0.7007588148117065,0.4375,,,,
1356,17,0.6936085224151611,0.4375,,,,
1357,17,0.692460298538208,0.625,,,,
1358,17,0.7130916714668274,0.6875,,,,
1359,17,0.7385910749435425,0.4375,,,,
1360,17,0.6914151906967163,0.625,,,,
1361,17,0.6757007241249084,0.8125,,,,
1362,17,0.6754744648933411,0.75,,,,
1363,17,0.7365576028823853,0.4375,,,,
1364,17,0.7018501162528992,0.5,,,,
1365,17,0.6953011751174927,0.375,,,,
1366,17,0.7070859670639038,0.4375,,,,
1367,17,0.6868845224380493,0.5,,,,
1368,17,0.6914140582084656,0.625,,,,
1369,17,0.7033008337020874,0.3125,,,,
1370,17,0.6912820935249329,0.5625,,,,
1371,17,0.69120192527771,0.4375,,,,
1372,17,0.6886885762214661,0.625,,,,
1373,17,0.6886980533599854,0.5625,,,,
1374,17,0.6876809597015381,0.5625,,,,
1375,17,0.681340754032135,0.6875,,,,
1376,17,0.6704474687576294,0.5625,,,,
1377,17,0.6975702047348022,0.625,,,,
1378,17,0.7148075699806213,0.5,,,,
1379,17,0.701082706451416,0.5625,,,,
1380,17,0.7307888269424438,0.5,,,,
1381,17,0.6855838298797607,0.5,,,,
1382,17,0.6865926384925842,0.75,,,,
1383,17,0.6944416761398315,0.5,,,,
1384,17,0.7048717737197876,0.5,,,,
1385,17,0.6825268268585205,0.5625,,,,
1386,17,0.6919904351234436,0.4375,,,,
1387,17,0.7167727947235107,0.4375,,,,
1388,17,0.6986497640609741,0.5625,,,,
1389,17,0.6869125366210938,0.5,,,,
1390,17,0.6998831629753113,0.375,,,,
1391,17,0.6936285495758057,0.5,,,,
1392,17,0.6985175609588623,0.3125,,,,
1393,17,0.6939389705657959,0.375,,,,
1394,17,0.6923494338989258,0.5,,,,
1395,17,0.7056778073310852,0.5,,,,
1396,17,0.6980934143066406,0.5,,,,
1397,17,0.693591296672821,0.5,,,,
1398,17,0.7005003690719604,0.5,,,,
1399,17,0.7143068313598633,0.375,,,,
1400,17,0.6949175596237183,0.5,,,,
1401,17,0.6867072582244873,0.6875,,,,
1402,17,0.6915518045425415,0.375,,,,
1403,17,0.6869606375694275,0.5714285969734192,,,,
1403,17,,,0.509319007396698,0.6966695189476013,,
1404,18,0.7071672677993774,0.5,,,,
1405,18,0.6865002512931824,0.5625,,,,
1406,18,0.6864265203475952,0.4375,,,,
1407,18,0.6860337257385254,0.625,,,,
1408,18,0.7047443389892578,0.4375,,,,
1409,18,0.7079682350158691,0.5,,,,
1410,18,0.6865823268890381,0.5625,,,,
1411,18,0.690825343132019,0.5,,,,
1412,18,0.6972734928131104,0.375,,,,
1413,18,0.6915340423583984,0.5625,,,,
1414,18,0.6951600313186646,0.375,,,,
1415,18,0.6795976758003235,0.625,,,,
1416,18,0.7303602695465088,0.3125,,,,
1417,18,0.7095754146575928,0.4375,,,,
1418,18,0.7072285413742065,0.4375,,,,
1419,18,0.6942377090454102,0.4375,,,,
1420,18,0.7119764089584351,0.4375,,,,
1421,18,0.67792809009552,0.5,,,,
1422,18,0.7470887899398804,0.5,,,,
1423,18,0.7186955213546753,0.5625,,,,
1424,18,0.7070487141609192,0.375,,,,
1425,18,0.6887916326522827,0.625,,,,
1426,18,0.7232896685600281,0.25,,,,
1427,18,0.6502528190612793,0.8125,,,,
1428,18,0.8122975826263428,0.3125,,,,
1429,18,0.7625217437744141,0.25,,,,
1430,18,0.7327951192855835,0.5,,,,
1431,18,0.6954293251037598,0.4375,,,,
1432,18,0.6663916110992432,0.625,,,,
1433,18,0.7682917714118958,0.3125,,,,
1434,18,0.7680860757827759,0.5,,,,
1435,18,0.7798615097999573,0.5,,,,
1436,18,0.6621043086051941,0.6875,,,,
1437,18,0.685513973236084,0.625,,,,
1438,18,0.691261351108551,0.5625,,,,
1439,18,0.6946714520454407,0.4375,,,,
1440,18,0.7072954177856445,0.4375,,,,
1441,18,0.710228443145752,0.4375,,,,
1442,18,0.7033971548080444,0.5625,,,,
1443,18,0.7175948619842529,0.5,,,,
1444,18,0.6958552002906799,0.625,,,,
1445,18,0.6917969584465027,0.625,,,,
1446,18,0.691872239112854,0.4375,,,,
1447,18,0.7237854599952698,0.25,,,,
1448,18,0.6892215013504028,0.625,,,,
1449,18,0.6924972534179688,0.625,,,,
1450,18,0.6903223991394043,0.6875,,,,
1451,18,0.697350025177002,0.625,,,,
1452,18,0.7023130655288696,0.5,,,,
1453,18,0.6867421865463257,0.75,,,,
1454,18,0.7023735046386719,0.3125,,,,
1455,18,0.6925472617149353,0.4375,,,,
1456,18,0.6966392993927002,0.3125,,,,
1457,18,0.6934398412704468,0.5625,,,,
1458,18,0.7042003870010376,0.4375,,,,
1459,18,0.6960766315460205,0.4375,,,,
1460,18,0.6931635737419128,0.625,,,,
1461,18,0.6834315061569214,0.8125,,,,
1462,18,0.6779448390007019,0.5625,,,,
1463,18,0.7298290729522705,0.375,,,,
1464,18,0.7259889245033264,0.5625,,,,
1465,18,0.7405033111572266,0.5,,,,
1466,18,0.6999555826187134,0.4375,,,,
1467,18,0.6776579022407532,0.625,,,,
1468,18,0.6912058591842651,0.3125,,,,
1469,18,0.6932989358901978,0.4375,,,,
1470,18,0.6974713802337646,0.5625,,,,
1471,18,0.6823213696479797,0.5,,,,
1472,18,0.6796166896820068,0.625,,,,
1473,18,0.6956416368484497,0.75,,,,
1474,18,0.6388309001922607,0.75,,,,
1475,18,0.8244398832321167,0.25,,,,
1476,18,0.7289046049118042,0.5625,,,,
1477,18,0.6853159070014954,0.4375,,,,
1478,18,0.6886135339736938,0.5625,,,,
1479,18,0.6923627257347107,0.4375,,,,
1480,18,0.6819272041320801,0.625,,,,
1481,18,0.6617282032966614,1.0,,,,
1481,18,,,0.5007168650627136,0.7212131023406982,,
1482,19,0.6914591789245605,0.625,,,,
1483,19,0.7563879489898682,0.3125,,,,
1484,19,0.7179754972457886,0.4375,,,,
1485,19,0.7731562852859497,0.4375,,,,
1486,19,0.7214462757110596,0.5,,,,
1487,19,0.6934146881103516,0.5625,,,,
1488,19,0.7044399976730347,0.5,,,,
1489,19,0.7163146734237671,0.375,,,,
1490,19,0.7316541075706482,0.375,,,,
1491,19,0.685488224029541,0.5625,,,,
1492,19,0.7197149991989136,0.375,,,,
1493,19,0.6935454607009888,0.5,,,,
1494,19,0.7162227630615234,0.375,,,,
1495,19,0.6938625574111938,0.4375,,,,
1496,19,0.6933587789535522,0.4375,,,,
1497,19,0.6935372352600098,0.375,,,,
1498,19,0.7020905017852783,0.375,,,,
1499,19,0.7216619253158569,0.375,,,,
1500,19,0.6959347128868103,0.3125,,,,
1501,19,0.6905425190925598,0.4375,,,,
1502,19,0.6858646869659424,0.5,,,,
1503,19,0.745999813079834,0.5,,,,
1504,19,0.6856629848480225,0.5625,,,,
1505,19,0.7030167579650879,0.625,,,,
1506,19,0.718821108341217,0.25,,,,
1507,19,0.6902033090591431,0.5,,,,
1508,19,0.6789178848266602,0.75,,,,
1509,19,0.666002631187439,0.625,,,,
1510,19,0.7894866466522217,0.375,,,,
1511,19,0.6228604316711426,0.8125,,,,
1512,19,0.7150964736938477,0.5625,,,,
1513,19,0.762389063835144,0.4375,,,,
1514,19,0.7028906345367432,0.6875,,,,
1515,19,0.7489153742790222,0.5,,,,
1516,19,0.7099208831787109,0.375,,,,
1517,19,0.6951004266738892,0.5625,,,,
1518,19,0.6876955628395081,0.5,,,,
1519,19,0.7385621070861816,0.4375,,,,
1520,19,0.7316670417785645,0.5,,,,
1521,19,0.7741619348526001,0.375,,,,
1522,19,0.6964971423149109,0.5,,,,
1523,19,0.7466855049133301,0.5,,,,
1524,19,0.7032575011253357,0.25,,,,
1525,19,0.6853315234184265,0.6875,,,,
1526,19,0.7974883317947388,0.375,,,,
1527,19,0.7238216400146484,0.625,,,,
1528,19,0.7042948007583618,0.5625,,,,
1529,19,0.7361129522323608,0.5,,,,
1530,19,0.7035315036773682,0.5,,,,
1531,19,0.6853163242340088,0.5625,,,,
1532,19,0.6831990480422974,0.5,,,,
1533,19,0.6928236484527588,0.5,,,,
1534,19,0.6915342807769775,0.5,,,,
1535,19,0.7001391649246216,0.5,,,,
1536,19,0.6762523651123047,0.75,,,,
1537,19,0.6985692977905273,0.4375,,,,
1538,19,0.7196829319000244,0.4375,,,,
1539,19,0.6853181719779968,0.375,,,,
1540,19,0.7130037546157837,0.375,,,,
1541,19,0.6874862313270569,0.6875,,,,
1542,19,0.6919106245040894,0.625,,,,
1543,19,0.6931629180908203,0.4375,,,,
1544,19,0.6962326765060425,0.5,,,,
1545,19,0.6866165399551392,0.625,,,,
1546,19,0.6856104731559753,0.5625,,,,
1547,19,0.6976497769355774,0.5,,,,
1548,19,0.6619722247123718,0.625,,,,
1549,19,0.6961007118225098,0.625,,,,
1550,19,0.6622813940048218,0.5,,,,
1551,19,0.8350851535797119,0.25,,,,
1552,19,0.7291851043701172,0.3125,,,,
1553,19,0.6966985464096069,0.5,,,,
1554,19,0.6942261457443237,0.375,,,,
1555,19,0.7248748540878296,0.5,,,,
1556,19,0.7405993938446045,0.5,,,,
1557,19,0.7127191424369812,0.5,,,,
1558,19,0.6661830544471741,0.625,,,,
1559,19,0.7022819519042969,0.4285714328289032,,,,
1559,19,,,0.5028674006462097,0.6974869966506958,,
1560,20,0.738276481628418,0.375,,,,
1561,20,0.698004424571991,0.5625,,,,
1562,20,0.7081981897354126,0.3125,,,,
1563,20,0.7287789583206177,0.375,,,,
1564,20,0.6962472796440125,0.5,,,,
1565,20,0.6942441463470459,0.625,,,,
1566,20,0.6720318794250488,0.6875,,,,
1567,20,0.7300436496734619,0.375,,,,
1568,20,0.7017123103141785,0.5,,,,
1569,20,0.6856743097305298,0.4375,,,,
1570,20,0.675787627696991,0.5625,,,,
1571,20,0.7425248622894287,0.375,,,,
1572,20,0.8442416191101074,0.1875,,,,
1573,20,0.8261202573776245,0.3125,,,,
1574,20,0.6770068407058716,0.5625,,,,
1575,20,0.6931309700012207,0.5,,,,
1576,20,0.6922705769538879,0.5,,,,
1577,20,0.663020133972168,0.6875,,,,
1578,20,0.7529222965240479,0.3125,,,,
1579,20,0.6827707290649414,0.625,,,,
1580,20,0.742071807384491,0.625,,,,
1581,20,0.6616086959838867,0.5625,,,,
1582,20,0.7031896114349365,0.5,,,,
1583,20,0.657341718673706,0.625,,,,
1584,20,0.6633555889129639,0.625,,,,
1585,20,0.6928356885910034,0.5625,,,,
1586,20,0.6924558281898499,0.375,,,,
1587,20,0.6979577541351318,0.3125,,,,
1588,20,0.6954761743545532,0.3125,,,,
1589,20,0.7010513544082642,0.4375,,,,
1590,20,0.6814903020858765,0.5625,,,,
1591,20,0.7057690620422363,0.625,,,,
1592,20,0.7763983011245728,0.5625,,,,
1593,20,0.7153538465499878,0.5625,,,,
1594,20,0.6758759617805481,0.5,,,,
1595,20,0.670395016670227,0.625,,,,
1596,20,0.711695671081543,0.4375,,,,
1597,20,0.6781083345413208,0.5625,,,,
1598,20,0.6943758726119995,0.5625,,,,
1599,20,0.6987074613571167,0.375,,,,
1600,20,0.693147599697113,0.5,,,,
1601,20,0.687490701675415,0.625,,,,
1602,20,0.7084140777587891,0.4375,,,,
1603,20,0.7182298898696899,0.375,,,,
1604,20,0.6912103295326233,0.625,,,,
1605,20,0.6959454417228699,0.5625,,,,
1606,20,0.6910161972045898,0.625,,,,
1607,20,0.7070866823196411,0.375,,,,
1608,20,0.6924525499343872,0.625,,,,
1609,20,0.7016879320144653,0.4375,,,,
1610,20,0.6775054335594177,0.6875,,,,
1611,20,0.7179084420204163,0.5625,,,,
1612,20,0.7088589668273926,0.5,,,,
1613,20,0.6933584213256836,0.5625,,,,
1614,20,0.6913104057312012,0.375,,,,
1615,20,0.6715651750564575,0.5625,,,,
1616,20,0.711450457572937,0.5,,,,
1617,20,0.7926502823829651,0.5,,,,
1618,20,0.6866195797920227,0.6875,,,,
1619,20,0.7001971006393433,0.4375,,,,
1620,20,0.6942133903503418,0.625,,,,
1621,20,0.6935151815414429,0.625,,,,
1622,20,0.6915279626846313,0.75,,,,
1623,20,0.702838659286499,0.6875,,,,
1624,20,0.6758459210395813,0.625,,,,
1625,20,0.6987622976303101,0.4375,,,,
1626,20,0.6989391446113586,0.6875,,,,
1627,20,0.6546822190284729,0.5625,,,,
1628,20,0.7084263563156128,0.4375,,,,
1629,20,0.6856573820114136,0.5,,,,
1630,20,0.7011656761169434,0.4375,,,,
1631,20,0.6965444684028625,0.3125,,,,
1632,20,0.6971129179000854,0.5,,,,
1633,20,0.6913233995437622,0.5625,,,,
1634,20,0.6999274492263794,0.4375,,,,
1635,20,0.7058777809143066,0.625,,,,
1636,20,0.7078225612640381,0.3125,,,,
1637,20,0.6829513907432556,0.5714285969734192,,,,
1637,20,,,0.509319007396698,0.702233612537384,,
1638,21,0.6769189834594727,0.5625,,,,
1639,21,0.7092673778533936,0.375,,,,
1640,21,0.7081538438796997,0.375,,,,
1641,21,0.6869757175445557,0.5,,,,
1642,21,0.6940964460372925,0.375,,,,
1643,21,0.693010687828064,0.5625,,,,
1644,21,0.6968719363212585,0.1875,,,,
1645,21,0.6934123039245605,0.4375,,,,
1646,21,0.6922949552536011,0.5,,,,
1647,21,0.6943495273590088,0.375,,,,
1648,21,0.6931573152542114,0.375,,,,
1649,21,0.6913039684295654,0.5625,,,,
1650,21,0.6874439120292664,0.5625,,,,
1651,21,0.6853389739990234,0.625,,,,
1652,21,0.7295076847076416,0.375,,,,
1653,21,0.7075278759002686,0.5625,,,,
1654,21,0.6593855619430542,0.4375,,,,
1655,21,0.7206035852432251,0.625,,,,
1656,21,0.7099308371543884,0.3125,,,,
1657,21,0.6909400224685669,0.625,,,,
1658,21,0.6977505683898926,0.5625,,,,
1659,21,0.6912492513656616,0.4375,,,,
1660,21,0.6912297010421753,0.5,,,,
1661,21,0.6860501170158386,0.5625,,,,
1662,21,0.6989607214927673,0.375,,,,
1663,21,0.712499737739563,0.4375,,,,
1664,21,0.6869543194770813,0.625,,,,
1665,21,0.691407322883606,0.5,,,,
1666,21,0.6920219659805298,0.5,,,,
1667,21,0.6925290822982788,0.5625,,,,
1668,21,0.693196177482605,0.5,,,,
1669,21,0.6931741833686829,0.5625,,,,
1670,21,0.6922110915184021,0.6875,,,,
1671,21,0.6994990110397339,0.5,,,,
1672,21,0.6943806409835815,0.5625,,,,
1673,21,0.7000889778137207,0.5,,,,
1674,21,0.6959341764450073,0.3125,,,,
1675,21,0.700646698474884,0.4375,,,,
1676,21,0.7009869813919067,0.4375,,,,
1677,21,0.686441957950592,0.5625,,,,
1678,21,0.6968812942504883,0.5,,,,
1679,21,0.6962792277336121,0.75,,,,
1680,21,0.6838430166244507,0.625,,,,
1681,21,0.6990665793418884,0.4375,,,,
1682,21,0.6913497447967529,0.75,,,,
1683,21,0.6956192255020142,0.5,,,,
1684,21,0.6935534477233887,0.4375,,,,
1685,21,0.6997393369674683,0.5,,,,
1686,21,0.7057613134384155,0.3125,,,,
1687,21,0.6986710429191589,0.5,,,,
1688,21,0.7033196687698364,0.375,,,,
1689,21,0.7000012397766113,0.375,,,,
1690,21,0.6919374465942383,0.5,,,,
1691,21,0.6912200450897217,0.75,,,,
1692,21,0.6898950338363647,0.625,,,,
1693,21,0.6951462626457214,0.5625,,,,
1694,21,0.7017151713371277,0.5625,,,,
1695,21,0.7052534818649292,0.4375,,,,
1696,21,0.7017918825149536,0.3125,,,,
1697,21,0.6877890825271606,0.5625,,,,
1698,21,0.7402357459068298,0.5625,,,,
1699,21,0.6362897157669067,0.875,,,,
1700,21,0.6895661354064941,0.625,,,,
1701,21,0.7420638799667358,0.5625,,,,
1702,21,0.6913715600967407,0.375,,,,
1703,21,0.7505089044570923,0.375,,,,
1704,21,0.6732654571533203,0.625,,,,
1705,21,0.6981101036071777,0.3125,,,,
1706,21,0.7040195465087891,0.4375,,,,
1707,21,0.6914793252944946,0.5625,,,,
1708,21,0.7211276292800903,0.4375,,,,
1709,21,0.6968963146209717,0.4375,,,,
1710,21,0.6971349120140076,0.625,,,,
1711,21,0.6899075508117676,0.5625,,,,
1712,21,0.7006412744522095,0.5625,,,,
1713,21,0.7774108648300171,0.3125,,,,
1714,21,0.7221634387969971,0.375,,,,
1715,21,0.7013595104217529,0.5714285969734192,,,,
1715,21,,,0.5,0.6945714950561523,,
1716,22,0.6945714950561523,0.5625,,,,
1717,22,0.6875613927841187,0.625,,,,
1718,22,0.7183972597122192,0.4375,,,,
1719,22,0.7565311193466187,0.4375,,,,
1720,22,0.7349352836608887,0.4375,,,,
1721,22,0.6867364048957825,0.5,,,,
1722,22,0.6931575536727905,0.6875,,,,
1723,22,0.698331356048584,0.4375,,,,
1724,22,0.7144851684570312,0.5,,,,
1725,22,0.7004822492599487,0.375,,,,
1726,22,0.7001125812530518,0.3125,,,,
1727,22,0.6889050006866455,0.5,,,,
1728,22,0.7159257531166077,0.375,,,,
1729,22,0.6952393054962158,0.5625,,,,
1730,22,0.7066653966903687,0.375,,,,
1731,22,0.7406030893325806,0.4375,,,,
1732,22,0.695033073425293,0.3125,,,,
1733,22,0.6836559772491455,0.6875,,,,
1734,22,0.6964981555938721,0.5,,,,
1735,22,0.7131370306015015,0.5625,,,,
1736,22,0.7274503707885742,0.6875,,,,
1737,22,0.7946859002113342,0.5,,,,
1738,22,0.7814972400665283,0.4375,,,,
1739,22,0.7179093956947327,0.625,,,,
1740,22,0.6967775821685791,0.625,,,,
1741,22,0.6641911268234253,0.5625,,,,
1742,22,0.603825569152832,0.75,,,,
1743,22,0.767811119556427,0.625,,,,
1744,22,0.7279402017593384,0.625,,,,
1745,22,0.9653114080429077,0.375,,,,
1746,22,0.7251618504524231,0.3125,,,,
1747,22,0.7102183103561401,0.375,,,,
1748,22,0.6968180537223816,0.5625,,,,
1749,22,0.6914552450180054,0.625,,,,
1750,22,0.7649198770523071,0.375,,,,
1751,22,0.6810473203659058,0.5,,,,
1752,22,0.7277004718780518,0.5625,,,,
1753,22,0.7248848080635071,0.5625,,,,
1754,22,0.7126768827438354,0.625,,,,
1755,22,0.6048183441162109,0.8125,,,,
1756,22,0.7090110778808594,0.625,,,,
1757,22,0.7288691401481628,0.3125,,,,
1758,22,0.7089525461196899,0.375,,,,
1759,22,0.6427769660949707,0.8125,,,,
1760,22,0.7208176851272583,0.5625,,,,
1761,22,0.7086012363433838,0.375,,,,
1762,22,0.7341703772544861,0.5625,,,,
1763,22,0.7073225975036621,0.625,,,,
1764,22,0.8411480784416199,0.5625,,,,
1765,22,0.9608883857727051,0.1875,,,,
1766,22,0.7580636739730835,0.4375,,,,
1767,22,0.6948643922805786,0.5625,,,,
1768,22,0.7184454202651978,0.5,,,,
1769,22,0.742825448513031,0.75,,,,
1770,22,0.8166835904121399,0.5,,,,
1771,22,0.8238120675086975,0.4375,,,,
1772,22,0.8269771337509155,0.5,,,,
1773,22,0.741807758808136,0.5,,,,
1774,22,0.6627326011657715,0.625,,,,
1775,22,0.7072340250015259,0.25,,,,
1776,22,0.6941109895706177,0.5,,,,
1777,22,0.6996232271194458,0.5,,,,
1778,22,0.8274494409561157,0.5,,,,
1779,22,0.8887863159179688,0.375,,,,
1780,22,0.7260658144950867,0.6875,,,,
1781,22,0.7003949284553528,0.5,,,,
1782,22,0.6984894275665283,0.375,,,,
1783,22,0.6971021890640259,0.5625,,,,
1784,22,0.765963077545166,0.25,,,,
1785,22,0.7058506011962891,0.4375,,,,
1786,22,0.7344216108322144,0.5625,,,,
1787,22,0.6191179156303406,0.6875,,,,
1788,22,0.7107727527618408,0.4375,,,,
1789,22,0.6757904887199402,0.6875,,,,
1790,22,0.6672683954238892,0.625,,,,
1791,22,0.7040315866470337,0.4375,,,,
1792,22,0.700877845287323,0.4375,,,,
1793,22,0.6965427398681641,0.4285714328289032,,,,
1793,22,,,0.5114695429801941,0.6936149597167969,,
1794,23,0.7050870656967163,0.4375,,,,
1795,23,0.6808207035064697,0.5625,,,,
1796,23,0.688506007194519,0.5625,,,,
1797,23,0.6436867713928223,0.6875,,,,
1798,23,0.6946392059326172,0.5625,,,,
1799,23,0.8427269458770752,0.4375,,,,
1800,23,0.7687570452690125,0.4375,,,,
1801,23,0.7877700328826904,0.3125,,,,
1802,23,0.678362250328064,0.5,,,,
1803,23,0.6916577816009521,0.4375,,,,
1804,23,0.7384992837905884,0.25,,,,
1805,23,0.733543872833252,0.5,,,,
1806,23,0.6764978766441345,0.6875,,,,
1807,23,0.6764386892318726,0.5625,,,,
1808,23,0.6619628667831421,0.6875,,,,
1809,23,0.7597306966781616,0.375,,,,
1810,23,0.7235143780708313,0.4375,,,,
1811,23,0.6939547061920166,0.5,,,,
1812,23,0.6995583176612854,0.3125,,,,
1813,23,0.7030950784683228,0.5625,,,,
1814,23,0.6639491319656372,0.5,,,,
1815,23,0.7645015716552734,0.375,,,,
1816,23,0.6756454706192017,0.625,,,,
1817,23,0.698340654373169,0.5,,,,
1818,23,0.7375372648239136,0.375,,,,
1819,23,0.6916074156761169,0.4375,,,,
1820,23,0.6877020001411438,0.5625,,,,
1821,23,0.6855787038803101,0.5,,,,
1822,23,0.7190190553665161,0.6875,,,,
1823,23,0.7106882929801941,0.5625,,,,
1824,23,0.7101442217826843,0.625,,,,
1825,23,0.7040324211120605,0.5625,,,,
1826,23,0.6653958559036255,0.6875,,,,
1827,23,0.7092475891113281,0.625,,,,
1828,23,0.691193699836731,0.5,,,,
1829,23,0.6933437585830688,0.375,,,,
1830,23,0.6958602070808411,0.5625,,,,
1831,23,0.7094902992248535,0.5625,,,,
1832,23,0.7220363020896912,0.5625,,,,
1833,23,0.6853657960891724,0.625,,,,
1834,23,0.7027488946914673,0.5,,,,
1835,23,0.6889191269874573,0.6875,,,,
1836,23,0.693202018737793,0.4375,,,,
1837,23,0.6933127641677856,0.4375,,,,
1838,23,0.6863135099411011,0.4375,,,,
1839,23,0.7184916734695435,0.4375,,,,
1840,23,0.699955940246582,0.5625,,,,
1841,23,0.6876055002212524,0.5625,,,,
1842,23,0.6918932199478149,0.5,,,,
1843,23,0.6997082233428955,0.4375,,,,
1844,23,0.6975573301315308,0.25,,,,
1845,23,0.6827722787857056,0.75,,,,
1846,23,0.7151696681976318,0.4375,,,,
1847,23,0.7116537094116211,0.5,,,,
1848,23,0.6959366798400879,0.5,,,,
1849,23,0.704755425453186,0.375,,,,
1850,23,0.6911963224411011,0.625,,,,
1851,23,0.7402690649032593,0.3125,,,,
1852,23,0.6954998970031738,0.6875,,,,
1853,23,0.7134993076324463,0.5,,,,
1854,23,0.7121589779853821,0.5,,,,
1855,23,0.7008331418037415,0.25,,,,
1856,23,0.7302697896957397,0.1875,,,,
1857,23,0.6997500061988831,0.5,,,,
1858,23,0.7151612043380737,0.5625,,,,
1859,23,0.6964620351791382,0.5,,,,
1860,23,0.6874291896820068,0.5,,,,
1861,23,0.697447657585144,0.5,,,,
1862,23,0.6858454942703247,0.625,,,,
1863,23,0.7084560394287109,0.375,,,,
1864,23,0.6656192541122437,0.5625,,,,
1865,23,0.7826844453811646,0.4375,,,,
1866,23,0.7288044691085815,0.625,,,,
1867,23,0.7014197111129761,0.4375,,,,
1868,23,0.6949808597564697,0.3125,,,,
1869,23,0.6985704898834229,0.5,,,,
1870,23,0.7155059576034546,0.5,,,,
1871,23,0.7557773590087891,0.2857142984867096,,,,
1871,23,,,0.49426522850990295,0.6983119249343872,,
1872,24,0.717384934425354,0.4375,,,,
1873,24,0.6931827664375305,0.4375,,,,
1874,24,0.6987751722335815,0.5625,,,,
1875,24,0.6975693702697754,0.5625,,,,
1876,24,0.7171430587768555,0.625,,,,
1877,24,0.7315616011619568,0.375,,,,
1878,24,0.7196445465087891,0.5625,,,,
1879,24,0.697598934173584,0.5625,,,,
1880,24,0.6928747892379761,0.5625,,,,
1881,24,0.6828869581222534,0.5625,,,,
1882,24,0.7139879465103149,0.5625,,,,
1883,24,0.6993436217308044,0.4375,,,,
1884,24,0.7268857955932617,0.4375,,,,
1885,24,0.6540345549583435,0.75,,,,
1886,24,0.7489771246910095,0.375,,,,
1887,24,0.7087936401367188,0.5625,,,,
1888,24,0.6915266513824463,0.625,,,,
1889,24,0.7252076864242554,0.4375,,,,
1890,24,0.7636852264404297,0.25,,,,
1891,24,0.6597537994384766,0.8125,,,,
1892,24,0.677129328250885,0.5,,,,
1893,24,0.6938718557357788,0.5625,,,,
1894,24,0.7253153324127197,0.3125,,,,
1895,24,0.6870249509811401,0.5625,,,,
1896,24,0.6865925788879395,0.6875,,,,
1897,24,0.6994305849075317,0.625,,,,
1898,24,0.6936091184616089,0.375,,,,
1899,24,0.7080798149108887,0.375,,,,
1900,24,0.6968615651130676,0.625,,,,
1901,24,0.7025711536407471,0.4375,,,,
1902,24,0.7153727412223816,0.25,,,,
1903,24,0.6933799386024475,0.375,,,,
1904,24,0.7096096277236938,0.4375,,,,
1905,24,0.7008241415023804,0.375,,,,
1906,24,0.693365216255188,0.5,,,,
1907,24,0.6929284334182739,0.375,,,,
1908,24,0.6855183839797974,0.625,,,,
1909,24,0.6799346208572388,0.625,,,,
1910,24,0.7168650031089783,0.5,,,,
1911,24,0.691214919090271,0.5,,,,
1912,24,0.693299412727356,0.4375,,,,
1913,24,0.6908259987831116,0.625,,,,
1914,24,0.695746898651123,0.625,,,,
1915,24,0.6988083124160767,0.375,,,,
1916,24,0.7151284217834473,0.4375,,,,
1917,24,0.6859917640686035,0.625,,,,
1918,24,0.691204309463501,0.5,,,,
1919,24,0.6794406175613403,0.5625,,,,
1920,24,0.6771649122238159,0.625,,,,
1921,24,0.7260806560516357,0.375,,,,
1922,24,0.7166553735733032,0.5625,,,,
1923,24,0.6961677074432373,0.5625,,,,
1924,24,0.6947230696678162,0.5625,,,,
1925,24,0.6940990686416626,0.4375,,,,
1926,24,0.6976318359375,0.5625,,,,
1927,24,0.7631261944770813,0.25,,,,
1928,24,0.6886369585990906,0.875,,,,
1929,24,0.696071445941925,0.5,,,,
1930,24,0.6895699501037598,0.5625,,,,
1931,24,0.7033852934837341,0.3125,,,,
1932,24,0.695013165473938,0.5625,,,,
1933,24,0.6913127899169922,0.4375,,,,
1934,24,0.6845625638961792,0.5,,,,
1935,24,0.6830861568450928,0.625,,,,
1936,24,0.7062480449676514,0.5,,,,
1937,24,0.7390343546867371,0.4375,,,,
1938,24,0.6912020444869995,0.5625,,,,
1939,24,0.6932061910629272,0.375,,,,
1940,24,0.6989003419876099,0.4375,,,,
1941,24,0.7340181469917297,0.3125,,,,
1942,24,0.6854907274246216,0.625,,,,
1943,24,0.6951088905334473,0.5625,,,,
1944,24,0.6936709880828857,0.5625,,,,
1945,24,0.6852969527244568,0.6875,,,,
1946,24,0.7204331159591675,0.3125,,,,
1947,24,0.6858577132225037,0.4375,,,,
1948,24,0.6979806423187256,0.375,,,,
1949,24,0.7465013265609741,0.2857142984867096,,,,
1949,24,,,0.49426522850990295,0.6938285827636719,,
1950,25,,,,,0.5,0.6938285827636719
