step,epoch,train_loss,val_loss
0,0,0.46420031785964966,
1,0,0.28346118330955505,
2,0,0.20189908146858215,
3,0,0.1283765435218811,
4,0,0.09611130505800247,
5,0,0.07961402833461761,
6,0,0.08757693320512772,
7,0,0.07500875741243362,
8,0,0.06508218497037888,
9,0,0.06877876818180084,
10,0,0.06025024503469467,
11,0,0.07060548663139343,
12,0,0.07252679020166397,
13,0,0.058882616460323334,
14,0,0.06091180071234703,
15,0,0.05267403647303581,
16,0,0.06254556775093079,
17,0,0.05312402546405792,
18,0,0.056863535195589066,
19,0,0.06813237816095352,
20,0,0.06188103184103966,
21,0,0.04941140487790108,
22,0,0.05397814139723778,
23,0,0.051900267601013184,
24,0,0.046048883348703384,
25,0,0.059442147612571716,
26,0,0.058300431817770004,
27,0,0.05059884488582611,
28,0,0.044696830213069916,
29,0,0.060059837996959686,
30,0,0.050010647624731064,
31,0,0.046125032007694244,
32,0,0.05667414888739586,
33,0,0.046259213238954544,
34,0,0.04491884633898735,
35,0,0.059751324355602264,
36,0,0.03711710870265961,
37,0,0.057437196373939514,
38,0,0.04769881069660187,
39,0,0.05047953128814697,
40,0,0.05034687742590904,
41,0,0.049069277942180634,
42,0,0.05024931952357292,
43,0,0.04364031180739403,
44,0,0.055448535829782486,
45,0,0.043636754155159,
46,0,0.047467488795518875,
47,0,0.03125032037496567,
48,0,0.03917593136429787,
49,0,0.03972480073571205,
50,0,0.03508022055029869,
51,0,0.03540698066353798,
52,0,0.03904803469777107,
53,0,0.040669266134500504,
54,0,0.03641994297504425,
55,0,0.04150865972042084,
56,0,0.037287164479494095,
57,0,0.06182921677827835,
58,0,0.04386423900723457,
59,0,0.036277689039707184,
60,0,0.045140188187360764,
61,0,0.05824239179491997,
62,0,0.04491814225912094,
63,0,0.03942326456308365,
64,0,0.057618096470832825,
65,0,0.04684434458613396,
66,0,0.04073191061615944,
67,0,0.0399828664958477,
68,0,0.05576150491833687,
69,0,0.04067416116595268,
70,0,0.03509428724646568,
71,0,0.051622938364744186,
72,0,0.041940491646528244,
73,0,0.03647100552916527,
74,0,0.034257739782333374,
75,0,0.03510546684265137,
76,0,0.03559388592839241,
77,0,0.035697903484106064,
78,0,0.04141411930322647,
79,0,0.04934137314558029,
80,0,0.03856724128127098,
81,0,0.042746469378471375,
82,0,0.04212292656302452,
83,0,0.04774891957640648,
84,0,0.034061189740896225,
85,0,0.04500197991728783,
86,0,0.03689391911029816,
87,0,0.037058137357234955,
88,0,0.040972910821437836,
89,0,0.03324466198682785,
90,0,0.0384715311229229,
91,0,0.05867256969213486,
92,0,0.044976480305194855,
93,0,0.03591400384902954,
94,0,0.03699907660484314,
95,0,0.036780621856451035,
96,0,0.055896878242492676,
97,0,0.03415321558713913,
98,0,0.03962881863117218,
99,0,0.03297138214111328,
100,0,0.04863527789711952,
101,0,0.03574632108211517,
102,0,0.029762815684080124,
103,0,0.04447019845247269,
104,0,0.03462817147374153,
105,0,0.04688633978366852,
106,0,0.03143540397286415,
107,0,0.06025628373026848,
108,0,0.02974856272339821,
109,0,0.03385576978325844,
110,0,0.037827394902706146,
111,0,0.03666869178414345,
112,0,0.03626880794763565,
113,0,0.062141574919223785,
114,0,0.0386042483150959,
115,0,0.03246286138892174,
116,0,0.027409566566348076,
117,0,0.03651002421975136,
118,0,0.031077014282345772,
119,0,0.03393757715821266,
120,0,0.04161999374628067,
121,0,0.02980760484933853,
122,0,0.0353737436234951,
123,0,0.03661790117621422,
124,0,0.03096388280391693,
125,0,0.03990332409739494,
126,0,0.03693806380033493,
127,0,0.03639949485659599,
128,0,0.05281271040439606,
129,0,0.03992510214447975,
130,0,0.03183368965983391,
131,0,0.0387432835996151,
132,0,0.060875337570905685,
133,0,0.030806785449385643,
134,0,0.03359168395400047,
135,0,0.03322417289018631,
136,0,0.03467148542404175,
137,0,0.043684788048267365,
138,0,0.02703240141272545,
139,0,0.039327822625637054,
140,0,0.03379291668534279,
141,0,0.03742807358503342,
142,0,0.036366064101457596,
143,0,0.04411079362034798,
144,0,0.07345505803823471,
145,0,0.03805455565452576,
146,0,0.031647875905036926,
147,0,0.034379828721284866,
148,0,0.04122261330485344,
149,0,0.04233357682824135,
150,0,0.03815964236855507,
151,0,0.045838817954063416,
152,0,0.03763486072421074,
153,0,0.031238218769431114,
154,0,0.04883680120110512,
155,0,0.03858437016606331,
156,0,0.033250339329242706,
157,0,0.03143724054098129,
158,0,0.036742955446243286,
159,0,0.037593673914670944,
160,0,0.05214683338999748,
161,0,0.03275178745388985,
162,0,0.03300061449408531,
163,0,0.036859799176454544,
164,0,0.030583277344703674,
165,0,0.04366029426455498,
166,0,0.036820948123931885,
167,0,0.03261755779385567,
168,0,0.03886856138706207,
169,0,0.03278394043445587,
170,0,0.03465484082698822,
171,0,0.02284788340330124,
172,0,0.041052211076021194,
173,0,0.03770682215690613,
174,0,0.035776808857917786,
175,0,0.030586201697587967,
176,0,0.02995634451508522,
177,0,0.049084149301052094,
178,0,0.044045910239219666,
179,0,0.036585334688425064,
180,0,0.028590500354766846,
181,0,0.031342390924692154,
182,0,0.03191236034035683,
183,0,0.06829726696014404,
184,0,0.027201775461435318,
185,0,0.04031488671898842,
186,0,0.034607794135808945,
187,0,0.04007802531123161,
188,0,0.052398040890693665,
189,0,0.04839058965444565,
190,0,0.028755750507116318,
191,0,0.04659944400191307,
192,0,0.030028944835066795,
193,0,0.03900137171149254,
194,0,0.02562141790986061,
195,0,0.028210144490003586,
196,0,0.03864891454577446,
197,0,0.041940703988075256,
198,0,0.02570928819477558,
199,0,0.0366302952170372,
200,0,0.03341405466198921,
201,0,0.0304236002266407,
202,0,0.025518203154206276,
203,0,0.026833636686205864,
204,0,0.03341458737850189,
205,0,0.03131307661533356,
206,0,0.03705397993326187,
207,0,0.024842409417033195,
208,0,0.04518347606062889,
209,0,0.029285116121172905,
210,0,0.024243317544460297,
211,0,0.02891536056995392,
212,0,0.028427358716726303,
213,0,0.025215687230229378,
214,0,0.04001317173242569,
215,0,0.034205395728349686,
216,0,0.0458344966173172,
217,0,0.03035624884068966,
218,0,0.03547694534063339,
219,0,0.036384738981723785,
220,0,0.035626936703920364,
221,0,0.031253743916749954,
222,0,0.03150123730301857,
223,0,0.028035523369908333,
224,0,0.03796819970011711,
225,0,0.03915618732571602,
226,0,0.03802269324660301,
227,0,0.02750908024609089,
228,0,0.02654806710779667,
229,0,0.022413115948438644,
230,0,0.023907063528895378,
231,0,0.026557445526123047,
232,0,0.023008553311228752,
233,0,0.030645117163658142,
234,0,0.03450410068035126,
235,0,0.03551176190376282,
235,0,,0.027300454676151276
236,1,0.027639156207442284,
237,1,0.03390839695930481,
238,1,0.031603265553712845,
239,1,0.02226395346224308,
240,1,0.03134867921471596,
241,1,0.03651978075504303,
242,1,0.030299736186861992,
243,1,0.025911161676049232,
244,1,0.02798314206302166,
245,1,0.0432160347700119,
246,1,0.03222820162773132,
247,1,0.03402101993560791,
248,1,0.03050469234585762,
249,1,0.03578879311680794,
250,1,0.03595559298992157,
251,1,0.02720388025045395,
252,1,0.023395217955112457,
253,1,0.025063293054699898,
254,1,0.02980136126279831,
255,1,0.03045649826526642,
256,1,0.03123549558222294,
257,1,0.04136304184794426,
258,1,0.030699890106916428,
259,1,0.024555090814828873,
260,1,0.026788074523210526,
261,1,0.02334572747349739,
262,1,0.03485444560647011,
263,1,0.028314964845776558,
264,1,0.021546030417084694,
265,1,0.03452262282371521,
266,1,0.03654831647872925,
267,1,0.02626504749059677,
268,1,0.028760844841599464,
269,1,0.029560349881649017,
270,1,0.02844880148768425,
271,1,0.028443042188882828,
272,1,0.03125547990202904,
273,1,0.019867192953824997,
274,1,0.030376218259334564,
275,1,0.04568425193428993,
276,1,0.022188201546669006,
277,1,0.027614550665020943,
278,1,0.025284970179200172,
279,1,0.03015737608075142,
280,1,0.022795751690864563,
281,1,0.028152495622634888,
282,1,0.039091240614652634,
283,1,0.022203348577022552,
284,1,0.028448643162846565,
285,1,0.05130081623792648,
286,1,0.028954876586794853,
287,1,0.030871229246258736,
288,1,0.022693097591400146,
289,1,0.027902428060770035,
290,1,0.02751782163977623,
291,1,0.025463594123721123,
292,1,0.035607486963272095,
293,1,0.020396482199430466,
294,1,0.02769814245402813,
295,1,0.02208874374628067,
296,1,0.02982906438410282,
297,1,0.037085894495248795,
298,1,0.02471599541604519,
299,1,0.02927449345588684,
300,1,0.027172762900590897,
301,1,0.026430124416947365,
302,1,0.03184349462389946,
303,1,0.030694954097270966,
304,1,0.023874256759881973,
305,1,0.028048865497112274,
306,1,0.025548119097948074,
307,1,0.02740582637488842,
308,1,0.02309921197593212,
309,1,0.022394143044948578,
310,1,0.029639767482876778,
311,1,0.02587265335023403,
312,1,0.03873733431100845,
313,1,0.032007500529289246,
314,1,0.024164889007806778,
315,1,0.026487601920962334,
316,1,0.03187642991542816,
317,1,0.031117673963308334,
318,1,0.021395893767476082,
319,1,0.023485301062464714,
320,1,0.026002241298556328,
321,1,0.022788869217038155,
322,1,0.026560453698039055,
323,1,0.026757709681987762,
324,1,0.02756499871611595,
325,1,0.023931091651320457,
326,1,0.024310434237122536,
327,1,0.02609751559793949,
328,1,0.03172600641846657,
329,1,0.026851871982216835,
330,1,0.021770739927887917,
331,1,0.03462912142276764,
332,1,0.04593658819794655,
333,1,0.031571272760629654,
334,1,0.03435943275690079,
335,1,0.02542831376194954,
336,1,0.029185859486460686,
337,1,0.027814531698822975,
338,1,0.02617495507001877,
339,1,0.02473961003124714,
340,1,0.04259851947426796,
341,1,0.02484568953514099,
342,1,0.027801722288131714,
343,1,0.02386634051799774,
344,1,0.02437763288617134,
345,1,0.028916064649820328,
346,1,0.02757035382091999,
347,1,0.02426690235733986,
348,1,0.03507024422287941,
349,1,0.03519779443740845,
350,1,0.022362299263477325,
351,1,0.020869320258498192,
352,1,0.029078112915158272,
353,1,0.02975740097463131,
354,1,0.02755109965801239,
355,1,0.024480627849698067,
356,1,0.025776103138923645,
357,1,0.020749496296048164,
358,1,0.02184314839541912,
359,1,0.03586830571293831,
360,1,0.017890214920043945,
361,1,0.030092665925621986,
362,1,0.024355413392186165,
363,1,0.023584434762597084,
364,1,0.0180633794516325,
365,1,0.02694038301706314,
366,1,0.028224684298038483,
367,1,0.02886083535850048,
368,1,0.026483632624149323,
369,1,0.023157641291618347,
370,1,0.020614171400666237,
371,1,0.025840917602181435,
372,1,0.025400200858712196,
373,1,0.021757593378424644,
374,1,0.02536020427942276,
375,1,0.025014635175466537,
376,1,0.02206561341881752,
377,1,0.02541244775056839,
378,1,0.024916399270296097,
379,1,0.031962014734745026,
380,1,0.023971645161509514,
381,1,0.027691572904586792,
382,1,0.024584775790572166,
383,1,0.04486262425780296,
384,1,0.027257071807980537,
385,1,0.028129851445555687,
386,1,0.022734075784683228,
387,1,0.025394409894943237,
388,1,0.024127095937728882,
389,1,0.020129920914769173,
390,1,0.0235391017049551,
391,1,0.02206621691584587,
392,1,0.024608731269836426,
393,1,0.022374048829078674,
394,1,0.016618069261312485,
395,1,0.03361555561423302,
396,1,0.02917286939918995,
397,1,0.02503049559891224,
398,1,0.02897922322154045,
399,1,0.03957470506429672,
400,1,0.02422117441892624,
401,1,0.04464489594101906,
402,1,0.03437291830778122,
403,1,0.01646507903933525,
404,1,0.038849882781505585,
405,1,0.027170980349183083,
406,1,0.030259303748607635,
407,1,0.029534580186009407,
408,1,0.024117907509207726,
409,1,0.030090024694800377,
410,1,0.02042258530855179,
411,1,0.04742482677102089,
412,1,0.043244194239377975,
413,1,0.03101995214819908,
414,1,0.02322472259402275,
415,1,0.022739293053746223,
416,1,0.023127956315875053,
417,1,0.036104053258895874,
418,1,0.06673554331064224,
419,1,0.023967061191797256,
420,1,0.026187481358647346,
421,1,0.023773377761244774,
422,1,0.02822118252515793,
423,1,0.02095380239188671,
424,1,0.04290514439344406,
425,1,0.024809449911117554,
426,1,0.024887867271900177,
427,1,0.026771442964673042,
428,1,0.02381078712642193,
429,1,0.01966177299618721,
430,1,0.02149447612464428,
431,1,0.038757529109716415,
432,1,0.02172590233385563,
433,1,0.026186369359493256,
434,1,0.020328758284449577,
435,1,0.02987067960202694,
436,1,0.026694316416978836,
437,1,0.022890135645866394,
438,1,0.035301633179187775,
439,1,0.031065411865711212,
440,1,0.033265069127082825,
441,1,0.020138947293162346,
442,1,0.04317222535610199,
443,1,0.019380265846848488,
444,1,0.02531285770237446,
445,1,0.025583863258361816,
446,1,0.02447206899523735,
447,1,0.02138269692659378,
448,1,0.023996148258447647,
449,1,0.01914501003921032,
450,1,0.03454231470823288,
451,1,0.01891086995601654,
452,1,0.014936928637325764,
453,1,0.019061129540205002,
454,1,0.023644056171178818,
455,1,0.02801063284277916,
456,1,0.025445984676480293,
457,1,0.021706731989979744,
458,1,0.02304523065686226,
459,1,0.021108325570821762,
460,1,0.026075879111886024,
461,1,0.021006811410188675,
462,1,0.022296153008937836,
463,1,0.017430217936635017,
464,1,0.03953491896390915,
465,1,0.04427153989672661,
466,1,0.039036329835653305,
467,1,0.02159765735268593,
468,1,0.02154248207807541,
469,1,0.023800821974873543,
470,1,0.02668950706720352,
471,1,0.03231365233659744,
471,1,,0.022559748962521553
472,2,0.02466931939125061,
473,2,0.022612053900957108,
474,2,0.01826627179980278,
475,2,0.025202518329024315,
476,2,0.021898498758673668,
477,2,0.023276150226593018,
478,2,0.02324856072664261,
479,2,0.023510459810495377,
480,2,0.02060657925903797,
481,2,0.025840595364570618,
482,2,0.03369246795773506,
483,2,0.028576774522662163,
484,2,0.02956378273665905,
485,2,0.02376370318233967,
486,2,0.0269689429551363,
487,2,0.029326196759939194,
488,2,0.031807467341423035,
489,2,0.028822416439652443,
490,2,0.022542167454957962,
491,2,0.02262982353568077,
492,2,0.020237861201167107,
493,2,0.03045891597867012,
494,2,0.020893460139632225,
495,2,0.027988428249955177,
496,2,0.019142253324389458,
497,2,0.02129671536386013,
498,2,0.021699052304029465,
499,2,0.03644837439060211,
500,2,0.027055630460381508,
501,2,0.023325037211179733,
502,2,0.023853840306401253,
503,2,0.022021591663360596,
504,2,0.026987357065081596,
505,2,0.022141247987747192,
506,2,0.01997610740363598,
507,2,0.026548482477664948,
508,2,0.0199668500572443,
509,2,0.021332411095499992,
510,2,0.017718559131026268,
511,2,0.022319158539175987,
512,2,0.03316446766257286,
513,2,0.046891774982213974,
514,2,0.02348431572318077,
515,2,0.02848539687693119,
516,2,0.025720275938510895,
517,2,0.024474861100316048,
518,2,0.02469545416533947,
519,2,0.03345273435115814,
520,2,0.02948930487036705,
521,2,0.0241511519998312,
522,2,0.021807724609971046,
523,2,0.03266213461756706,
524,2,0.033366475254297256,
525,2,0.023180557414889336,
526,2,0.031437378376722336,
527,2,0.024550825357437134,
528,2,0.021975256502628326,
529,2,0.02326166070997715,
530,2,0.02237541601061821,
531,2,0.03316372632980347,
532,2,0.020829398185014725,
533,2,0.02093818038702011,
534,2,0.022776389494538307,
535,2,0.03778979927301407,
536,2,0.029529813677072525,
537,2,0.02388049103319645,
538,2,0.022909875959157944,
539,2,0.01892433501780033,
540,2,0.029163096100091934,
541,2,0.020125269889831543,
542,2,0.03308990225195885,
543,2,0.02047979272902012,
544,2,0.02333325706422329,
545,2,0.027812132611870766,
546,2,0.018756646662950516,
547,2,0.026917461305856705,
548,2,0.02993384748697281,
549,2,0.028966393321752548,
550,2,0.01674918457865715,
551,2,0.03200981393456459,
552,2,0.022751200944185257,
553,2,0.02208102121949196,
554,2,0.026907827705144882,
555,2,0.021227823570370674,
556,2,0.024974960833787918,
557,2,0.017442595213651657,
558,2,0.041907597333192825,
559,2,0.026375431567430496,
560,2,0.026793600991368294,
561,2,0.02512309141457081,
562,2,0.016502084210515022,
563,2,0.021668624132871628,
564,2,0.03276374563574791,
565,2,0.029272887855768204,
566,2,0.020891794934868813,
567,2,0.02060500718653202,
568,2,0.03112221695482731,
569,2,0.02752086892724037,
570,2,0.019674163311719894,
571,2,0.025504987686872482,
572,2,0.025648748502135277,
573,2,0.03160155192017555,
574,2,0.024541188031435013,
575,2,0.021229395642876625,
576,2,0.019912317395210266,
577,2,0.027350585907697678,
578,2,0.029460914433002472,
579,2,0.01703268475830555,
580,2,0.028965385630726814,
581,2,0.015798524022102356,
582,2,0.018453864380717278,
583,2,0.020522665232419968,
584,2,0.021609678864479065,
585,2,0.019223911687731743,
586,2,0.018556226044893265,
587,2,0.021566201001405716,
588,2,0.021786736324429512,
589,2,0.02302953600883484,
590,2,0.02558916248381138,
591,2,0.05630543828010559,
592,2,0.024299321696162224,
593,2,0.02208476886153221,
594,2,0.02710527926683426,
595,2,0.024076204746961594,
596,2,0.02073800377547741,
597,2,0.02577548660337925,
598,2,0.02130473405122757,
599,2,0.01986343041062355,
600,2,0.020631486549973488,
601,2,0.020730193704366684,
602,2,0.02109338529407978,
603,2,0.020496638491749763,
604,2,0.031217094510793686,
605,2,0.021484805271029472,
606,2,0.021561680361628532,
607,2,0.01956493966281414,
608,2,0.02010984905064106,
609,2,0.023359138518571854,
610,2,0.0241855401545763,
611,2,0.017478518187999725,
612,2,0.021406106650829315,
613,2,0.026773033663630486,
614,2,0.039054665714502335,
615,2,0.021246159449219704,
616,2,0.025090018287301064,
617,2,0.01850821264088154,
618,2,0.022445371374487877,
619,2,0.023010356351733208,
620,2,0.02981552854180336,
621,2,0.03791644424200058,
622,2,0.03054017946124077,
623,2,0.027005841955542564,
624,2,0.023001117631793022,
625,2,0.028387505561113358,
626,2,0.018508480861783028,
627,2,0.028846807777881622,
628,2,0.03426014259457588,
629,2,0.02285960502922535,
630,2,0.020715748891234398,
631,2,0.02152791991829872,
632,2,0.02652602642774582,
633,2,0.018483879044651985,
634,2,0.028979163616895676,
635,2,0.02646695449948311,
636,2,0.024412155151367188,
637,2,0.02231873944401741,
638,2,0.026093091815710068,
639,2,0.024399423971772194,
640,2,0.0207379013299942,
641,2,0.0218381118029356,
642,2,0.02091209404170513,
643,2,0.02784937433898449,
644,2,0.02216758020222187,
645,2,0.025693312287330627,
646,2,0.027022596448659897,
647,2,0.02847256138920784,
648,2,0.015479572117328644,
649,2,0.020837239921092987,
650,2,0.02946356311440468,
651,2,0.028225673362612724,
652,2,0.022003214806318283,
653,2,0.029651125892996788,
654,2,0.024307504296302795,
655,2,0.02113434113562107,
656,2,0.035355716943740845,
657,2,0.02112015336751938,
658,2,0.023423656821250916,
659,2,0.03501012176275253,
660,2,0.02573527581989765,
661,2,0.02263781614601612,
662,2,0.019495118409395218,
663,2,0.02314894087612629,
664,2,0.01867682673037052,
665,2,0.023711195215582848,
666,2,0.01862109825015068,
667,2,0.031641703099012375,
668,2,0.02769576385617256,
669,2,0.019502822309732437,
670,2,0.039078667759895325,
671,2,0.020379478111863136,
672,2,0.02462880313396454,
673,2,0.024817626923322678,
674,2,0.0263627078384161,
675,2,0.025167502462863922,
676,2,0.015576181001961231,
677,2,0.018862593919038773,
678,2,0.025166133418679237,
679,2,0.01904449798166752,
680,2,0.026965783908963203,
681,2,0.023169850930571556,
682,2,0.02472732774913311,
683,2,0.023439479991793633,
684,2,0.01942891627550125,
685,2,0.01874244213104248,
686,2,0.02095000259578228,
687,2,0.024915743619203568,
688,2,0.030393358319997787,
689,2,0.01963011920452118,
690,2,0.019900187849998474,
691,2,0.018980830907821655,
692,2,0.017475668340921402,
693,2,0.020623281598091125,
694,2,0.01614944078028202,
695,2,0.016765562817454338,
696,2,0.023571738973259926,
697,2,0.01786157861351967,
698,2,0.02342408522963524,
699,2,0.03730539232492447,
700,2,0.02257220260798931,
701,2,0.01680622063577175,
702,2,0.023683937266469002,
703,2,0.01696203090250492,
704,2,0.025095192715525627,
705,2,0.02211209014058113,
706,2,0.018313055858016014,
707,2,0.021764036267995834,
707,2,,0.019398711621761322
708,3,0.0173941720277071,
709,3,0.01361884456127882,
710,3,0.015576592646539211,
711,3,0.019909577444195747,
712,3,0.030834246426820755,
713,3,0.031503986567258835,
714,3,0.021356433629989624,
715,3,0.01954592391848564,
716,3,0.023652847856283188,
717,3,0.024188410490751266,
718,3,0.02516309730708599,
719,3,0.02950424514710903,
720,3,0.019869297742843628,
721,3,0.03709552809596062,
722,3,0.016485581174492836,
723,3,0.023323023691773415,
724,3,0.01614772155880928,
725,3,0.020483680069446564,
726,3,0.023299632593989372,
727,3,0.025083832442760468,
728,3,0.022734589874744415,
729,3,0.024742132052779198,
730,3,0.02830449305474758,
731,3,0.02053474634885788,
732,3,0.017633043229579926,
733,3,0.020860916003584862,
734,3,0.01629462279379368,
735,3,0.02455171011388302,
736,3,0.029624665156006813,
737,3,0.020864337682724,
738,3,0.02355346642434597,
739,3,0.024856090545654297,
740,3,0.01969008333981037,
741,3,0.02574182115495205,
742,3,0.030714496970176697,
743,3,0.021209903061389923,
744,3,0.02270464412868023,
745,3,0.024035748094320297,
746,3,0.02797742746770382,
747,3,0.026039497926831245,
748,3,0.022157328203320503,
749,3,0.017786677926778793,
750,3,0.021305929869413376,
751,3,0.03212815895676613,
752,3,0.025915972888469696,
753,3,0.02214629575610161,
754,3,0.017402412369847298,
755,3,0.019294915720820427,
756,3,0.02225741185247898,
757,3,0.034421976655721664,
758,3,0.023929940536618233,
759,3,0.015729540959000587,
760,3,0.030366994440555573,
761,3,0.02335648238658905,
762,3,0.022002635523676872,
763,3,0.026095911860466003,
764,3,0.01884877122938633,
765,3,0.01596992462873459,
766,3,0.02216091938316822,
767,3,0.02596008963882923,
768,3,0.017522422596812248,
769,3,0.028430592268705368,
770,3,0.029957758262753487,
771,3,0.020411565899848938,
772,3,0.029085107147693634,
773,3,0.026059042662382126,
774,3,0.021909819915890694,
775,3,0.018225064501166344,
776,3,0.018568985164165497,
777,3,0.027120385318994522,
778,3,0.02098311483860016,
779,3,0.02177777700126171,
780,3,0.03616388887166977,
781,3,0.01951298862695694,
782,3,0.023742232471704483,
783,3,0.02983022667467594,
784,3,0.017602499574422836,
785,3,0.03660072758793831,
786,3,0.015389773063361645,
787,3,0.014766632579267025,
788,3,0.01493052951991558,
789,3,0.03514155372977257,
790,3,0.023983154445886612,
791,3,0.021228617057204247,
792,3,0.023017890751361847,
793,3,0.025665823370218277,
794,3,0.017650358378887177,
795,3,0.022337427362799644,
796,3,0.019568167626857758,
797,3,0.024133887141942978,
798,3,0.024502167478203773,
799,3,0.02664092369377613,
800,3,0.01955808699131012,
801,3,0.022534241899847984,
802,3,0.030352534726262093,
803,3,0.024048127233982086,
804,3,0.019982077181339264,
805,3,0.017757173627614975,
806,3,0.02014126442372799,
807,3,0.027801495045423508,
808,3,0.03269333019852638,
809,3,0.015186953358352184,
810,3,0.01552334614098072,
811,3,0.020331427454948425,
812,3,0.02250993438065052,
813,3,0.01916443184018135,
814,3,0.017318392172455788,
815,3,0.014173935167491436,
816,3,0.019997308030724525,
817,3,0.018101541325449944,
818,3,0.016310948878526688,
819,3,0.021264081820845604,
820,3,0.025767773389816284,
821,3,0.020869804546236992,
822,3,0.01596887595951557,
823,3,0.019362295046448708,
824,3,0.021015454083681107,
825,3,0.0248442143201828,
826,3,0.025110384449362755,
827,3,0.019978094846010208,
828,3,0.0262294914573431,
829,3,0.025459829717874527,
830,3,0.035754233598709106,
831,3,0.017641564831137657,
832,3,0.021227089688181877,
833,3,0.018074339255690575,
834,3,0.022515835240483284,
835,3,0.020706461742520332,
836,3,0.019908567890524864,
837,3,0.016734087839722633,
838,3,0.0197837483137846,
839,3,0.02203962206840515,
840,3,0.021193232387304306,
841,3,0.019057415425777435,
842,3,0.017713015899062157,
843,3,0.016019411385059357,
844,3,0.01830154098570347,
845,3,0.02134140022099018,
846,3,0.020106324926018715,
847,3,0.017945660278201103,
848,3,0.01600050926208496,
849,3,0.0228322371840477,
850,3,0.024484148249030113,
851,3,0.02301175706088543,
852,3,0.02034514956176281,
853,3,0.017354188486933708,
854,3,0.021474145352840424,
855,3,0.017757698893547058,
856,3,0.024172518402338028,
857,3,0.019139079377055168,
858,3,0.021461140364408493,
859,3,0.019002709537744522,
860,3,0.018931083381175995,
861,3,0.019510285928845406,
862,3,0.01951846294105053,
863,3,0.020714307203888893,
864,3,0.02014312893152237,
865,3,0.020886588841676712,
866,3,0.027714304625988007,
867,3,0.020860444754362106,
868,3,0.018177838996052742,
869,3,0.022590890526771545,
870,3,0.021151619032025337,
871,3,0.024778546765446663,
872,3,0.0160738006234169,
873,3,0.02042464166879654,
874,3,0.018240375444293022,
875,3,0.019947119057178497,
876,3,0.02613576501607895,
877,3,0.019586870446801186,
878,3,0.022590048611164093,
879,3,0.019980501383543015,
880,3,0.029762275516986847,
881,3,0.02025512419641018,
882,3,0.021545397117733955,
883,3,0.020564807578921318,
884,3,0.026978550478816032,
885,3,0.029703905805945396,
886,3,0.015249448828399181,
887,3,0.019517239183187485,
888,3,0.03673931211233139,
889,3,0.0165769811719656,
890,3,0.016930250450968742,
891,3,0.022635245695710182,
892,3,0.017865769565105438,
893,3,0.02933366596698761,
894,3,0.021384065970778465,
895,3,0.01818554848432541,
896,3,0.022173333913087845,
897,3,0.02079215832054615,
898,3,0.020513083785772324,
899,3,0.02028157003223896,
900,3,0.035246241837739944,
901,3,0.01936403289437294,
902,3,0.020770622417330742,
903,3,0.024284595623612404,
904,3,0.019858799874782562,
905,3,0.019935155287384987,
906,3,0.018254343420267105,
907,3,0.01565602235496044,
908,3,0.022457076236605644,
909,3,0.018040746450424194,
910,3,0.01724611409008503,
911,3,0.03050406463444233,
912,3,0.019628658890724182,
913,3,0.02045559324324131,
914,3,0.02210567519068718,
915,3,0.016080861911177635,
916,3,0.018287768587470055,
917,3,0.022871559485793114,
918,3,0.02310161106288433,
919,3,0.033618777990341187,
920,3,0.03402828797698021,
921,3,0.02474093623459339,
922,3,0.02589293010532856,
923,3,0.027204114943742752,
924,3,0.015710648149251938,
925,3,0.028715012595057487,
926,3,0.018603650853037834,
927,3,0.03307131677865982,
928,3,0.01733051985502243,
929,3,0.017092859372496605,
930,3,0.023900914937257767,
931,3,0.023400839418172836,
932,3,0.02634013444185257,
933,3,0.019119014963507652,
934,3,0.022427283227443695,
935,3,0.025835493579506874,
936,3,0.015805568546056747,
937,3,0.023116104304790497,
938,3,0.02978522703051567,
939,3,0.022428037598729134,
940,3,0.02003823220729828,
941,3,0.024681752547621727,
942,3,0.022693904116749763,
943,3,0.018186666071414948,
943,3,,0.020042775198817253
944,4,0.04360898211598396,
945,4,0.03461596369743347,
946,4,0.021371828392148018,
947,4,0.019868474453687668,
948,4,0.01770544797182083,
949,4,0.02360493503510952,
950,4,0.021979419514536858,
951,4,0.028314733877778053,
952,4,0.02684611827135086,
953,4,0.03321642801165581,
954,4,0.019547373056411743,
955,4,0.028304604813456535,
956,4,0.01627841591835022,
957,4,0.027719607576727867,
958,4,0.02243105135858059,
959,4,0.01846582069993019,
960,4,0.029103154316544533,
961,4,0.0209046620875597,
962,4,0.022551149129867554,
963,4,0.01916760951280594,
964,4,0.03211727738380432,
965,4,0.022257862612605095,
966,4,0.028938496485352516,
967,4,0.02251381054520607,
968,4,0.025482267141342163,
969,4,0.018837526440620422,
970,4,0.025750471279025078,
971,4,0.020752713084220886,
972,4,0.016959000378847122,
973,4,0.01662307232618332,
974,4,0.021295426413416862,
975,4,0.033976245671510696,
976,4,0.017638489603996277,
977,4,0.023087844252586365,
978,4,0.02569391205906868,
979,4,0.019787898287177086,
980,4,0.017021989449858665,
981,4,0.02126956917345524,
982,4,0.025265973061323166,
983,4,0.029022764414548874,
984,4,0.018007948994636536,
985,4,0.018510131165385246,
986,4,0.01868906244635582,
987,4,0.025078659877181053,
988,4,0.024733738973736763,
989,4,0.024126872420310974,
990,4,0.03062610700726509,
991,4,0.0275388453155756,
992,4,0.032881710678339005,
993,4,0.025713620707392693,
994,4,0.035098761320114136,
995,4,0.020811963826417923,
996,4,0.019098948687314987,
997,4,0.022297939285635948,
998,4,0.02763746678829193,
999,4,0.021456601098179817,
1000,4,0.02576587349176407,
1001,4,0.038279950618743896,
1002,4,0.01629762351512909,
1003,4,0.020472543314099312,
1004,4,0.018962571397423744,
1005,4,0.021645022556185722,
1006,4,0.02488286979496479,
1007,4,0.023963933810591698,
1008,4,0.019132912158966064,
1009,4,0.026661887764930725,
1010,4,0.01904791221022606,
1011,4,0.022681796923279762,
1012,4,0.020220888778567314,
1013,4,0.018643811345100403,
1014,4,0.02280176244676113,
1015,4,0.018953245133161545,
1016,4,0.018936069682240486,
1017,4,0.02040836401283741,
1018,4,0.013009835034608841,
1019,4,0.018511759117245674,
1020,4,0.020287800580263138,
1021,4,0.026447627693414688,
1022,4,0.016640901565551758,
1023,4,0.026433976367115974,
1024,4,0.02549668587744236,
1025,4,0.019246259704232216,
1026,4,0.02200419455766678,
1027,4,0.024529200047254562,
1028,4,0.02065897174179554,
1029,4,0.02124744839966297,
1030,4,0.025832485407590866,
1031,4,0.017931094393134117,
1032,4,0.01641412451863289,
1033,4,0.022571977227926254,
1034,4,0.02019321732223034,
1035,4,0.019020717591047287,
1036,4,0.01917344331741333,
1037,4,0.02192382514476776,
1038,4,0.01858830638229847,
1039,4,0.0175599567592144,
1040,4,0.018872197717428207,
1041,4,0.029565483331680298,
1042,4,0.027872590348124504,
1043,4,0.021073196083307266,
1044,4,0.023095248267054558,
1045,4,0.023954296484589577,
1046,4,0.019346246495842934,
1047,4,0.017956532537937164,
1048,4,0.018031692132353783,
1049,4,0.02231338620185852,
1050,4,0.020368950441479683,
1051,4,0.02651815116405487,
1052,4,0.021936746314167976,
1053,4,0.022187799215316772,
1054,4,0.0168751310557127,
1055,4,0.013759640976786613,
1056,4,0.017381269484758377,
1057,4,0.023043764755129814,
1058,4,0.021303191781044006,
1059,4,0.019726095721125603,
1060,4,0.019098574295639992,
1061,4,0.01713637448847294,
1062,4,0.024524791166186333,
1063,4,0.024764234200119972,
1064,4,0.017412712797522545,
1065,4,0.027040334418416023,
1066,4,0.02789202332496643,
1067,4,0.02966313064098358,
1068,4,0.019899822771549225,
1069,4,0.03613141179084778,
1070,4,0.021589815616607666,
1071,4,0.029740413650870323,
1072,4,0.018146736547350883,
1073,4,0.025130165740847588,
1074,4,0.030835285782814026,
1075,4,0.020063212141394615,
1076,4,0.016967104747891426,
1077,4,0.01639247126877308,
1078,4,0.027116013690829277,
1079,4,0.022647777572274208,
1080,4,0.01600760780274868,
1081,4,0.01707005687057972,
1082,4,0.02087356150150299,
1083,4,0.02414173074066639,
1084,4,0.031021002680063248,
1085,4,0.01809731312096119,
1086,4,0.01816035993397236,
1087,4,0.026493903249502182,
1088,4,0.014430006965994835,
1089,4,0.02993464283645153,
1090,4,0.027828872203826904,
1091,4,0.014544053934514523,
1092,4,0.01621391251683235,
1093,4,0.02035956084728241,
1094,4,0.027260707691311836,
1095,4,0.018966061994433403,
1096,4,0.02234121970832348,
1097,4,0.024988820776343346,
1098,4,0.026549501344561577,
1099,4,0.01762714795768261,
1100,4,0.02069295011460781,
1101,4,0.024158446118235588,
1102,4,0.020767604932188988,
1103,4,0.02090284787118435,
1104,4,0.030713055282831192,
1105,4,0.01833680272102356,
1106,4,0.01588667742908001,
1107,4,0.013836455531418324,
1108,4,0.020218418911099434,
1109,4,0.017314545810222626,
1110,4,0.022805500775575638,
1111,4,0.012064650654792786,
1112,4,0.018581341952085495,
1113,4,0.021037889644503593,
1114,4,0.017625190317630768,
1115,4,0.02410552278161049,
1116,4,0.017283262684941292,
1117,4,0.02033812925219536,
1118,4,0.021008148789405823,
1119,4,0.014996359124779701,
1120,4,0.019732246175408363,
1121,4,0.01730629988014698,
1122,4,0.026963165029883385,
1123,4,0.023193981498479843,
1124,4,0.020653121173381805,
1125,4,0.02209572121500969,
1126,4,0.017641626298427582,
1127,4,0.01759720966219902,
1128,4,0.02301710657775402,
1129,4,0.019463637843728065,
1130,4,0.018686281517148018,
1131,4,0.014312408864498138,
1132,4,0.01341248583048582,
1133,4,0.02230420894920826,
1134,4,0.017524229362607002,
1135,4,0.021213706582784653,
1136,4,0.02055744268000126,
1137,4,0.02483910322189331,
1138,4,0.014824751764535904,
1139,4,0.020337441936135292,
1140,4,0.02304929681122303,
1141,4,0.020240474492311478,
1142,4,0.02140784077346325,
1143,4,0.018483268097043037,
1144,4,0.04209453612565994,
1145,4,0.017958445474505424,
1146,4,0.017068058252334595,
1147,4,0.021506594493985176,
1148,4,0.01947656273841858,
1149,4,0.02315390296280384,
1150,4,0.020333968102931976,
1151,4,0.02169767953455448,
1152,4,0.01662714034318924,
1153,4,0.021828697994351387,
1154,4,0.020558785647153854,
1155,4,0.01663634553551674,
1156,4,0.02265176735818386,
1157,4,0.02540462091565132,
1158,4,0.02373783476650715,
1159,4,0.01751224510371685,
1160,4,0.024441728368401527,
1161,4,0.01668377034366131,
1162,4,0.016060950234532356,
1163,4,0.017544902861118317,
1164,4,0.022466663271188736,
1165,4,0.015741165727376938,
1166,4,0.01736314967274666,
1167,4,0.01606602594256401,
1168,4,0.017696421593427658,
1169,4,0.019140761345624924,
1170,4,0.01590833067893982,
1171,4,0.01770607754588127,
1172,4,0.020737411454319954,
1173,4,0.018860431388020515,
1174,4,0.015284508466720581,
1175,4,0.025491544976830482,
1176,4,0.020539071410894394,
1177,4,0.02043069899082184,
1178,4,0.015735574066638947,
1179,4,0.014758703298866749,
1179,4,,0.016330143436789513
1180,5,0.017266789451241493,
1181,5,0.017745843157172203,
1182,5,0.01877581514418125,
1183,5,0.021704256534576416,
1184,5,0.01540151797235012,
1185,5,0.018240386620163918,
1186,5,0.04248441010713577,
1187,5,0.014508635737001896,
1188,5,0.027783162891864777,
1189,5,0.02432713285088539,
1190,5,0.02320009283721447,
1191,5,0.023034967482089996,
1192,5,0.02102191187441349,
1193,5,0.018115568906068802,
1194,5,0.01738206297159195,
1195,5,0.0169729832559824,
1196,5,0.02127666398882866,
1197,5,0.0258539617061615,
1198,5,0.013347498141229153,
1199,5,0.019904321059584618,
1200,5,0.01879795268177986,
1201,5,0.01430702954530716,
1202,5,0.01965944468975067,
1203,5,0.01748635247349739,
1204,5,0.014379292726516724,
1205,5,0.022170208394527435,
1206,5,0.026599565520882607,
1207,5,0.027633752673864365,
1208,5,0.02209584228694439,
1209,5,0.01787658967077732,
1210,5,0.019515272229909897,
1211,5,0.019166694954037666,
1212,5,0.02232842706143856,
1213,5,0.018691305071115494,
1214,5,0.020189231261610985,
1215,5,0.017917759716510773,
1216,5,0.020386038348078728,
1217,5,0.020600633695721626,
1218,5,0.028380928561091423,
1219,5,0.023508382961153984,
1220,5,0.016789283603429794,
1221,5,0.01790030114352703,
1222,5,0.024748479947447777,
1223,5,0.023330925032496452,
1224,5,0.019566494971513748,
1225,5,0.014249483123421669,
1226,5,0.033105604350566864,
1227,5,0.023160859942436218,
1228,5,0.020311208441853523,
1229,5,0.024189457297325134,
1230,5,0.018654437735676765,
1231,5,0.019657475873827934,
1232,5,0.017721625044941902,
1233,5,0.02158854342997074,
1234,5,0.01732666790485382,
1235,5,0.022211186587810516,
1236,5,0.023435624316334724,
1237,5,0.01627039723098278,
1238,5,0.014700536616146564,
1239,5,0.0192909874022007,
1240,5,0.01900792308151722,
1241,5,0.017457786947488785,
1242,5,0.02169293724000454,
1243,5,0.01786075346171856,
1244,5,0.019658533856272697,
1245,5,0.026297859847545624,
1246,5,0.027556180953979492,
1247,5,0.0185629241168499,
1248,5,0.018537918105721474,
1249,5,0.01775677315890789,
1250,5,0.02323639579117298,
1251,5,0.026049058884382248,
1252,5,0.018664423376321793,
1253,5,0.020004434511065483,
1254,5,0.022493379190564156,
1255,5,0.01614466868340969,
1256,5,0.018986035138368607,
1257,5,0.01638290472328663,
1258,5,0.01605341024696827,
1259,5,0.020684000104665756,
1260,5,0.020629923790693283,
1261,5,0.017207369208335876,
1262,5,0.02157796360552311,
1263,5,0.01693580113351345,
1264,5,0.03056943230330944,
1265,5,0.01592355966567993,
1266,5,0.01758560910820961,
1267,5,0.01966441236436367,
1268,5,0.015081878751516342,
1269,5,0.01700666733086109,
1270,5,0.017499469220638275,
1271,5,0.016513703390955925,
1272,5,0.017597705125808716,
1273,5,0.01550804078578949,
1274,5,0.022779056802392006,
1275,5,0.015683934092521667,
1276,5,0.011497021652758121,
1277,5,0.01823568530380726,
1278,5,0.025620223954319954,
1279,5,0.022831784561276436,
1280,5,0.017910491675138474,
1281,5,0.015646494925022125,
1282,5,0.01865367777645588,
1283,5,0.011538206599652767,
1284,5,0.014877834357321262,
1285,5,0.028531134128570557,
1286,5,0.013783110305666924,
1287,5,0.016844483092427254,
1288,5,0.028915727511048317,
1289,5,0.021151751279830933,
1290,5,0.02101844735443592,
1291,5,0.016242509707808495,
1292,5,0.02179691754281521,
1293,5,0.014145699329674244,
1294,5,0.0215002354234457,
1295,5,0.018079714849591255,
1296,5,0.016498778015375137,
1297,5,0.01285483967512846,
1298,5,0.015300264582037926,
1299,5,0.014486696571111679,
1300,5,0.02652672678232193,
1301,5,0.01733710989356041,
1302,5,0.014037319459021091,
1303,5,0.02307417429983616,
1304,5,0.020179662853479385,
1305,5,0.020692098885774612,
1306,5,0.019464820623397827,
1307,5,0.024088341742753983,
1308,5,0.02030034177005291,
1309,5,0.02225145883858204,
1310,5,0.01740272529423237,
1311,5,0.029100868850946426,
1312,5,0.01671498455107212,
1313,5,0.021175824105739594,
1314,5,0.023804396390914917,
1315,5,0.01772720366716385,
1316,5,0.017937982454895973,
1317,5,0.015597900375723839,
1318,5,0.021001603454351425,
1319,5,0.027102328836917877,
1320,5,0.020948296412825584,
1321,5,0.02329474873840809,
1322,5,0.022076185792684555,
1323,5,0.01864761672914028,
1324,5,0.012511228211224079,
1325,5,0.02300027757883072,
1326,5,0.026148999109864235,
1327,5,0.016647640615701675,
1328,5,0.019003702327609062,
1329,5,0.02650121971964836,
1330,5,0.01757117733359337,
1331,5,0.026201430708169937,
1332,5,0.020759478211402893,
1333,5,0.02463383413851261,
1334,5,0.020203594118356705,
1335,5,0.01951073296368122,
1336,5,0.03152693063020706,
1337,5,0.022463243454694748,
1338,5,0.019787734374403954,
1339,5,0.01796514168381691,
1340,5,0.023925399407744408,
1341,5,0.015300871804356575,
1342,5,0.024930911138653755,
1343,5,0.01978345774114132,
1344,5,0.01572544500231743,
1345,5,0.0182637982070446,
1346,5,0.01451905257999897,
1347,5,0.02053898014128208,
1348,5,0.01960090361535549,
1349,5,0.016546953469514847,
1350,5,0.019603991881012917,
1351,5,0.022135883569717407,
1352,5,0.013807431794703007,
1353,5,0.017719827592372894,
1354,5,0.019088516011834145,
1355,5,0.019226405769586563,
1356,5,0.026520375162363052,
1357,5,0.014511149376630783,
1358,5,0.016553165391087532,
1359,5,0.019151194021105766,
1360,5,0.023514116182923317,
1361,5,0.023296041414141655,
1362,5,0.016412971541285515,
1363,5,0.015239657834172249,
1364,5,0.015706893056631088,
1365,5,0.025928393006324768,
1366,5,0.01791295036673546,
1367,5,0.025696560740470886,
1368,5,0.016366001218557358,
1369,5,0.021130690351128578,
1370,5,0.013019971549510956,
1371,5,0.011337336152791977,
1372,5,0.02244981937110424,
1373,5,0.02148384414613247,
1374,5,0.01366538368165493,
1375,5,0.0159883014857769,
1376,5,0.02279559336602688,
1377,5,0.01965820975601673,
1378,5,0.019024675711989403,
1379,5,0.015013407915830612,
1380,5,0.037164270877838135,
1381,5,0.013987787999212742,
1382,5,0.01944790780544281,
1383,5,0.02054210565984249,
1384,5,0.017973842099308968,
1385,5,0.02341931313276291,
1386,5,0.024149691686034203,
1387,5,0.02657550387084484,
1388,5,0.014870093204081059,
1389,5,0.019644727930426598,
1390,5,0.021844379603862762,
1391,5,0.03398764133453369,
1392,5,0.02156234346330166,
1393,5,0.01819859817624092,
1394,5,0.019757773727178574,
1395,5,0.013374817557632923,
1396,5,0.02263132482767105,
1397,5,0.018059400841593742,
1398,5,0.01607954502105713,
1399,5,0.021405210718512535,
1400,5,0.020566128194332123,
1401,5,0.02181481197476387,
1402,5,0.017970073968172073,
1403,5,0.018877817317843437,
1404,5,0.023294009268283844,
1405,5,0.010690754279494286,
1406,5,0.014982938766479492,
1407,5,0.023665644228458405,
1408,5,0.01868569292128086,
1409,5,0.01642247475683689,
1410,5,0.019100705161690712,
1411,5,0.03146637603640556,
1412,5,0.017342468723654747,
1413,5,0.021400433033704758,
1414,5,0.014111070893704891,
1415,5,0.01479826308786869,
1415,5,,0.01638438180088997
1416,6,0.016276415437459946,
1417,6,0.02098265290260315,
1418,6,0.01647946611046791,
1419,6,0.01854150928556919,
1420,6,0.016188407316803932,
1421,6,0.01451538223773241,
1422,6,0.019278371706604958,
1423,6,0.015189246274530888,
1424,6,0.021973827853798866,
1425,6,0.01928514428436756,
1426,6,0.016650773584842682,
1427,6,0.020609823986887932,
1428,6,0.018755998462438583,
1429,6,0.023633291944861412,
1430,6,0.01386286597698927,
1431,6,0.016611503437161446,
1432,6,0.015328984707593918,
1433,6,0.017858222126960754,
1434,6,0.027281504124403,
1435,6,0.01643778383731842,
1436,6,0.01576690748333931,
1437,6,0.017267128452658653,
1438,6,0.016244856640696526,
1439,6,0.022983742877840996,
1440,6,0.020215827971696854,
1441,6,0.019298966974020004,
1442,6,0.022088730707764626,
1443,6,0.016279248520731926,
1444,6,0.01856941357254982,
1445,6,0.015018186531960964,
1446,6,0.020086606964468956,
1447,6,0.012922852300107479,
1448,6,0.021620959043502808,
1449,6,0.021612709388136864,
1450,6,0.020869767293334007,
1451,6,0.015633953735232353,
1452,6,0.014091616496443748,
1453,6,0.017429368570446968,
1454,6,0.016767805442214012,
1455,6,0.01707746461033821,
1456,6,0.0220272708684206,
1457,6,0.021254397928714752,
1458,6,0.02026996947824955,
1459,6,0.01870589517056942,
1460,6,0.017429515719413757,
1461,6,0.01569630391895771,
1462,6,0.0138520123437047,
1463,6,0.02768637053668499,
1464,6,0.03206872567534447,
1465,6,0.019283082336187363,
1466,6,0.03934717923402786,
1467,6,0.012588008306920528,
1468,6,0.019138773903250694,
1469,6,0.02305554784834385,
1470,6,0.020719509571790695,
1471,6,0.026827847585082054,
1472,6,0.02360895276069641,
1473,6,0.020901553332805634,
1474,6,0.017744578421115875,
1475,6,0.018603280186653137,
1476,6,0.016077594831585884,
1477,6,0.023297656327486038,
1478,6,0.024156995117664337,
1479,6,0.0257851704955101,
1480,6,0.01321468036621809,
1481,6,0.014499177224934101,
1482,6,0.013234077021479607,
1483,6,0.028092939406633377,
1484,6,0.015551873482763767,
1485,6,0.0199669748544693,
1486,6,0.015304088592529297,
1487,6,0.016999686136841774,
1488,6,0.021725190803408623,
1489,6,0.028757335618138313,
1490,6,0.01838197372853756,
1491,6,0.02169080637395382,
1492,6,0.021436799317598343,
1493,6,0.02138340286910534,
1494,6,0.0184645839035511,
1495,6,0.019317489117383957,
1496,6,0.01957646943628788,
1497,6,0.018415315076708794,
1498,6,0.023106619715690613,
1499,6,0.028970137238502502,
1500,6,0.025119980797171593,
1501,6,0.012711511924862862,
1502,6,0.015613545663654804,
1503,6,0.01681043766438961,
1504,6,0.018553150817751884,
1505,6,0.013328436762094498,
1506,6,0.01977032981812954,
1507,6,0.02037295699119568,
1508,6,0.02165551856160164,
1509,6,0.02125163935124874,
1510,6,0.014893177896738052,
1511,6,0.020566288381814957,
1512,6,0.02101755701005459,
1513,6,0.01365300640463829,
1514,6,0.0238993801176548,
1515,6,0.018827401101589203,
1516,6,0.013305718079209328,
1517,6,0.017644008621573448,
1518,6,0.01974261738359928,
1519,6,0.02417437732219696,
1520,6,0.023401794955134392,
1521,6,0.01709767058491707,
1522,6,0.015771634876728058,
1523,6,0.019061317667365074,
1524,6,0.01534157432615757,
1525,6,0.029367774724960327,
1526,6,0.010765260085463524,
1527,6,0.02437070570886135,
1528,6,0.021553508937358856,
1529,6,0.01915007457137108,
1530,6,0.01914762333035469,
1531,6,0.03325636312365532,
1532,6,0.011332733556628227,
1533,6,0.020227842032909393,
1534,6,0.016502313315868378,
1535,6,0.015456341207027435,
1536,6,0.018918301910161972,
1537,6,0.01805306412279606,
1538,6,0.014648046344518661,
1539,6,0.014653295278549194,
1540,6,0.018864065408706665,
1541,6,0.017493121325969696,
1542,6,0.02160464972257614,
1543,6,0.022806579247117043,
1544,6,0.017465367913246155,
1545,6,0.0180827584117651,
1546,6,0.014893482439219952,
1547,6,0.018628137186169624,
1548,6,0.01655704714357853,
1549,6,0.016380691900849342,
1550,6,0.019172653555870056,
1551,6,0.02037009969353676,
1552,6,0.026127537712454796,
1553,6,0.017415469512343407,
1554,6,0.015257181599736214,
1555,6,0.018734561279416084,
1556,6,0.015895601361989975,
1557,6,0.021190878003835678,
1558,6,0.02088083140552044,
1559,6,0.015496513806283474,
1560,6,0.02740035392343998,
1561,6,0.015259540639817715,
1562,6,0.02191600203514099,
1563,6,0.026846453547477722,
1564,6,0.02043999545276165,
1565,6,0.017029503360390663,
1566,6,0.020317180082201958,
1567,6,0.017760122194886208,
1568,6,0.021818621084094048,
1569,6,0.017298227176070213,
1570,6,0.032186105847358704,
1571,6,0.01608416996896267,
1572,6,0.016800828278064728,
1573,6,0.020521612837910652,
1574,6,0.0346175916492939,
1575,6,0.0215192548930645,
1576,6,0.019442763179540634,
1577,6,0.017250392585992813,
1578,6,0.025510236620903015,
1579,6,0.020247265696525574,
1580,6,0.01940154656767845,
1581,6,0.023445630446076393,
1582,6,0.02210458740592003,
1583,6,0.018829593434929848,
1584,6,0.01983441598713398,
1585,6,0.021590648218989372,
1586,6,0.01415093895047903,
1587,6,0.03317881003022194,
1588,6,0.01776614598929882,
1589,6,0.027797000482678413,
1590,6,0.017955109477043152,
1591,6,0.02019825391471386,
1592,6,0.015218386426568031,
1593,6,0.016738276928663254,
1594,6,0.01978837512433529,
1595,6,0.01975165866315365,
1596,6,0.022840343415737152,
1597,6,0.021514737978577614,
1598,6,0.01288079284131527,
1599,6,0.01926601305603981,
1600,6,0.02084101177752018,
1601,6,0.018064169213175774,
1602,6,0.02514589950442314,
1603,6,0.018119102343916893,
1604,6,0.02703196182847023,
1605,6,0.019121434539556503,
1606,6,0.015474742278456688,
1607,6,0.019432317465543747,
1608,6,0.01836441643536091,
1609,6,0.020618025213479996,
1610,6,0.027573414146900177,
1611,6,0.012415626086294651,
1612,6,0.017885660752654076,
1613,6,0.01270783320069313,
1614,6,0.014717409387230873,
1615,6,0.01727195829153061,
1616,6,0.01556042768061161,
1617,6,0.02276523783802986,
1618,6,0.022245926782488823,
1619,6,0.021115172654390335,
1620,6,0.020226329565048218,
1621,6,0.017622489482164383,
1622,6,0.016926318407058716,
1623,6,0.016640285030007362,
1624,6,0.01699054054915905,
1625,6,0.022000480443239212,
1626,6,0.014703803695738316,
1627,6,0.01787058636546135,
1628,6,0.015716619789600372,
1629,6,0.029997769743204117,
1630,6,0.018011461943387985,
1631,6,0.024342980235815048,
1632,6,0.01213816087692976,
1633,6,0.013801083900034428,
1634,6,0.014257386326789856,
1635,6,0.013629520311951637,
1636,6,0.01219185534864664,
1637,6,0.015714554116129875,
1638,6,0.019639700651168823,
1639,6,0.0157390758395195,
1640,6,0.014362380839884281,
1641,6,0.01889759674668312,
1642,6,0.018117044121026993,
1643,6,0.016823681071400642,
1644,6,0.024823149666190147,
1645,6,0.021775539964437485,
1646,6,0.02023026905953884,
1647,6,0.023043693974614143,
1648,6,0.01429452933371067,
1649,6,0.02890237420797348,
1650,6,0.014973443932831287,
1651,6,0.01996614784002304,
1651,6,,0.016071626916527748
1652,7,0.014298094436526299,
1653,7,0.01617610454559326,
1654,7,0.023230738937854767,
1655,7,0.0171041376888752,
1656,7,0.016147246584296227,
1657,7,0.015212870202958584,
1658,7,0.01600949466228485,
1659,7,0.018234973773360252,
1660,7,0.016006408259272575,
1661,7,0.013572298921644688,
1662,7,0.01654922217130661,
1663,7,0.020162230357527733,
1664,7,0.015515969134867191,
1665,7,0.018988102674484253,
1666,7,0.017919909209012985,
1667,7,0.01914944127202034,
1668,7,0.01505521684885025,
1669,7,0.01964881271123886,
1670,7,0.01634209230542183,
1671,7,0.022692495957016945,
1672,7,0.014799108728766441,
1673,7,0.014510611072182655,
1674,7,0.019594823941588402,
1675,7,0.018325380980968475,
1676,7,0.01977338083088398,
1677,7,0.018464641645550728,
1678,7,0.01437092199921608,
1679,7,0.018842685967683792,
1680,7,0.014029123820364475,
1681,7,0.01423742063343525,
1682,7,0.018636202439665794,
1683,7,0.012361777015030384,
1684,7,0.02664322406053543,
1685,7,0.017355404794216156,
1686,7,0.019529122859239578,
1687,7,0.015832750126719475,
1688,7,0.023849889636039734,
1689,7,0.01914428360760212,
1690,7,0.01704535447061062,
1691,7,0.01867694966495037,
1692,7,0.018016086891293526,
1693,7,0.028149474412202835,
1694,7,0.01655379682779312,
1695,7,0.023581132292747498,
1696,7,0.03488369658589363,
1697,7,0.018761856481432915,
1698,7,0.017787784337997437,
1699,7,0.021427331492304802,
1700,7,0.01821654476225376,
1701,7,0.0216166190803051,
1702,7,0.02423473261296749,
1703,7,0.021415673196315765,
1704,7,0.013954210095107555,
1705,7,0.018762322142720222,
1706,7,0.015322941355407238,
1707,7,0.018995344638824463,
1708,7,0.018896713852882385,
1709,7,0.01669442467391491,
1710,7,0.016256490722298622,
1711,7,0.02222464606165886,
1712,7,0.018576793372631073,
1713,7,0.02093561552464962,
1714,7,0.014904250390827656,
1715,7,0.01920671947300434,
1716,7,0.0204892810434103,
1717,7,0.01572873629629612,
1718,7,0.030860131606459618,
1719,7,0.021515175700187683,
1720,7,0.01351796556264162,
1721,7,0.02337854728102684,
1722,7,0.021053705364465714,
1723,7,0.018782783299684525,
1724,7,0.018632078543305397,
1725,7,0.02001314051449299,
1726,7,0.019523516297340393,
1727,7,0.01680668257176876,
1728,7,0.016764670610427856,
1729,7,0.022270875051617622,
1730,7,0.04188103601336479,
1731,7,0.01529546920210123,
1732,7,0.017721841111779213,
1733,7,0.018075566738843918,
1734,7,0.013842364773154259,
1735,7,0.018685609102249146,
1736,7,0.01971002295613289,
1737,7,0.016377240419387817,
1738,7,0.019649788737297058,
1739,7,0.013706487603485584,
1740,7,0.015579520724713802,
1741,7,0.02636691927909851,
1742,7,0.019139138981699944,
1743,7,0.02090945653617382,
1744,7,0.01516240555793047,
1745,7,0.015164501033723354,
1746,7,0.018291005864739418,
1747,7,0.020193492993712425,
1748,7,0.019986022263765335,
1749,7,0.018596192821860313,
1750,7,0.029756510630249977,
1751,7,0.0167992003262043,
1752,7,0.01630379632115364,
1753,7,0.017486639320850372,
1754,7,0.02736002579331398,
1755,7,0.015278019942343235,
1756,7,0.013492978177964687,
1757,7,0.024468980729579926,
1758,7,0.02204069308936596,
1759,7,0.018595214933156967,
1760,7,0.021785492077469826,
1761,7,0.020489275455474854,
1762,7,0.01921783573925495,
1763,7,0.018390493467450142,
1764,7,0.014376946724951267,
1765,7,0.01834186166524887,
1766,7,0.015530137345194817,
1767,7,0.02943706326186657,
1768,7,0.016618087887763977,
1769,7,0.024956541135907173,
1770,7,0.014915985986590385,
1771,7,0.013630835339426994,
1772,7,0.025851814076304436,
1773,7,0.02019076608121395,
1774,7,0.01965925097465515,
1775,7,0.016438983380794525,
1776,7,0.01217805128544569,
1777,7,0.0204321201890707,
1778,7,0.016898179426789284,
1779,7,0.020156219601631165,
1780,7,0.014034236781299114,
1781,7,0.013544206507503986,
1782,7,0.0288423802703619,
1783,7,0.01907654106616974,
1784,7,0.018128806725144386,
1785,7,0.013973978348076344,
1786,7,0.015456791035830975,
1787,7,0.014431995339691639,
1788,7,0.021127475425601006,
1789,7,0.014215001836419106,
1790,7,0.016475755721330643,
1791,7,0.018070755526423454,
1792,7,0.018154291436076164,
1793,7,0.026802856475114822,
1794,7,0.015108670108020306,
1795,7,0.020521774888038635,
1796,7,0.013832989148795605,
1797,7,0.0164096187800169,
1798,7,0.02384316734969616,
1799,7,0.018973026424646378,
1800,7,0.018620461225509644,
1801,7,0.016336029395461082,
1802,7,0.024944549426436424,
1803,7,0.016334254294633865,
1804,7,0.01409267820417881,
1805,7,0.017818260937929153,
1806,7,0.02126302570104599,
1807,7,0.01998235657811165,
1808,7,0.01875840686261654,
1809,7,0.022481758147478104,
1810,7,0.014176391065120697,
1811,7,0.014512551948428154,
1812,7,0.015949975699186325,
1813,7,0.018414370715618134,
1814,7,0.026426568627357483,
1815,7,0.012931699864566326,
1816,7,0.017984818667173386,
1817,7,0.020220134407281876,
1818,7,0.018121302127838135,
1819,7,0.019560929387807846,
1820,7,0.02559037134051323,
1821,7,0.019541878253221512,
1822,7,0.018269255757331848,
1823,7,0.017835136502981186,
1824,7,0.02351331152021885,
1825,7,0.014851580373942852,
1826,7,0.015634829178452492,
1827,7,0.01936715841293335,
1828,7,0.011525189504027367,
1829,7,0.012010803446173668,
1830,7,0.02393377386033535,
1831,7,0.021360192447900772,
1832,7,0.011135337874293327,
1833,7,0.020145101472735405,
1834,7,0.025729654356837273,
1835,7,0.016743358224630356,
1836,7,0.011493770405650139,
1837,7,0.02329055406153202,
1838,7,0.013923357240855694,
1839,7,0.016025032848119736,
1840,7,0.02778777666389942,
1841,7,0.01459435559809208,
1842,7,0.018540872260928154,
1843,7,0.014032779261469841,
1844,7,0.014397273771464825,
1845,7,0.019590847194194794,
1846,7,0.01855476200580597,
1847,7,0.014717861078679562,
1848,7,0.012768617831170559,
1849,7,0.017970668151974678,
1850,7,0.02773730829358101,
1851,7,0.016148237511515617,
1852,7,0.019299080595374107,
1853,7,0.018154313787817955,
1854,7,0.026662468910217285,
1855,7,0.02445276826620102,
1856,7,0.026715712621808052,
1857,7,0.017312290146946907,
1858,7,0.02154359593987465,
1859,7,0.016442427411675453,
1860,7,0.012817982584238052,
1861,7,0.014242289587855339,
1862,7,0.01529640145599842,
1863,7,0.016250761225819588,
1864,7,0.014466367661952972,
1865,7,0.018528394401073456,
1866,7,0.016400083899497986,
1867,7,0.03307781741023064,
1868,7,0.022161904722452164,
1869,7,0.0212757159024477,
1870,7,0.016698434948921204,
1871,7,0.01948022097349167,
1872,7,0.016199281439185143,
1873,7,0.016523264348506927,
1874,7,0.021691305562853813,
1875,7,0.016797322779893875,
1876,7,0.017367491498589516,
1877,7,0.01886317878961563,
1878,7,0.01827884465456009,
1879,7,0.01749386265873909,
1880,7,0.015168940648436546,
1881,7,0.014264591969549656,
1882,7,0.0237941462546587,
1883,7,0.012414234690368176,
1884,7,0.015122827142477036,
1885,7,0.017532436177134514,
1886,7,0.015836872160434723,
1887,7,0.01520221121609211,
1887,7,,0.015504693612456322
1888,8,0.01731165498495102,
1889,8,0.015284154564142227,
1890,8,0.018867122009396553,
1891,8,0.01663052663207054,
1892,8,0.017866753041744232,
1893,8,0.021794987842440605,
1894,8,0.01464140322059393,
1895,8,0.01600329391658306,
1896,8,0.018101943656802177,
1897,8,0.01756211742758751,
1898,8,0.021967587992548943,
1899,8,0.017566321417689323,
1900,8,0.014310702681541443,
1901,8,0.02396831102669239,
1902,8,0.01804681122303009,
1903,8,0.014754910953342915,
1904,8,0.016099391505122185,
1905,8,0.016210895031690598,
1906,8,0.014561519026756287,
1907,8,0.021391209214925766,
1908,8,0.01640242524445057,
1909,8,0.01712232269346714,
1910,8,0.01661570370197296,
1911,8,0.02416442707180977,
1912,8,0.034524910151958466,
1913,8,0.02329673431813717,
1914,8,0.01850595325231552,
1915,8,0.021977225318551064,
1916,8,0.017923947423696518,
1917,8,0.020713651552796364,
1918,8,0.017158227041363716,
1919,8,0.01871194876730442,
1920,8,0.018740927800536156,
1921,8,0.015689479187130928,
1922,8,0.0182070042937994,
1923,8,0.019042272120714188,
1924,8,0.016342397779226303,
1925,8,0.022992029786109924,
1926,8,0.016502652317285538,
1927,8,0.02103591524064541,
1928,8,0.016050981357693672,
1929,8,0.016860462725162506,
1930,8,0.019738273695111275,
1931,8,0.028574783354997635,
1932,8,0.021581238135695457,
1933,8,0.020637834444642067,
1934,8,0.01840992458164692,
1935,8,0.019272228702902794,
1936,8,0.014255293644964695,
1937,8,0.013569975271821022,
1938,8,0.01841561868786812,
1939,8,0.01835441216826439,
1940,8,0.029414989054203033,
1941,8,0.01792141981422901,
1942,8,0.01396744791418314,
1943,8,0.021105848252773285,
1944,8,0.024217143654823303,
1945,8,0.017554325982928276,
1946,8,0.018732918426394463,
1947,8,0.0132980328053236,
1948,8,0.02272775210440159,
1949,8,0.02135157771408558,
1950,8,0.014156043529510498,
1951,8,0.025907881557941437,
1952,8,0.014781007543206215,
1953,8,0.01395492348819971,
1954,8,0.024018732830882072,
1955,8,0.014926123432815075,
1956,8,0.018339231610298157,
1957,8,0.020156797021627426,
1958,8,0.015816811472177505,
1959,8,0.014590553008019924,
1960,8,0.017150986939668655,
1961,8,0.016215896233916283,
1962,8,0.01564926840364933,
1963,8,0.018642688170075417,
1964,8,0.02030937932431698,
1965,8,0.02030075155198574,
1966,8,0.013993630185723305,
1967,8,0.018752114847302437,
1968,8,0.013434271328151226,
1969,8,0.016345558688044548,
1970,8,0.020038368180394173,
1971,8,0.016735242679715157,
1972,8,0.023731838911771774,
1973,8,0.01634570024907589,
1974,8,0.018531858921051025,
1975,8,0.017087966203689575,
1976,8,0.019152000546455383,
1977,8,0.0180131196975708,
1978,8,0.014927626587450504,
1979,8,0.015939082950353622,
1980,8,0.018606944009661674,
1981,8,0.020356548950076103,
1982,8,0.018643157556653023,
1983,8,0.017506690695881844,
